
*** Running vivado
    with args -log design_1_wrapper.vds -m64 -product Vivado -mode batch -messageDb vivado.pb -notrace -source design_1_wrapper.tcl



****** Vivado v2020.1 (64-bit)
  **** SW Build 2902540 on Wed May 27 19:54:49 MDT 2020
  **** IP Build 2902112 on Wed May 27 22:43:36 MDT 2020
    ** Copyright 1986-2020 Xilinx, Inc. All Rights Reserved.

source design_1_wrapper.tcl -notrace
create_project: Time (s): cpu = 00:00:05 ; elapsed = 00:00:07 . Memory (MB): peak = 1060.824 ; gain = 0.000
INFO: [IP_Flow 19-234] Refreshing IP repositories
INFO: [IP_Flow 19-1704] No user IP repositories specified
INFO: [IP_Flow 19-2313] Loaded Vivado IP repository 'C:/Xilinx/Vivado/2020.1/data/ip'.
INFO: [IP_Flow 19-5107] Inferred bus interface 'm_axis' of definition 'xilinx.com:interface:axis:1.0' (from Xilinx Repository).
INFO: [IP_Flow 19-5107] Inferred bus interface 's_axis' of definition 'xilinx.com:interface:axis:1.0' (from Xilinx Repository).
INFO: [IP_Flow 19-5107] Inferred bus interface 'aresetn' of definition 'xilinx.com:signal:reset:1.0' (from Xilinx Repository).
INFO: [IP_Flow 19-5107] Inferred bus interface 'aclk' of definition 'xilinx.com:signal:clock:1.0' (from Xilinx Repository).
INFO: [IP_Flow 19-4728] Bus Interface 'aresetn': Added interface parameter 'POLARITY' with value 'ACTIVE_LOW'.
INFO: [IP_Flow 19-4728] Bus Interface 'aclk': Added interface parameter 'ASSOCIATED_BUSIF' with value 'm_axis'.
INFO: [IP_Flow 19-4728] Bus Interface 'aclk': Added interface parameter 'ASSOCIATED_RESET' with value 'aresetn'.
INFO: [IP_Flow 19-234] Refreshing IP repositories
INFO: [IP_Flow 19-1704] No user IP repositories specified
add_files: Time (s): cpu = 00:00:04 ; elapsed = 00:00:11 . Memory (MB): peak = 1060.824 ; gain = 0.000
Command: synth_design -top design_1_wrapper -part xc7z020clg484-1
Starting synth_design
Attempting to get a license for feature 'Synthesis' and/or device 'xc7z020'
INFO: [Common 17-349] Got license for feature 'Synthesis' and/or device 'xc7z020'
INFO: [Device 21-403] Loading part xc7z020clg484-1
INFO: [Synth 8-7079] Multithreading enabled for synth_design using a maximum of 2 processes.
INFO: [Synth 8-7078] Launching helper process for spawning children vivado processes
INFO: [Synth 8-7075] Helper process launched with PID 21524
---------------------------------------------------------------------------------
Starting RTL Elaboration : Time (s): cpu = 00:00:17 ; elapsed = 00:00:22 . Memory (MB): peak = 1090.289 ; gain = 29.465
---------------------------------------------------------------------------------
INFO: [Synth 8-6157] synthesizing module 'design_1_wrapper' [C:/projects/NN_copy/NN_copy.srcs/sources_1/bd/design_1/hdl/design_1_wrapper.v:12]
INFO: [Synth 8-6157] synthesizing module 'design_1' [C:/projects/NN_copy/NN_copy.srcs/sources_1/bd/design_1/synth/design_1.v:13]
INFO: [Synth 8-638] synthesizing module 'design_1_axi_dma_0_0' [c:/projects/NN_copy/NN_copy.srcs/sources_1/bd/design_1/ip/design_1_axi_dma_0_0/synth/design_1_axi_dma_0_0.vhd:128]
	Parameter C_S_AXI_LITE_ADDR_WIDTH bound to: 10 - type: integer 
	Parameter C_S_AXI_LITE_DATA_WIDTH bound to: 32 - type: integer 
	Parameter C_DLYTMR_RESOLUTION bound to: 125 - type: integer 
	Parameter C_PRMRY_IS_ACLK_ASYNC bound to: 0 - type: integer 
	Parameter C_ENABLE_MULTI_CHANNEL bound to: 0 - type: integer 
	Parameter C_NUM_MM2S_CHANNELS bound to: 1 - type: integer 
	Parameter C_NUM_S2MM_CHANNELS bound to: 1 - type: integer 
	Parameter C_INCLUDE_SG bound to: 0 - type: integer 
	Parameter C_SG_INCLUDE_STSCNTRL_STRM bound to: 0 - type: integer 
	Parameter C_SG_USE_STSAPP_LENGTH bound to: 0 - type: integer 
	Parameter C_SG_LENGTH_WIDTH bound to: 26 - type: integer 
	Parameter C_M_AXI_SG_ADDR_WIDTH bound to: 32 - type: integer 
	Parameter C_M_AXI_SG_DATA_WIDTH bound to: 32 - type: integer 
	Parameter C_M_AXIS_MM2S_CNTRL_TDATA_WIDTH bound to: 32 - type: integer 
	Parameter C_S_AXIS_S2MM_STS_TDATA_WIDTH bound to: 32 - type: integer 
	Parameter C_MICRO_DMA bound to: 0 - type: integer 
	Parameter C_INCLUDE_MM2S bound to: 1 - type: integer 
	Parameter C_INCLUDE_MM2S_SF bound to: 1 - type: integer 
	Parameter C_MM2S_BURST_SIZE bound to: 16 - type: integer 
	Parameter C_M_AXI_MM2S_ADDR_WIDTH bound to: 32 - type: integer 
	Parameter C_M_AXI_MM2S_DATA_WIDTH bound to: 64 - type: integer 
	Parameter C_M_AXIS_MM2S_TDATA_WIDTH bound to: 64 - type: integer 
	Parameter C_INCLUDE_MM2S_DRE bound to: 0 - type: integer 
	Parameter C_INCLUDE_S2MM bound to: 1 - type: integer 
	Parameter C_INCLUDE_S2MM_SF bound to: 1 - type: integer 
	Parameter C_S2MM_BURST_SIZE bound to: 16 - type: integer 
	Parameter C_M_AXI_S2MM_ADDR_WIDTH bound to: 32 - type: integer 
	Parameter C_M_AXI_S2MM_DATA_WIDTH bound to: 64 - type: integer 
	Parameter C_S_AXIS_S2MM_TDATA_WIDTH bound to: 64 - type: integer 
	Parameter C_INCLUDE_S2MM_DRE bound to: 0 - type: integer 
	Parameter C_INCREASE_THROUGHPUT bound to: 0 - type: integer 
	Parameter C_FAMILY bound to: zynq - type: string 
INFO: [Synth 8-3491] module 'axi_dma' declared at 'c:/projects/NN_copy/NN_copy.srcs/sources_1/bd/design_1/ipshared/0fb1/hdl/axi_dma_v7_1_vh_rfs.vhd:21833' bound to instance 'U0' of component 'axi_dma' [c:/projects/NN_copy/NN_copy.srcs/sources_1/bd/design_1/ip/design_1_axi_dma_0_0/synth/design_1_axi_dma_0_0.vhd:374]
INFO: [Synth 8-638] synthesizing module 'axi_dma' [c:/projects/NN_copy/NN_copy.srcs/sources_1/bd/design_1/ipshared/0fb1/hdl/axi_dma_v7_1_vh_rfs.vhd:22178]
	Parameter C_S_AXI_LITE_ADDR_WIDTH bound to: 10 - type: integer 
	Parameter C_S_AXI_LITE_DATA_WIDTH bound to: 32 - type: integer 
	Parameter C_DLYTMR_RESOLUTION bound to: 125 - type: integer 
	Parameter C_PRMRY_IS_ACLK_ASYNC bound to: 0 - type: integer 
	Parameter C_INCLUDE_SG bound to: 0 - type: integer 
	Parameter C_SG_INCLUDE_STSCNTRL_STRM bound to: 0 - type: integer 
	Parameter C_SG_USE_STSAPP_LENGTH bound to: 0 - type: integer 
	Parameter C_SG_LENGTH_WIDTH bound to: 26 - type: integer 
	Parameter C_M_AXI_SG_ADDR_WIDTH bound to: 32 - type: integer 
	Parameter C_M_AXI_SG_DATA_WIDTH bound to: 32 - type: integer 
	Parameter C_M_AXIS_MM2S_CNTRL_TDATA_WIDTH bound to: 32 - type: integer 
	Parameter C_S_AXIS_S2MM_STS_TDATA_WIDTH bound to: 32 - type: integer 
	Parameter C_INCLUDE_MM2S bound to: 1 - type: integer 
	Parameter C_INCLUDE_MM2S_SF bound to: 1 - type: integer 
	Parameter C_INCLUDE_MM2S_DRE bound to: 0 - type: integer 
	Parameter C_MM2S_BURST_SIZE bound to: 16 - type: integer 
	Parameter C_M_AXI_MM2S_ADDR_WIDTH bound to: 32 - type: integer 
	Parameter C_M_AXI_MM2S_DATA_WIDTH bound to: 64 - type: integer 
	Parameter C_M_AXIS_MM2S_TDATA_WIDTH bound to: 64 - type: integer 
	Parameter C_INCLUDE_S2MM bound to: 1 - type: integer 
	Parameter C_INCLUDE_S2MM_SF bound to: 1 - type: integer 
	Parameter C_INCLUDE_S2MM_DRE bound to: 0 - type: integer 
	Parameter C_S2MM_BURST_SIZE bound to: 16 - type: integer 
	Parameter C_M_AXI_S2MM_ADDR_WIDTH bound to: 32 - type: integer 
	Parameter C_M_AXI_S2MM_DATA_WIDTH bound to: 64 - type: integer 
	Parameter C_S_AXIS_S2MM_TDATA_WIDTH bound to: 64 - type: integer 
	Parameter C_ENABLE_MULTI_CHANNEL bound to: 0 - type: integer 
	Parameter C_NUM_S2MM_CHANNELS bound to: 1 - type: integer 
	Parameter C_NUM_MM2S_CHANNELS bound to: 1 - type: integer 
	Parameter C_FAMILY bound to: zynq - type: string 
	Parameter C_MICRO_DMA bound to: 0 - type: integer 
	Parameter C_INCREASE_THROUGHPUT bound to: 0 - type: integer 
	Parameter C_INSTANCE bound to: axi_dma - type: string 
INFO: [Synth 8-638] synthesizing module 'axi_dma_rst_module' [c:/projects/NN_copy/NN_copy.srcs/sources_1/bd/design_1/ipshared/0fb1/hdl/axi_dma_v7_1_vh_rfs.vhd:1595]
	Parameter C_INCLUDE_MM2S bound to: 1 - type: integer 
	Parameter C_INCLUDE_S2MM bound to: 1 - type: integer 
	Parameter C_INCLUDE_SG bound to: 0 - type: integer 
	Parameter C_SG_INCLUDE_STSCNTRL_STRM bound to: 0 - type: integer 
	Parameter C_PRMRY_IS_ACLK_ASYNC bound to: 0 - type: integer 
	Parameter C_M_AXI_MM2S_ACLK_FREQ_HZ bound to: 100000000 - type: integer 
	Parameter C_M_AXI_S2MM_ACLK_FREQ_HZ bound to: 100000000 - type: integer 
	Parameter C_M_AXI_SG_ACLK_FREQ_HZ bound to: 100000000 - type: integer 
INFO: [Synth 8-638] synthesizing module 'cdc_sync' [c:/projects/NN_copy/NN_copy.srcs/sources_1/bd/design_1/ipshared/ef1e/hdl/lib_cdc_v1_0_rfs.vhd:106]
	Parameter C_CDC_TYPE bound to: 1 - type: integer 
	Parameter C_RESET_STATE bound to: 0 - type: integer 
	Parameter C_SINGLE_BIT bound to: 1 - type: integer 
	Parameter C_FLOP_INPUT bound to: 0 - type: integer 
	Parameter C_VECTOR_WIDTH bound to: 32 - type: integer 
	Parameter C_MTBF_STAGES bound to: 4 - type: integer 
	Parameter INIT bound to: 1'b0 
INFO: [Synth 8-113] binding component instance 'CROSS_PLEVEL_IN2SCNDRY_IN_cdc_to' to cell 'FDR' [c:/projects/NN_copy/NN_copy.srcs/sources_1/bd/design_1/ipshared/ef1e/hdl/lib_cdc_v1_0_rfs.vhd:514]
	Parameter INIT bound to: 1'b0 
INFO: [Synth 8-113] binding component instance 'CROSS_PLEVEL_IN2SCNDRY_s_level_out_d2' to cell 'FDR' [c:/projects/NN_copy/NN_copy.srcs/sources_1/bd/design_1/ipshared/ef1e/hdl/lib_cdc_v1_0_rfs.vhd:545]
	Parameter INIT bound to: 1'b0 
INFO: [Synth 8-113] binding component instance 'CROSS_PLEVEL_IN2SCNDRY_s_level_out_d3' to cell 'FDR' [c:/projects/NN_copy/NN_copy.srcs/sources_1/bd/design_1/ipshared/ef1e/hdl/lib_cdc_v1_0_rfs.vhd:554]
	Parameter INIT bound to: 1'b0 
INFO: [Synth 8-113] binding component instance 'CROSS_PLEVEL_IN2SCNDRY_s_level_out_d4' to cell 'FDR' [c:/projects/NN_copy/NN_copy.srcs/sources_1/bd/design_1/ipshared/ef1e/hdl/lib_cdc_v1_0_rfs.vhd:564]
	Parameter INIT bound to: 1'b0 
INFO: [Synth 8-113] binding component instance 'CROSS_PLEVEL_IN2SCNDRY_s_level_out_d5' to cell 'FDR' [c:/projects/NN_copy/NN_copy.srcs/sources_1/bd/design_1/ipshared/ef1e/hdl/lib_cdc_v1_0_rfs.vhd:574]
	Parameter INIT bound to: 1'b0 
INFO: [Synth 8-113] binding component instance 'CROSS_PLEVEL_IN2SCNDRY_s_level_out_d6' to cell 'FDR' [c:/projects/NN_copy/NN_copy.srcs/sources_1/bd/design_1/ipshared/ef1e/hdl/lib_cdc_v1_0_rfs.vhd:584]
INFO: [Synth 8-256] done synthesizing module 'cdc_sync' (1#1) [c:/projects/NN_copy/NN_copy.srcs/sources_1/bd/design_1/ipshared/ef1e/hdl/lib_cdc_v1_0_rfs.vhd:106]
INFO: [Synth 8-638] synthesizing module 'axi_dma_reset' [c:/projects/NN_copy/NN_copy.srcs/sources_1/bd/design_1/ipshared/0fb1/hdl/axi_dma_v7_1_vh_rfs.vhd:603]
	Parameter C_INCLUDE_SG bound to: 0 - type: integer 
	Parameter C_SG_INCLUDE_STSCNTRL_STRM bound to: 0 - type: integer 
	Parameter C_PRMRY_IS_ACLK_ASYNC bound to: 0 - type: integer 
	Parameter C_AXI_PRMRY_ACLK_FREQ_HZ bound to: 100000000 - type: integer 
	Parameter C_AXI_SCNDRY_ACLK_FREQ_HZ bound to: 100000000 - type: integer 
INFO: [Synth 8-256] done synthesizing module 'axi_dma_reset' (2#1) [c:/projects/NN_copy/NN_copy.srcs/sources_1/bd/design_1/ipshared/0fb1/hdl/axi_dma_v7_1_vh_rfs.vhd:603]
INFO: [Synth 8-256] done synthesizing module 'axi_dma_rst_module' (3#1) [c:/projects/NN_copy/NN_copy.srcs/sources_1/bd/design_1/ipshared/0fb1/hdl/axi_dma_v7_1_vh_rfs.vhd:1595]
INFO: [Synth 8-638] synthesizing module 'axi_dma_reg_module' [c:/projects/NN_copy/NN_copy.srcs/sources_1/bd/design_1/ipshared/0fb1/hdl/axi_dma_v7_1_vh_rfs.vhd:8436]
	Parameter C_INCLUDE_MM2S bound to: 1 - type: integer 
	Parameter C_INCLUDE_S2MM bound to: 1 - type: integer 
	Parameter C_INCLUDE_SG bound to: 0 - type: integer 
	Parameter C_SG_LENGTH_WIDTH bound to: 26 - type: integer 
	Parameter C_AXI_LITE_IS_ASYNC bound to: 0 - type: integer 
	Parameter C_S_AXI_LITE_ADDR_WIDTH bound to: 10 - type: integer 
	Parameter C_S_AXI_LITE_DATA_WIDTH bound to: 32 - type: integer 
	Parameter C_M_AXI_SG_ADDR_WIDTH bound to: 32 - type: integer 
	Parameter C_M_AXI_MM2S_ADDR_WIDTH bound to: 32 - type: integer 
	Parameter C_M_AXI_S2MM_ADDR_WIDTH bound to: 32 - type: integer 
	Parameter C_NUM_S2MM_CHANNELS bound to: 1 - type: integer 
	Parameter C_MICRO_DMA bound to: 0 - type: integer 
	Parameter C_ENABLE_MULTI_CHANNEL bound to: 0 - type: integer 
INFO: [Synth 8-638] synthesizing module 'axi_dma_lite_if' [c:/projects/NN_copy/NN_copy.srcs/sources_1/bd/design_1/ipshared/0fb1/hdl/axi_dma_v7_1_vh_rfs.vhd:2066]
	Parameter C_NUM_CE bound to: 23 - type: integer 
	Parameter C_AXI_LITE_IS_ASYNC bound to: 0 - type: integer 
	Parameter C_S_AXI_LITE_ADDR_WIDTH bound to: 10 - type: integer 
	Parameter C_S_AXI_LITE_DATA_WIDTH bound to: 32 - type: integer 
INFO: [Synth 8-256] done synthesizing module 'axi_dma_lite_if' (4#1) [c:/projects/NN_copy/NN_copy.srcs/sources_1/bd/design_1/ipshared/0fb1/hdl/axi_dma_v7_1_vh_rfs.vhd:2066]
INFO: [Synth 8-638] synthesizing module 'axi_dma_register' [c:/projects/NN_copy/NN_copy.srcs/sources_1/bd/design_1/ipshared/0fb1/hdl/axi_dma_v7_1_vh_rfs.vhd:3607]
	Parameter C_NUM_REGISTERS bound to: 12 - type: integer 
	Parameter C_INCLUDE_SG bound to: 0 - type: integer 
	Parameter C_SG_LENGTH_WIDTH bound to: 26 - type: integer 
	Parameter C_S_AXI_LITE_DATA_WIDTH bound to: 32 - type: integer 
	Parameter C_M_AXI_SG_ADDR_WIDTH bound to: 32 - type: integer 
	Parameter C_MICRO_DMA bound to: 0 - type: integer 
	Parameter C_ENABLE_MULTI_CHANNEL bound to: 0 - type: integer 
INFO: [Synth 8-256] done synthesizing module 'axi_dma_register' (5#1) [c:/projects/NN_copy/NN_copy.srcs/sources_1/bd/design_1/ipshared/0fb1/hdl/axi_dma_v7_1_vh_rfs.vhd:3607]
INFO: [Synth 8-638] synthesizing module 'axi_dma_register_s2mm' [c:/projects/NN_copy/NN_copy.srcs/sources_1/bd/design_1/ipshared/0fb1/hdl/axi_dma_v7_1_vh_rfs.vhd:4853]
	Parameter C_NUM_REGISTERS bound to: 12 - type: integer 
	Parameter C_INCLUDE_SG bound to: 0 - type: integer 
	Parameter C_SG_LENGTH_WIDTH bound to: 26 - type: integer 
	Parameter C_S_AXI_LITE_DATA_WIDTH bound to: 32 - type: integer 
	Parameter C_M_AXI_SG_ADDR_WIDTH bound to: 32 - type: integer 
	Parameter C_NUM_S2MM_CHANNELS bound to: 1 - type: integer 
	Parameter C_MICRO_DMA bound to: 0 - type: integer 
	Parameter C_ENABLE_MULTI_CHANNEL bound to: 0 - type: integer 
INFO: [Synth 8-256] done synthesizing module 'axi_dma_register_s2mm' (6#1) [c:/projects/NN_copy/NN_copy.srcs/sources_1/bd/design_1/ipshared/0fb1/hdl/axi_dma_v7_1_vh_rfs.vhd:4853]
INFO: [Synth 8-256] done synthesizing module 'axi_dma_reg_module' (7#1) [c:/projects/NN_copy/NN_copy.srcs/sources_1/bd/design_1/ipshared/0fb1/hdl/axi_dma_v7_1_vh_rfs.vhd:8436]
INFO: [Synth 8-638] synthesizing module 'axi_dma_mm2s_mngr' [c:/projects/NN_copy/NN_copy.srcs/sources_1/bd/design_1/ipshared/0fb1/hdl/axi_dma_v7_1_vh_rfs.vhd:15178]
	Parameter C_PRMRY_IS_ACLK_ASYNC bound to: 0 - type: integer 
	Parameter C_PRMY_CMDFIFO_DEPTH bound to: 4 - type: integer 
	Parameter C_INCLUDE_SG bound to: 0 - type: integer 
	Parameter C_EXTRA bound to: 1 - type: integer 
	Parameter C_SG_INCLUDE_STSCNTRL_STRM bound to: 0 - type: integer 
	Parameter C_SG_INCLUDE_DESC_QUEUE bound to: 1 - type: integer 
	Parameter C_SG_LENGTH_WIDTH bound to: 26 - type: integer 
	Parameter C_M_AXI_SG_ADDR_WIDTH bound to: 32 - type: integer 
	Parameter C_M_AXIS_SG_TDATA_WIDTH bound to: 32 - type: integer 
	Parameter C_S_AXIS_UPDPTR_TDATA_WIDTH bound to: 32 - type: integer 
	Parameter C_S_AXIS_UPDSTS_TDATA_WIDTH bound to: 33 - type: integer 
	Parameter C_M_AXIS_MM2S_CNTRL_TDATA_WIDTH bound to: 32 - type: integer 
	Parameter C_INCLUDE_MM2S bound to: 1 - type: integer 
	Parameter C_M_AXI_MM2S_ADDR_WIDTH bound to: 32 - type: integer 
	Parameter C_ENABLE_MULTI_CHANNEL bound to: 0 - type: integer 
	Parameter C_MICRO_DMA bound to: 0 - type: integer 
	Parameter C_FAMILY bound to: zynq - type: string 
INFO: [Synth 8-638] synthesizing module 'axi_dma_smple_sm' [c:/projects/NN_copy/NN_copy.srcs/sources_1/bd/design_1/ipshared/0fb1/hdl/axi_dma_v7_1_vh_rfs.vhd:11972]
	Parameter C_M_AXI_ADDR_WIDTH bound to: 32 - type: integer 
	Parameter C_SG_LENGTH_WIDTH bound to: 26 - type: integer 
	Parameter C_EXTRA bound to: 1 - type: integer 
	Parameter C_MICRO_DMA bound to: 0 - type: integer 
INFO: [Synth 8-256] done synthesizing module 'axi_dma_smple_sm' (8#1) [c:/projects/NN_copy/NN_copy.srcs/sources_1/bd/design_1/ipshared/0fb1/hdl/axi_dma_v7_1_vh_rfs.vhd:11972]
INFO: [Synth 8-638] synthesizing module 'axi_dma_mm2s_cmdsts_if' [c:/projects/NN_copy/NN_copy.srcs/sources_1/bd/design_1/ipshared/0fb1/hdl/axi_dma_v7_1_vh_rfs.vhd:13960]
	Parameter C_M_AXI_MM2S_ADDR_WIDTH bound to: 32 - type: integer 
	Parameter C_ENABLE_QUEUE bound to: 1 - type: integer 
	Parameter C_EXTRA bound to: 1 - type: integer 
	Parameter C_ENABLE_MULTI_CHANNEL bound to: 0 - type: integer 
INFO: [Synth 8-256] done synthesizing module 'axi_dma_mm2s_cmdsts_if' (9#1) [c:/projects/NN_copy/NN_copy.srcs/sources_1/bd/design_1/ipshared/0fb1/hdl/axi_dma_v7_1_vh_rfs.vhd:13960]
INFO: [Synth 8-638] synthesizing module 'axi_dma_mm2s_sts_mngr' [c:/projects/NN_copy/NN_copy.srcs/sources_1/bd/design_1/ipshared/0fb1/hdl/axi_dma_v7_1_vh_rfs.vhd:14275]
	Parameter C_PRMRY_IS_ACLK_ASYNC bound to: 0 - type: integer 
INFO: [Synth 8-256] done synthesizing module 'axi_dma_mm2s_sts_mngr' (10#1) [c:/projects/NN_copy/NN_copy.srcs/sources_1/bd/design_1/ipshared/0fb1/hdl/axi_dma_v7_1_vh_rfs.vhd:14275]
INFO: [Synth 8-256] done synthesizing module 'axi_dma_mm2s_mngr' (11#1) [c:/projects/NN_copy/NN_copy.srcs/sources_1/bd/design_1/ipshared/0fb1/hdl/axi_dma_v7_1_vh_rfs.vhd:15178]
INFO: [Synth 8-638] synthesizing module 'axi_dma_sofeof_gen' [c:/projects/NN_copy/NN_copy.srcs/sources_1/bd/design_1/ipshared/0fb1/hdl/axi_dma_v7_1_vh_rfs.vhd:11441]
	Parameter C_PRMRY_IS_ACLK_ASYNC bound to: 0 - type: integer 
INFO: [Synth 8-256] done synthesizing module 'axi_dma_sofeof_gen' (12#1) [c:/projects/NN_copy/NN_copy.srcs/sources_1/bd/design_1/ipshared/0fb1/hdl/axi_dma_v7_1_vh_rfs.vhd:11441]
INFO: [Synth 8-638] synthesizing module 'axi_dma_s2mm_mngr' [c:/projects/NN_copy/NN_copy.srcs/sources_1/bd/design_1/ipshared/0fb1/hdl/axi_dma_v7_1_vh_rfs.vhd:20564]
	Parameter C_PRMRY_IS_ACLK_ASYNC bound to: 0 - type: integer 
	Parameter C_PRMY_CMDFIFO_DEPTH bound to: 4 - type: integer 
	Parameter C_DM_STATUS_WIDTH bound to: 35 - type: integer 
	Parameter C_INCLUDE_SG bound to: 0 - type: integer 
	Parameter C_EXTRA bound to: 1 - type: integer 
	Parameter C_SG_INCLUDE_STSCNTRL_STRM bound to: 0 - type: integer 
	Parameter C_SG_INCLUDE_DESC_QUEUE bound to: 1 - type: integer 
	Parameter C_SG_USE_STSAPP_LENGTH bound to: 0 - type: integer 
	Parameter C_SG_LENGTH_WIDTH bound to: 26 - type: integer 
	Parameter C_M_AXI_SG_ADDR_WIDTH bound to: 32 - type: integer 
	Parameter C_M_AXIS_SG_TDATA_WIDTH bound to: 32 - type: integer 
	Parameter C_S_AXIS_UPDPTR_TDATA_WIDTH bound to: 32 - type: integer 
	Parameter C_S_AXIS_UPDSTS_TDATA_WIDTH bound to: 33 - type: integer 
	Parameter C_S_AXIS_S2MM_STS_TDATA_WIDTH bound to: 32 - type: integer 
	Parameter C_INCLUDE_S2MM bound to: 1 - type: integer 
	Parameter C_M_AXI_S2MM_ADDR_WIDTH bound to: 32 - type: integer 
	Parameter C_NUM_S2MM_CHANNELS bound to: 1 - type: integer 
	Parameter C_ENABLE_MULTI_CHANNEL bound to: 0 - type: integer 
	Parameter C_MICRO_DMA bound to: 0 - type: integer 
	Parameter C_FAMILY bound to: zynq - type: string 
INFO: [Synth 8-638] synthesizing module 'axi_dma_s2mm_cmdsts_if' [c:/projects/NN_copy/NN_copy.srcs/sources_1/bd/design_1/ipshared/0fb1/hdl/axi_dma_v7_1_vh_rfs.vhd:18828]
	Parameter C_M_AXI_S2MM_ADDR_WIDTH bound to: 32 - type: integer 
	Parameter C_DM_STATUS_WIDTH bound to: 35 - type: integer 
	Parameter C_INCLUDE_SG bound to: 0 - type: integer 
	Parameter C_SG_INCLUDE_STSCNTRL_STRM bound to: 0 - type: integer 
	Parameter C_SG_USE_STSAPP_LENGTH bound to: 0 - type: integer 
	Parameter C_SG_LENGTH_WIDTH bound to: 26 - type: integer 
	Parameter C_ENABLE_MULTI_CHANNEL bound to: 0 - type: integer 
	Parameter C_MICRO_DMA bound to: 0 - type: integer 
	Parameter C_EXTRA bound to: 1 - type: integer 
	Parameter C_ENABLE_QUEUE bound to: 1 - type: integer 
INFO: [Synth 8-256] done synthesizing module 'axi_dma_s2mm_cmdsts_if' (13#1) [c:/projects/NN_copy/NN_copy.srcs/sources_1/bd/design_1/ipshared/0fb1/hdl/axi_dma_v7_1_vh_rfs.vhd:18828]
INFO: [Synth 8-638] synthesizing module 'axi_dma_s2mm_sts_mngr' [c:/projects/NN_copy/NN_copy.srcs/sources_1/bd/design_1/ipshared/0fb1/hdl/axi_dma_v7_1_vh_rfs.vhd:19258]
	Parameter C_PRMRY_IS_ACLK_ASYNC bound to: 0 - type: integer 
INFO: [Synth 8-256] done synthesizing module 'axi_dma_s2mm_sts_mngr' (14#1) [c:/projects/NN_copy/NN_copy.srcs/sources_1/bd/design_1/ipshared/0fb1/hdl/axi_dma_v7_1_vh_rfs.vhd:19258]
INFO: [Synth 8-256] done synthesizing module 'axi_dma_s2mm_mngr' (15#1) [c:/projects/NN_copy/NN_copy.srcs/sources_1/bd/design_1/ipshared/0fb1/hdl/axi_dma_v7_1_vh_rfs.vhd:20564]
INFO: [Synth 8-638] synthesizing module 'axi_datamover' [c:/projects/NN_copy/NN_copy.srcs/sources_1/bd/design_1/ipshared/af86/hdl/axi_datamover_v5_1_vh_rfs.vhd:55436]
	Parameter C_INCLUDE_MM2S bound to: 1 - type: integer 
	Parameter C_M_AXI_MM2S_ARID bound to: 0 - type: integer 
	Parameter C_M_AXI_MM2S_ID_WIDTH bound to: 4 - type: integer 
	Parameter C_M_AXI_MM2S_ADDR_WIDTH bound to: 32 - type: integer 
	Parameter C_M_AXI_MM2S_DATA_WIDTH bound to: 64 - type: integer 
	Parameter C_M_AXIS_MM2S_TDATA_WIDTH bound to: 64 - type: integer 
	Parameter C_INCLUDE_MM2S_STSFIFO bound to: 1 - type: integer 
	Parameter C_MM2S_STSCMD_FIFO_DEPTH bound to: 1 - type: integer 
	Parameter C_MM2S_STSCMD_IS_ASYNC bound to: 0 - type: integer 
	Parameter C_INCLUDE_MM2S_DRE bound to: 0 - type: integer 
	Parameter C_MM2S_BURST_SIZE bound to: 16 - type: integer 
	Parameter C_MM2S_BTT_USED bound to: 26 - type: integer 
	Parameter C_MM2S_ADDR_PIPE_DEPTH bound to: 4 - type: integer 
	Parameter C_MM2S_INCLUDE_SF bound to: 1 - type: integer 
	Parameter C_INCLUDE_S2MM bound to: 1 - type: integer 
	Parameter C_M_AXI_S2MM_AWID bound to: 1 - type: integer 
	Parameter C_M_AXI_S2MM_ID_WIDTH bound to: 4 - type: integer 
	Parameter C_M_AXI_S2MM_ADDR_WIDTH bound to: 32 - type: integer 
	Parameter C_M_AXI_S2MM_DATA_WIDTH bound to: 64 - type: integer 
	Parameter C_S_AXIS_S2MM_TDATA_WIDTH bound to: 64 - type: integer 
	Parameter C_INCLUDE_S2MM_STSFIFO bound to: 1 - type: integer 
	Parameter C_S2MM_STSCMD_FIFO_DEPTH bound to: 1 - type: integer 
	Parameter C_S2MM_STSCMD_IS_ASYNC bound to: 0 - type: integer 
	Parameter C_INCLUDE_S2MM_DRE bound to: 0 - type: integer 
	Parameter C_S2MM_BURST_SIZE bound to: 16 - type: integer 
	Parameter C_S2MM_BTT_USED bound to: 26 - type: integer 
	Parameter C_S2MM_SUPPORT_INDET_BTT bound to: 1 - type: integer 
	Parameter C_S2MM_ADDR_PIPE_DEPTH bound to: 4 - type: integer 
	Parameter C_S2MM_INCLUDE_SF bound to: 1 - type: integer 
	Parameter C_ENABLE_CACHE_USER bound to: 0 - type: integer 
	Parameter C_ENABLE_SKID_BUF bound to: 11111 - type: string 
	Parameter C_ENABLE_MM2S_TKEEP bound to: 1 - type: integer 
	Parameter C_ENABLE_S2MM_TKEEP bound to: 1 - type: integer 
	Parameter C_ENABLE_S2MM_ADV_SIG bound to: 0 - type: integer 
	Parameter C_ENABLE_MM2S_ADV_SIG bound to: 0 - type: integer 
	Parameter C_MICRO_DMA bound to: 0 - type: integer 
	Parameter C_CMD_WIDTH bound to: 72 - type: integer 
	Parameter C_MCDMA bound to: 1 - type: integer 
	Parameter C_FAMILY bound to: zynq - type: string 
INFO: [Synth 8-638] synthesizing module 'axi_datamover_mm2s_full_wrap' [c:/projects/NN_copy/NN_copy.srcs/sources_1/bd/design_1/ipshared/af86/hdl/axi_datamover_v5_1_vh_rfs.vhd:53572]
	Parameter C_INCLUDE_MM2S bound to: 1 - type: integer 
	Parameter C_MM2S_ARID bound to: 0 - type: integer 
	Parameter C_MM2S_ID_WIDTH bound to: 4 - type: integer 
	Parameter C_MM2S_ADDR_WIDTH bound to: 32 - type: integer 
	Parameter C_MM2S_MDATA_WIDTH bound to: 64 - type: integer 
	Parameter C_MM2S_SDATA_WIDTH bound to: 64 - type: integer 
	Parameter C_INCLUDE_MM2S_STSFIFO bound to: 1 - type: integer 
	Parameter C_MM2S_STSCMD_FIFO_DEPTH bound to: 1 - type: integer 
	Parameter C_MM2S_STSCMD_IS_ASYNC bound to: 0 - type: integer 
	Parameter C_INCLUDE_MM2S_DRE bound to: 0 - type: integer 
	Parameter C_MM2S_BURST_SIZE bound to: 16 - type: integer 
	Parameter C_MM2S_BTT_USED bound to: 26 - type: integer 
	Parameter C_MM2S_ADDR_PIPE_DEPTH bound to: 4 - type: integer 
	Parameter C_TAG_WIDTH bound to: 4 - type: integer 
	Parameter C_INCLUDE_MM2S_GP_SF bound to: 1 - type: integer 
	Parameter C_ENABLE_CACHE_USER bound to: 0 - type: integer 
	Parameter C_ENABLE_MM2S_TKEEP bound to: 1 - type: integer 
	Parameter C_ENABLE_SKID_BUF bound to: 11111 - type: string 
	Parameter C_MCDMA bound to: 1 - type: integer 
	Parameter C_FAMILY bound to: zynq - type: string 
INFO: [Synth 8-638] synthesizing module 'axi_datamover_reset' [c:/projects/NN_copy/NN_copy.srcs/sources_1/bd/design_1/ipshared/af86/hdl/axi_datamover_v5_1_vh_rfs.vhd:153]
	Parameter C_STSCMD_IS_ASYNC bound to: 0 - type: integer 
INFO: [Synth 8-256] done synthesizing module 'axi_datamover_reset' (16#1) [c:/projects/NN_copy/NN_copy.srcs/sources_1/bd/design_1/ipshared/af86/hdl/axi_datamover_v5_1_vh_rfs.vhd:153]
INFO: [Synth 8-638] synthesizing module 'axi_datamover_cmd_status' [c:/projects/NN_copy/NN_copy.srcs/sources_1/bd/design_1/ipshared/af86/hdl/axi_datamover_v5_1_vh_rfs.vhd:2698]
	Parameter C_ADDR_WIDTH bound to: 32 - type: integer 
	Parameter C_INCLUDE_STSFIFO bound to: 1 - type: integer 
	Parameter C_STSCMD_FIFO_DEPTH bound to: 1 - type: integer 
	Parameter C_STSCMD_IS_ASYNC bound to: 0 - type: integer 
	Parameter C_CMD_WIDTH bound to: 71 - type: integer 
	Parameter C_STS_WIDTH bound to: 8 - type: integer 
	Parameter C_ENABLE_CACHE_USER bound to: 0 - type: integer 
	Parameter C_FAMILY bound to: zynq - type: string 
INFO: [Synth 8-638] synthesizing module 'axi_datamover_fifo' [c:/projects/NN_copy/NN_copy.srcs/sources_1/bd/design_1/ipshared/af86/hdl/axi_datamover_v5_1_vh_rfs.vhd:1886]
	Parameter C_DWIDTH bound to: 71 - type: integer 
	Parameter C_DEPTH bound to: 1 - type: integer 
	Parameter C_IS_ASYNC bound to: 0 - type: integer 
	Parameter C_PRIM_TYPE bound to: 2 - type: integer 
	Parameter C_FAMILY bound to: zynq - type: string 
INFO: [Synth 8-256] done synthesizing module 'axi_datamover_fifo' (17#1) [c:/projects/NN_copy/NN_copy.srcs/sources_1/bd/design_1/ipshared/af86/hdl/axi_datamover_v5_1_vh_rfs.vhd:1886]
INFO: [Synth 8-638] synthesizing module 'axi_datamover_fifo__parameterized0' [c:/projects/NN_copy/NN_copy.srcs/sources_1/bd/design_1/ipshared/af86/hdl/axi_datamover_v5_1_vh_rfs.vhd:1886]
	Parameter C_DWIDTH bound to: 8 - type: integer 
	Parameter C_DEPTH bound to: 1 - type: integer 
	Parameter C_IS_ASYNC bound to: 0 - type: integer 
	Parameter C_PRIM_TYPE bound to: 2 - type: integer 
	Parameter C_FAMILY bound to: zynq - type: string 
INFO: [Synth 8-256] done synthesizing module 'axi_datamover_fifo__parameterized0' (17#1) [c:/projects/NN_copy/NN_copy.srcs/sources_1/bd/design_1/ipshared/af86/hdl/axi_datamover_v5_1_vh_rfs.vhd:1886]
INFO: [Synth 8-256] done synthesizing module 'axi_datamover_cmd_status' (18#1) [c:/projects/NN_copy/NN_copy.srcs/sources_1/bd/design_1/ipshared/af86/hdl/axi_datamover_v5_1_vh_rfs.vhd:2698]
INFO: [Synth 8-638] synthesizing module 'axi_datamover_rd_status_cntl' [c:/projects/NN_copy/NN_copy.srcs/sources_1/bd/design_1/ipshared/af86/hdl/axi_datamover_v5_1_vh_rfs.vhd:13746]
	Parameter C_STS_WIDTH bound to: 8 - type: integer 
	Parameter C_TAG_WIDTH bound to: 4 - type: integer 
INFO: [Synth 8-256] done synthesizing module 'axi_datamover_rd_status_cntl' (19#1) [c:/projects/NN_copy/NN_copy.srcs/sources_1/bd/design_1/ipshared/af86/hdl/axi_datamover_v5_1_vh_rfs.vhd:13746]
INFO: [Synth 8-638] synthesizing module 'axi_datamover_pcc' [c:/projects/NN_copy/NN_copy.srcs/sources_1/bd/design_1/ipshared/af86/hdl/axi_datamover_v5_1_vh_rfs.vhd:7416]
	Parameter C_IS_MM2S bound to: 1 - type: integer 
	Parameter C_DRE_ALIGN_WIDTH bound to: 1 - type: integer 
	Parameter C_SEL_ADDR_WIDTH bound to: 3 - type: integer 
	Parameter C_ADDR_WIDTH bound to: 32 - type: integer 
	Parameter C_STREAM_DWIDTH bound to: 64 - type: integer 
	Parameter C_MAX_BURST_LEN bound to: 16 - type: integer 
	Parameter C_CMD_WIDTH bound to: 71 - type: integer 
	Parameter C_TAG_WIDTH bound to: 4 - type: integer 
	Parameter C_BTT_USED bound to: 26 - type: integer 
	Parameter C_SUPPORT_INDET_BTT bound to: 0 - type: integer 
	Parameter C_NATIVE_XFER_WIDTH bound to: 64 - type: integer 
	Parameter C_STRT_SF_OFFSET_WIDTH bound to: 1 - type: integer 
	Parameter C_MCDMA bound to: 1 - type: integer 
INFO: [Synth 8-638] synthesizing module 'axi_datamover_strb_gen2' [c:/projects/NN_copy/NN_copy.srcs/sources_1/bd/design_1/ipshared/af86/hdl/axi_datamover_v5_1_vh_rfs.vhd:4342]
	Parameter C_OP_MODE bound to: 0 - type: integer 
	Parameter C_STRB_WIDTH bound to: 8 - type: integer 
	Parameter C_OFFSET_WIDTH bound to: 3 - type: integer 
	Parameter C_NUM_BYTES_WIDTH bound to: 4 - type: integer 
INFO: [Synth 8-256] done synthesizing module 'axi_datamover_strb_gen2' (20#1) [c:/projects/NN_copy/NN_copy.srcs/sources_1/bd/design_1/ipshared/af86/hdl/axi_datamover_v5_1_vh_rfs.vhd:4342]
INFO: [Synth 8-638] synthesizing module 'axi_datamover_strb_gen2__parameterized0' [c:/projects/NN_copy/NN_copy.srcs/sources_1/bd/design_1/ipshared/af86/hdl/axi_datamover_v5_1_vh_rfs.vhd:4342]
	Parameter C_OP_MODE bound to: 1 - type: integer 
	Parameter C_STRB_WIDTH bound to: 8 - type: integer 
	Parameter C_OFFSET_WIDTH bound to: 3 - type: integer 
	Parameter C_NUM_BYTES_WIDTH bound to: 3 - type: integer 
INFO: [Synth 8-256] done synthesizing module 'axi_datamover_strb_gen2__parameterized0' (20#1) [c:/projects/NN_copy/NN_copy.srcs/sources_1/bd/design_1/ipshared/af86/hdl/axi_datamover_v5_1_vh_rfs.vhd:4342]
INFO: [Synth 8-226] default block is never used [c:/projects/NN_copy/NN_copy.srcs/sources_1/bd/design_1/ipshared/af86/hdl/axi_datamover_v5_1_vh_rfs.vhd:9490]
INFO: [Synth 8-256] done synthesizing module 'axi_datamover_pcc' (21#1) [c:/projects/NN_copy/NN_copy.srcs/sources_1/bd/design_1/ipshared/af86/hdl/axi_datamover_v5_1_vh_rfs.vhd:7416]
INFO: [Synth 8-638] synthesizing module 'axi_datamover_addr_cntl' [c:/projects/NN_copy/NN_copy.srcs/sources_1/bd/design_1/ipshared/af86/hdl/axi_datamover_v5_1_vh_rfs.vhd:10000]
	Parameter C_ADDR_FIFO_DEPTH bound to: 4 - type: integer 
	Parameter C_ADDR_WIDTH bound to: 32 - type: integer 
	Parameter C_ADDR_ID bound to: 0 - type: integer 
	Parameter C_ADDR_ID_WIDTH bound to: 4 - type: integer 
	Parameter C_TAG_WIDTH bound to: 4 - type: integer 
	Parameter C_FAMILY bound to: zynq - type: string 
INFO: [Synth 8-638] synthesizing module 'axi_datamover_fifo__parameterized1' [c:/projects/NN_copy/NN_copy.srcs/sources_1/bd/design_1/ipshared/af86/hdl/axi_datamover_v5_1_vh_rfs.vhd:1886]
	Parameter C_DWIDTH bound to: 59 - type: integer 
	Parameter C_DEPTH bound to: 4 - type: integer 
	Parameter C_IS_ASYNC bound to: 0 - type: integer 
	Parameter C_PRIM_TYPE bound to: 2 - type: integer 
	Parameter C_FAMILY bound to: zynq - type: string 
INFO: [Synth 8-638] synthesizing module 'srl_fifo_f' [c:/projects/NN_copy/NN_copy.srcs/sources_1/bd/design_1/ipshared/51ce/hdl/lib_srl_fifo_v1_0_rfs.vhd:1000]
	Parameter C_DWIDTH bound to: 59 - type: integer 
	Parameter C_DEPTH bound to: 4 - type: integer 
	Parameter C_FAMILY bound to: zynq - type: string 
INFO: [Synth 8-638] synthesizing module 'srl_fifo_rbu_f' [c:/projects/NN_copy/NN_copy.srcs/sources_1/bd/design_1/ipshared/51ce/hdl/lib_srl_fifo_v1_0_rfs.vhd:697]
	Parameter C_DWIDTH bound to: 59 - type: integer 
	Parameter C_DEPTH bound to: 4 - type: integer 
	Parameter C_FAMILY bound to: zynq - type: string 
INFO: [Synth 8-638] synthesizing module 'cntr_incr_decr_addn_f' [c:/projects/NN_copy/NN_copy.srcs/sources_1/bd/design_1/ipshared/51ce/hdl/lib_srl_fifo_v1_0_rfs.vhd:143]
	Parameter C_SIZE bound to: 3 - type: integer 
	Parameter C_FAMILY bound to: zynq - type: string 
INFO: [Synth 8-256] done synthesizing module 'cntr_incr_decr_addn_f' (22#1) [c:/projects/NN_copy/NN_copy.srcs/sources_1/bd/design_1/ipshared/51ce/hdl/lib_srl_fifo_v1_0_rfs.vhd:143]
INFO: [Synth 8-638] synthesizing module 'dynshreg_f' [c:/projects/NN_copy/NN_copy.srcs/sources_1/bd/design_1/ipshared/51ce/hdl/lib_srl_fifo_v1_0_rfs.vhd:397]
	Parameter C_DEPTH bound to: 4 - type: integer 
	Parameter C_DWIDTH bound to: 59 - type: integer 
	Parameter C_FAMILY bound to: zynq - type: string 
INFO: [Synth 8-256] done synthesizing module 'dynshreg_f' (23#1) [c:/projects/NN_copy/NN_copy.srcs/sources_1/bd/design_1/ipshared/51ce/hdl/lib_srl_fifo_v1_0_rfs.vhd:397]
INFO: [Synth 8-256] done synthesizing module 'srl_fifo_rbu_f' (24#1) [c:/projects/NN_copy/NN_copy.srcs/sources_1/bd/design_1/ipshared/51ce/hdl/lib_srl_fifo_v1_0_rfs.vhd:697]
INFO: [Synth 8-256] done synthesizing module 'srl_fifo_f' (25#1) [c:/projects/NN_copy/NN_copy.srcs/sources_1/bd/design_1/ipshared/51ce/hdl/lib_srl_fifo_v1_0_rfs.vhd:1000]
INFO: [Synth 8-256] done synthesizing module 'axi_datamover_fifo__parameterized1' (25#1) [c:/projects/NN_copy/NN_copy.srcs/sources_1/bd/design_1/ipshared/af86/hdl/axi_datamover_v5_1_vh_rfs.vhd:1886]
INFO: [Synth 8-256] done synthesizing module 'axi_datamover_addr_cntl' (26#1) [c:/projects/NN_copy/NN_copy.srcs/sources_1/bd/design_1/ipshared/af86/hdl/axi_datamover_v5_1_vh_rfs.vhd:10000]
INFO: [Synth 8-638] synthesizing module 'axi_datamover_rddata_cntl' [c:/projects/NN_copy/NN_copy.srcs/sources_1/bd/design_1/ipshared/af86/hdl/axi_datamover_v5_1_vh_rfs.vhd:12185]
	Parameter C_INCLUDE_DRE bound to: 0 - type: integer 
	Parameter C_ALIGN_WIDTH bound to: 1 - type: integer 
	Parameter C_SEL_ADDR_WIDTH bound to: 3 - type: integer 
	Parameter C_DATA_CNTL_FIFO_DEPTH bound to: 4 - type: integer 
	Parameter C_MMAP_DWIDTH bound to: 64 - type: integer 
	Parameter C_STREAM_DWIDTH bound to: 64 - type: integer 
	Parameter C_TAG_WIDTH bound to: 4 - type: integer 
	Parameter C_ENABLE_MM2S_TKEEP bound to: 1 - type: integer 
	Parameter C_FAMILY bound to: zynq - type: string 
INFO: [Synth 8-638] synthesizing module 'axi_datamover_rdmux' [c:/projects/NN_copy/NN_copy.srcs/sources_1/bd/design_1/ipshared/af86/hdl/axi_datamover_v5_1_vh_rfs.vhd:10681]
	Parameter C_SEL_ADDR_WIDTH bound to: 3 - type: integer 
	Parameter C_MMAP_DWIDTH bound to: 64 - type: integer 
	Parameter C_STREAM_DWIDTH bound to: 64 - type: integer 
INFO: [Synth 8-256] done synthesizing module 'axi_datamover_rdmux' (27#1) [c:/projects/NN_copy/NN_copy.srcs/sources_1/bd/design_1/ipshared/af86/hdl/axi_datamover_v5_1_vh_rfs.vhd:10681]
INFO: [Synth 8-638] synthesizing module 'axi_datamover_fifo__parameterized2' [c:/projects/NN_copy/NN_copy.srcs/sources_1/bd/design_1/ipshared/af86/hdl/axi_datamover_v5_1_vh_rfs.vhd:1886]
	Parameter C_DWIDTH bound to: 38 - type: integer 
	Parameter C_DEPTH bound to: 4 - type: integer 
	Parameter C_IS_ASYNC bound to: 0 - type: integer 
	Parameter C_PRIM_TYPE bound to: 2 - type: integer 
	Parameter C_FAMILY bound to: zynq - type: string 
INFO: [Synth 8-638] synthesizing module 'srl_fifo_f__parameterized0' [c:/projects/NN_copy/NN_copy.srcs/sources_1/bd/design_1/ipshared/51ce/hdl/lib_srl_fifo_v1_0_rfs.vhd:1000]
	Parameter C_DWIDTH bound to: 38 - type: integer 
	Parameter C_DEPTH bound to: 4 - type: integer 
	Parameter C_FAMILY bound to: zynq - type: string 
INFO: [Synth 8-638] synthesizing module 'srl_fifo_rbu_f__parameterized0' [c:/projects/NN_copy/NN_copy.srcs/sources_1/bd/design_1/ipshared/51ce/hdl/lib_srl_fifo_v1_0_rfs.vhd:697]
	Parameter C_DWIDTH bound to: 38 - type: integer 
	Parameter C_DEPTH bound to: 4 - type: integer 
	Parameter C_FAMILY bound to: zynq - type: string 
INFO: [Synth 8-638] synthesizing module 'dynshreg_f__parameterized0' [c:/projects/NN_copy/NN_copy.srcs/sources_1/bd/design_1/ipshared/51ce/hdl/lib_srl_fifo_v1_0_rfs.vhd:397]
	Parameter C_DEPTH bound to: 4 - type: integer 
	Parameter C_DWIDTH bound to: 38 - type: integer 
	Parameter C_FAMILY bound to: zynq - type: string 
INFO: [Synth 8-256] done synthesizing module 'dynshreg_f__parameterized0' (27#1) [c:/projects/NN_copy/NN_copy.srcs/sources_1/bd/design_1/ipshared/51ce/hdl/lib_srl_fifo_v1_0_rfs.vhd:397]
INFO: [Synth 8-256] done synthesizing module 'srl_fifo_rbu_f__parameterized0' (27#1) [c:/projects/NN_copy/NN_copy.srcs/sources_1/bd/design_1/ipshared/51ce/hdl/lib_srl_fifo_v1_0_rfs.vhd:697]
INFO: [Synth 8-256] done synthesizing module 'srl_fifo_f__parameterized0' (27#1) [c:/projects/NN_copy/NN_copy.srcs/sources_1/bd/design_1/ipshared/51ce/hdl/lib_srl_fifo_v1_0_rfs.vhd:1000]
INFO: [Synth 8-256] done synthesizing module 'axi_datamover_fifo__parameterized2' (27#1) [c:/projects/NN_copy/NN_copy.srcs/sources_1/bd/design_1/ipshared/af86/hdl/axi_datamover_v5_1_vh_rfs.vhd:1886]
INFO: [Synth 8-256] done synthesizing module 'axi_datamover_rddata_cntl' (28#1) [c:/projects/NN_copy/NN_copy.srcs/sources_1/bd/design_1/ipshared/af86/hdl/axi_datamover_v5_1_vh_rfs.vhd:12185]
INFO: [Synth 8-638] synthesizing module 'axi_datamover_rd_sf' [c:/projects/NN_copy/NN_copy.srcs/sources_1/bd/design_1/ipshared/af86/hdl/axi_datamover_v5_1_vh_rfs.vhd:20208]
	Parameter C_SF_FIFO_DEPTH bound to: 128 - type: integer 
	Parameter C_MAX_BURST_LEN bound to: 16 - type: integer 
	Parameter C_DRE_IS_USED bound to: 0 - type: integer 
	Parameter C_DRE_CNTL_FIFO_DEPTH bound to: 4 - type: integer 
	Parameter C_DRE_ALIGN_WIDTH bound to: 1 - type: integer 
	Parameter C_MMAP_DWIDTH bound to: 64 - type: integer 
	Parameter C_STREAM_DWIDTH bound to: 64 - type: integer 
	Parameter C_STRT_SF_OFFSET_WIDTH bound to: 1 - type: integer 
	Parameter C_ENABLE_MM2S_TKEEP bound to: 1 - type: integer 
	Parameter C_TAG_WIDTH bound to: 4 - type: integer 
	Parameter C_FAMILY bound to: zynq - type: string 
INFO: [Synth 8-638] synthesizing module 'axi_datamover_fifo__parameterized3' [c:/projects/NN_copy/NN_copy.srcs/sources_1/bd/design_1/ipshared/af86/hdl/axi_datamover_v5_1_vh_rfs.vhd:1886]
	Parameter C_DWIDTH bound to: 8 - type: integer 
	Parameter C_DEPTH bound to: 4 - type: integer 
	Parameter C_IS_ASYNC bound to: 0 - type: integer 
	Parameter C_PRIM_TYPE bound to: 2 - type: integer 
	Parameter C_FAMILY bound to: zynq - type: string 
INFO: [Synth 8-638] synthesizing module 'srl_fifo_f__parameterized1' [c:/projects/NN_copy/NN_copy.srcs/sources_1/bd/design_1/ipshared/51ce/hdl/lib_srl_fifo_v1_0_rfs.vhd:1000]
	Parameter C_DWIDTH bound to: 8 - type: integer 
	Parameter C_DEPTH bound to: 4 - type: integer 
	Parameter C_FAMILY bound to: zynq - type: string 
INFO: [Synth 8-638] synthesizing module 'srl_fifo_rbu_f__parameterized1' [c:/projects/NN_copy/NN_copy.srcs/sources_1/bd/design_1/ipshared/51ce/hdl/lib_srl_fifo_v1_0_rfs.vhd:697]
	Parameter C_DWIDTH bound to: 8 - type: integer 
	Parameter C_DEPTH bound to: 4 - type: integer 
	Parameter C_FAMILY bound to: zynq - type: string 
INFO: [Synth 8-638] synthesizing module 'dynshreg_f__parameterized1' [c:/projects/NN_copy/NN_copy.srcs/sources_1/bd/design_1/ipshared/51ce/hdl/lib_srl_fifo_v1_0_rfs.vhd:397]
	Parameter C_DEPTH bound to: 4 - type: integer 
	Parameter C_DWIDTH bound to: 8 - type: integer 
	Parameter C_FAMILY bound to: zynq - type: string 
INFO: [Synth 8-256] done synthesizing module 'dynshreg_f__parameterized1' (28#1) [c:/projects/NN_copy/NN_copy.srcs/sources_1/bd/design_1/ipshared/51ce/hdl/lib_srl_fifo_v1_0_rfs.vhd:397]
INFO: [Synth 8-256] done synthesizing module 'srl_fifo_rbu_f__parameterized1' (28#1) [c:/projects/NN_copy/NN_copy.srcs/sources_1/bd/design_1/ipshared/51ce/hdl/lib_srl_fifo_v1_0_rfs.vhd:697]
INFO: [Synth 8-256] done synthesizing module 'srl_fifo_f__parameterized1' (28#1) [c:/projects/NN_copy/NN_copy.srcs/sources_1/bd/design_1/ipshared/51ce/hdl/lib_srl_fifo_v1_0_rfs.vhd:1000]
INFO: [Synth 8-256] done synthesizing module 'axi_datamover_fifo__parameterized3' (28#1) [c:/projects/NN_copy/NN_copy.srcs/sources_1/bd/design_1/ipshared/af86/hdl/axi_datamover_v5_1_vh_rfs.vhd:1886]
INFO: [Synth 8-638] synthesizing module 'axi_datamover_sfifo_autord' [c:/projects/NN_copy/NN_copy.srcs/sources_1/bd/design_1/ipshared/af86/hdl/axi_datamover_v5_1_vh_rfs.vhd:1295]
	Parameter C_DWIDTH bound to: 75 - type: integer 
	Parameter C_DEPTH bound to: 128 - type: integer 
	Parameter C_DATA_CNT_WIDTH bound to: 8 - type: integer 
	Parameter C_NEED_ALMOST_EMPTY bound to: 0 - type: integer 
	Parameter C_NEED_ALMOST_FULL bound to: 0 - type: integer 
	Parameter C_USE_BLKMEM bound to: 1 - type: integer 
	Parameter C_FAMILY bound to: zynq - type: string 
INFO: [Synth 8-638] synthesizing module 'sync_fifo_fg' [c:/projects/NN_copy/NN_copy.srcs/sources_1/bd/design_1/ipshared/a5cb/hdl/lib_fifo_v1_0_rfs.vhd:2250]
	Parameter C_FAMILY bound to: zynq - type: string 
	Parameter C_DCOUNT_WIDTH bound to: 8 - type: integer 
	Parameter C_ENABLE_RLOCS bound to: 0 - type: integer 
	Parameter C_HAS_DCOUNT bound to: 1 - type: integer 
	Parameter C_HAS_RD_ACK bound to: 1 - type: integer 
	Parameter C_HAS_RD_ERR bound to: 0 - type: integer 
	Parameter C_HAS_WR_ACK bound to: 1 - type: integer 
	Parameter C_HAS_WR_ERR bound to: 0 - type: integer 
	Parameter C_HAS_ALMOST_FULL bound to: 0 - type: integer 
	Parameter C_MEMORY_TYPE bound to: 1 - type: integer 
	Parameter C_PORTS_DIFFER bound to: 0 - type: integer 
	Parameter C_RD_ACK_LOW bound to: 0 - type: integer 
	Parameter C_USE_EMBEDDED_REG bound to: 1 - type: integer 
	Parameter C_READ_DATA_WIDTH bound to: 75 - type: integer 
	Parameter C_READ_DEPTH bound to: 128 - type: integer 
	Parameter C_RD_ERR_LOW bound to: 0 - type: integer 
	Parameter C_WR_ACK_LOW bound to: 0 - type: integer 
	Parameter C_WR_ERR_LOW bound to: 0 - type: integer 
	Parameter C_PRELOAD_REGS bound to: 1 - type: integer 
	Parameter C_PRELOAD_LATENCY bound to: 0 - type: integer 
	Parameter C_WRITE_DATA_WIDTH bound to: 75 - type: integer 
	Parameter C_WRITE_DEPTH bound to: 128 - type: integer 
	Parameter C_SYNCHRONIZER_STAGE bound to: 2 - type: integer 
	Parameter C_XPM_FIFO bound to: 1 - type: integer 
	Parameter FIFO_MEMORY_TYPE bound to: block - type: string 
	Parameter FIFO_WRITE_DEPTH bound to: 128 - type: integer 
	Parameter CASCADE_HEIGHT bound to: 0 - type: integer 
	Parameter WRITE_DATA_WIDTH bound to: 75 - type: integer 
	Parameter READ_MODE bound to: fwft - type: string 
	Parameter FIFO_READ_LATENCY bound to: 0 - type: integer 
	Parameter FULL_RESET_VALUE bound to: 1 - type: integer 
	Parameter USE_ADV_FEATURES bound to: 1F1F - type: string 
	Parameter READ_DATA_WIDTH bound to: 75 - type: integer 
	Parameter WR_DATA_COUNT_WIDTH bound to: 8 - type: integer 
	Parameter PROG_FULL_THRESH bound to: 10 - type: integer 
	Parameter RD_DATA_COUNT_WIDTH bound to: 4 - type: integer 
	Parameter PROG_EMPTY_THRESH bound to: 10 - type: integer 
	Parameter DOUT_RESET_VALUE bound to: 0 - type: string 
	Parameter ECC_MODE bound to: no_ecc - type: string 
	Parameter SIM_ASSERT_CHK bound to: 0 - type: integer 
	Parameter WAKEUP_TIME bound to: 0 - type: integer 
INFO: [Synth 8-3491] module 'xpm_fifo_sync' declared at 'C:/Xilinx/Vivado/2020.1/data/ip/xpm/xpm_fifo/hdl/xpm_fifo.sv:1843' bound to instance 'xpm_fifo_sync_inst' of component 'xpm_fifo_sync' [c:/projects/NN_copy/NN_copy.srcs/sources_1/bd/design_1/ipshared/a5cb/hdl/lib_fifo_v1_0_rfs.vhd:2627]
INFO: [Synth 8-6157] synthesizing module 'xpm_fifo_sync' [C:/Xilinx/Vivado/2020.1/data/ip/xpm/xpm_fifo/hdl/xpm_fifo.sv:1843]
	Parameter FIFO_MEMORY_TYPE bound to: block - type: string 
	Parameter ECC_MODE bound to: no_ecc - type: string 
	Parameter SIM_ASSERT_CHK bound to: 0 - type: integer 
	Parameter CASCADE_HEIGHT bound to: 0 - type: integer 
	Parameter FIFO_WRITE_DEPTH bound to: 128 - type: integer 
	Parameter WRITE_DATA_WIDTH bound to: 75 - type: integer 
	Parameter WR_DATA_COUNT_WIDTH bound to: 8 - type: integer 
	Parameter PROG_FULL_THRESH bound to: 10 - type: integer 
	Parameter FULL_RESET_VALUE bound to: 1 - type: integer 
	Parameter USE_ADV_FEATURES bound to: 1F1F - type: string 
	Parameter READ_MODE bound to: fwft - type: string 
	Parameter FIFO_READ_LATENCY bound to: 0 - type: integer 
	Parameter READ_DATA_WIDTH bound to: 75 - type: integer 
	Parameter RD_DATA_COUNT_WIDTH bound to: 4 - type: integer 
	Parameter PROG_EMPTY_THRESH bound to: 10 - type: integer 
	Parameter DOUT_RESET_VALUE bound to: 0 - type: string 
	Parameter WAKEUP_TIME bound to: 0 - type: integer 
	Parameter EN_ADV_FEATURE_SYNC bound to: 16'b0001111100011111 
	Parameter P_FIFO_MEMORY_TYPE bound to: 2 - type: integer 
	Parameter P_COMMON_CLOCK bound to: 1 - type: integer 
	Parameter P_ECC_MODE bound to: 0 - type: integer 
	Parameter P_READ_MODE bound to: 1 - type: integer 
	Parameter P_WAKEUP_TIME bound to: 2 - type: integer 
INFO: [Synth 8-6157] synthesizing module 'xpm_fifo_base' [C:/Xilinx/Vivado/2020.1/data/ip/xpm/xpm_fifo/hdl/xpm_fifo.sv:56]
	Parameter COMMON_CLOCK bound to: 1 - type: integer 
	Parameter RELATED_CLOCKS bound to: 0 - type: integer 
	Parameter FIFO_MEMORY_TYPE bound to: 2 - type: integer 
	Parameter ECC_MODE bound to: 0 - type: integer 
	Parameter SIM_ASSERT_CHK bound to: 0 - type: integer 
	Parameter CASCADE_HEIGHT bound to: 0 - type: integer 
	Parameter FIFO_WRITE_DEPTH bound to: 128 - type: integer 
	Parameter WRITE_DATA_WIDTH bound to: 75 - type: integer 
	Parameter WR_DATA_COUNT_WIDTH bound to: 8 - type: integer 
	Parameter PROG_FULL_THRESH bound to: 10 - type: integer 
	Parameter USE_ADV_FEATURES bound to: 1F1F - type: string 
	Parameter READ_MODE bound to: 1 - type: integer 
	Parameter FIFO_READ_LATENCY bound to: 0 - type: integer 
	Parameter READ_DATA_WIDTH bound to: 75 - type: integer 
	Parameter RD_DATA_COUNT_WIDTH bound to: 4 - type: integer 
	Parameter PROG_EMPTY_THRESH bound to: 10 - type: integer 
	Parameter DOUT_RESET_VALUE bound to: 0 - type: string 
	Parameter CDC_DEST_SYNC_FF bound to: 2 - type: integer 
	Parameter FULL_RESET_VALUE bound to: 1 - type: integer 
	Parameter REMOVE_WR_RD_PROT_LOGIC bound to: 0 - type: integer 
	Parameter WAKEUP_TIME bound to: 0 - type: integer 
	Parameter VERSION bound to: 0 - type: integer 
	Parameter invalid bound to: 0 - type: integer 
	Parameter stage1_valid bound to: 2 - type: integer 
	Parameter stage2_valid bound to: 1 - type: integer 
	Parameter both_stages_valid bound to: 3 - type: integer 
	Parameter FIFO_MEM_TYPE bound to: 2 - type: integer 
	Parameter RD_MODE bound to: 1 - type: integer 
	Parameter ENABLE_ECC bound to: 0 - type: integer 
	Parameter FIFO_READ_DEPTH bound to: 128 - type: integer 
	Parameter FIFO_SIZE bound to: 9600 - type: integer 
	Parameter WR_WIDTH_LOG bound to: 7 - type: integer 
	Parameter WR_DEPTH_LOG bound to: 7 - type: integer 
	Parameter WR_PNTR_WIDTH bound to: 7 - type: integer 
	Parameter RD_PNTR_WIDTH bound to: 7 - type: integer 
	Parameter FULL_RST_VAL bound to: 1'b1 
	Parameter WR_RD_RATIO bound to: 0 - type: integer 
	Parameter PF_THRESH_ADJ bound to: 8 - type: integer 
	Parameter PE_THRESH_ADJ bound to: 8 - type: integer 
	Parameter PF_THRESH_MIN bound to: 5 - type: integer 
	Parameter PF_THRESH_MAX bound to: 123 - type: integer 
	Parameter PE_THRESH_MIN bound to: 5 - type: integer 
	Parameter PE_THRESH_MAX bound to: 123 - type: integer 
	Parameter WR_DC_WIDTH_EXT bound to: 8 - type: integer 
	Parameter RD_DC_WIDTH_EXT bound to: 8 - type: integer 
	Parameter RD_LATENCY bound to: 2 - type: integer 
	Parameter WIDTH_RATIO bound to: 1 - type: integer 
	Parameter EN_ADV_FEATURE bound to: 16'b0001111100011111 
	Parameter EN_OF bound to: 1'b1 
	Parameter EN_PF bound to: 1'b1 
	Parameter EN_WDC bound to: 1'b1 
	Parameter EN_AF bound to: 1'b1 
	Parameter EN_WACK bound to: 1'b1 
	Parameter FG_EQ_ASYM_DOUT bound to: 1'b0 
	Parameter EN_UF bound to: 1'b1 
	Parameter EN_PE bound to: 1'b1 
	Parameter EN_RDC bound to: 1'b1 
	Parameter EN_AE bound to: 1'b1 
	Parameter EN_DVLD bound to: 1'b1 
INFO: [Synth 8-6157] synthesizing module 'xpm_counter_updn' [C:/Xilinx/Vivado/2020.1/data/ip/xpm/xpm_fifo/hdl/xpm_fifo.sv:1750]
	Parameter COUNTER_WIDTH bound to: 7 - type: integer 
	Parameter RESET_VALUE bound to: 3 - type: integer 
INFO: [Synth 8-6155] done synthesizing module 'xpm_counter_updn' (29#1) [C:/Xilinx/Vivado/2020.1/data/ip/xpm/xpm_fifo/hdl/xpm_fifo.sv:1750]
INFO: [Synth 8-6157] synthesizing module 'xpm_counter_updn__parameterized0' [C:/Xilinx/Vivado/2020.1/data/ip/xpm/xpm_fifo/hdl/xpm_fifo.sv:1750]
	Parameter COUNTER_WIDTH bound to: 7 - type: integer 
	Parameter RESET_VALUE bound to: 2 - type: integer 
INFO: [Synth 8-6155] done synthesizing module 'xpm_counter_updn__parameterized0' (29#1) [C:/Xilinx/Vivado/2020.1/data/ip/xpm/xpm_fifo/hdl/xpm_fifo.sv:1750]
INFO: [Synth 8-6157] synthesizing module 'xpm_memory_base' [C:/Xilinx/Vivado/2020.1/data/ip/xpm/xpm_memory/hdl/xpm_memory.sv:57]
	Parameter MEMORY_TYPE bound to: 1 - type: integer 
	Parameter MEMORY_SIZE bound to: 9600 - type: integer 
	Parameter MEMORY_PRIMITIVE bound to: 2 - type: integer 
	Parameter CLOCKING_MODE bound to: 0 - type: integer 
	Parameter ECC_MODE bound to: 0 - type: integer 
	Parameter MEMORY_INIT_FILE bound to: none - type: string 
	Parameter MEMORY_INIT_PARAM bound to: (null) - type: string 
	Parameter USE_MEM_INIT_MMI bound to: 0 - type: integer 
	Parameter USE_MEM_INIT bound to: 0 - type: integer 
	Parameter MEMORY_OPTIMIZATION bound to: true - type: string 
	Parameter WAKEUP_TIME bound to: 0 - type: integer 
	Parameter AUTO_SLEEP_TIME bound to: 0 - type: integer 
	Parameter MESSAGE_CONTROL bound to: 0 - type: integer 
	Parameter VERSION bound to: 0 - type: integer 
	Parameter USE_EMBEDDED_CONSTRAINT bound to: 0 - type: integer 
	Parameter CASCADE_HEIGHT bound to: 0 - type: integer 
	Parameter SIM_ASSERT_CHK bound to: 0 - type: integer 
	Parameter WRITE_PROTECT bound to: 1 - type: integer 
	Parameter WRITE_DATA_WIDTH_A bound to: 75 - type: integer 
	Parameter READ_DATA_WIDTH_A bound to: 75 - type: integer 
	Parameter BYTE_WRITE_WIDTH_A bound to: 75 - type: integer 
	Parameter ADDR_WIDTH_A bound to: 7 - type: integer 
	Parameter READ_RESET_VALUE_A bound to: 0 - type: string 
	Parameter READ_LATENCY_A bound to: 2 - type: integer 
	Parameter WRITE_MODE_A bound to: 2 - type: integer 
	Parameter RST_MODE_A bound to: SYNC - type: string 
	Parameter WRITE_DATA_WIDTH_B bound to: 75 - type: integer 
	Parameter READ_DATA_WIDTH_B bound to: 75 - type: integer 
	Parameter BYTE_WRITE_WIDTH_B bound to: 75 - type: integer 
	Parameter ADDR_WIDTH_B bound to: 7 - type: integer 
	Parameter READ_RESET_VALUE_B bound to: 0 - type: string 
	Parameter READ_LATENCY_B bound to: 2 - type: integer 
	Parameter WRITE_MODE_B bound to: 2 - type: integer 
	Parameter RST_MODE_B bound to: SYNC - type: string 
	Parameter P_MEMORY_PRIMITIVE bound to: block - type: string 
	Parameter P_MIN_WIDTH_DATA_A bound to: 75 - type: integer 
	Parameter P_MIN_WIDTH_DATA_B bound to: 75 - type: integer 
	Parameter P_MIN_WIDTH_DATA bound to: 75 - type: integer 
	Parameter P_MIN_WIDTH_DATA_ECC bound to: 75 - type: integer 
	Parameter P_MAX_DEPTH_DATA bound to: 128 - type: integer 
	Parameter P_ECC_MODE bound to: no_ecc - type: string 
	Parameter P_MEMORY_OPT bound to: yes - type: string 
	Parameter P_WIDTH_COL_WRITE_A bound to: 75 - type: integer 
	Parameter P_WIDTH_COL_WRITE_B bound to: 75 - type: integer 
	Parameter P_NUM_COLS_WRITE_A bound to: 1 - type: integer 
	Parameter P_NUM_COLS_WRITE_B bound to: 1 - type: integer 
	Parameter P_NUM_ROWS_WRITE_A bound to: 1 - type: integer 
	Parameter P_NUM_ROWS_WRITE_B bound to: 1 - type: integer 
	Parameter P_NUM_ROWS_READ_A bound to: 1 - type: integer 
	Parameter P_NUM_ROWS_READ_B bound to: 1 - type: integer 
	Parameter P_WIDTH_ADDR_WRITE_A bound to: 7 - type: integer 
	Parameter P_WIDTH_ADDR_WRITE_B bound to: 7 - type: integer 
	Parameter P_WIDTH_ADDR_READ_A bound to: 7 - type: integer 
	Parameter P_WIDTH_ADDR_READ_B bound to: 7 - type: integer 
	Parameter P_WIDTH_ADDR_LSB_WRITE_A bound to: 0 - type: integer 
	Parameter P_WIDTH_ADDR_LSB_WRITE_B bound to: 0 - type: integer 
	Parameter P_WIDTH_ADDR_LSB_READ_A bound to: 0 - type: integer 
	Parameter P_WIDTH_ADDR_LSB_READ_B bound to: 0 - type: integer 
	Parameter P_ENABLE_BYTE_WRITE_A bound to: 0 - type: integer 
	Parameter P_ENABLE_BYTE_WRITE_B bound to: 0 - type: integer 
	Parameter P_SDP_WRITE_MODE bound to: no - type: string 
	Parameter rsta_loop_iter bound to: 76 - type: integer 
	Parameter rstb_loop_iter bound to: 76 - type: integer 
	Parameter NUM_CHAR_LOC bound to: 0 - type: integer 
	Parameter MAX_NUM_CHAR bound to: 0 - type: integer 
	Parameter P_MIN_WIDTH_DATA_SHFT bound to: 75 - type: integer 
	Parameter P_MIN_WIDTH_DATA_LDW bound to: 4 - type: integer 
INFO: [Synth 8-6155] done synthesizing module 'xpm_memory_base' (30#1) [C:/Xilinx/Vivado/2020.1/data/ip/xpm/xpm_memory/hdl/xpm_memory.sv:57]
INFO: [Synth 8-6157] synthesizing module 'xpm_fifo_reg_bit' [C:/Xilinx/Vivado/2020.1/data/ip/xpm/xpm_fifo/hdl/xpm_fifo.sv:1798]
	Parameter RST_VALUE bound to: 0 - type: integer 
INFO: [Synth 8-6155] done synthesizing module 'xpm_fifo_reg_bit' (31#1) [C:/Xilinx/Vivado/2020.1/data/ip/xpm/xpm_fifo/hdl/xpm_fifo.sv:1798]
INFO: [Synth 8-226] default block is never used [C:/Xilinx/Vivado/2020.1/data/ip/xpm/xpm_fifo/hdl/xpm_fifo.sv:1189]
INFO: [Synth 8-226] default block is never used [C:/Xilinx/Vivado/2020.1/data/ip/xpm/xpm_fifo/hdl/xpm_fifo.sv:1235]
INFO: [Synth 8-226] default block is never used [C:/Xilinx/Vivado/2020.1/data/ip/xpm/xpm_fifo/hdl/xpm_fifo.sv:1246]
INFO: [Synth 8-6157] synthesizing module 'xpm_counter_updn__parameterized1' [C:/Xilinx/Vivado/2020.1/data/ip/xpm/xpm_fifo/hdl/xpm_fifo.sv:1750]
	Parameter COUNTER_WIDTH bound to: 2 - type: integer 
	Parameter RESET_VALUE bound to: 0 - type: integer 
INFO: [Synth 8-6155] done synthesizing module 'xpm_counter_updn__parameterized1' (31#1) [C:/Xilinx/Vivado/2020.1/data/ip/xpm/xpm_fifo/hdl/xpm_fifo.sv:1750]
INFO: [Synth 8-6157] synthesizing module 'xpm_fifo_rst' [C:/Xilinx/Vivado/2020.1/data/ip/xpm/xpm_fifo/hdl/xpm_fifo.sv:1514]
	Parameter COMMON_CLOCK bound to: 1 - type: integer 
	Parameter CDC_DEST_SYNC_FF bound to: 2 - type: integer 
	Parameter SIM_ASSERT_CHK bound to: 0 - type: integer 
INFO: [Synth 8-6155] done synthesizing module 'xpm_fifo_rst' (32#1) [C:/Xilinx/Vivado/2020.1/data/ip/xpm/xpm_fifo/hdl/xpm_fifo.sv:1514]
INFO: [Synth 8-6157] synthesizing module 'xpm_counter_updn__parameterized2' [C:/Xilinx/Vivado/2020.1/data/ip/xpm/xpm_fifo/hdl/xpm_fifo.sv:1750]
	Parameter COUNTER_WIDTH bound to: 8 - type: integer 
	Parameter RESET_VALUE bound to: 0 - type: integer 
INFO: [Synth 8-6155] done synthesizing module 'xpm_counter_updn__parameterized2' (32#1) [C:/Xilinx/Vivado/2020.1/data/ip/xpm/xpm_fifo/hdl/xpm_fifo.sv:1750]
INFO: [Synth 8-6157] synthesizing module 'xpm_counter_updn__parameterized3' [C:/Xilinx/Vivado/2020.1/data/ip/xpm/xpm_fifo/hdl/xpm_fifo.sv:1750]
	Parameter COUNTER_WIDTH bound to: 7 - type: integer 
	Parameter RESET_VALUE bound to: 1 - type: integer 
INFO: [Synth 8-6155] done synthesizing module 'xpm_counter_updn__parameterized3' (32#1) [C:/Xilinx/Vivado/2020.1/data/ip/xpm/xpm_fifo/hdl/xpm_fifo.sv:1750]
INFO: [Synth 8-6155] done synthesizing module 'xpm_fifo_base' (33#1) [C:/Xilinx/Vivado/2020.1/data/ip/xpm/xpm_fifo/hdl/xpm_fifo.sv:56]
INFO: [Synth 8-6155] done synthesizing module 'xpm_fifo_sync' (34#1) [C:/Xilinx/Vivado/2020.1/data/ip/xpm/xpm_fifo/hdl/xpm_fifo.sv:1843]
INFO: [Synth 8-256] done synthesizing module 'sync_fifo_fg' (35#1) [c:/projects/NN_copy/NN_copy.srcs/sources_1/bd/design_1/ipshared/a5cb/hdl/lib_fifo_v1_0_rfs.vhd:2250]
INFO: [Synth 8-256] done synthesizing module 'axi_datamover_sfifo_autord' (36#1) [c:/projects/NN_copy/NN_copy.srcs/sources_1/bd/design_1/ipshared/af86/hdl/axi_datamover_v5_1_vh_rfs.vhd:1295]
INFO: [Synth 8-256] done synthesizing module 'axi_datamover_rd_sf' (37#1) [c:/projects/NN_copy/NN_copy.srcs/sources_1/bd/design_1/ipshared/af86/hdl/axi_datamover_v5_1_vh_rfs.vhd:20208]
INFO: [Synth 8-638] synthesizing module 'axi_datamover_skid_buf' [c:/projects/NN_copy/NN_copy.srcs/sources_1/bd/design_1/ipshared/af86/hdl/axi_datamover_v5_1_vh_rfs.vhd:19500]
	Parameter C_WDATA_WIDTH bound to: 64 - type: integer 
INFO: [Synth 8-256] done synthesizing module 'axi_datamover_skid_buf' (38#1) [c:/projects/NN_copy/NN_copy.srcs/sources_1/bd/design_1/ipshared/af86/hdl/axi_datamover_v5_1_vh_rfs.vhd:19500]
INFO: [Synth 8-256] done synthesizing module 'axi_datamover_mm2s_full_wrap' (39#1) [c:/projects/NN_copy/NN_copy.srcs/sources_1/bd/design_1/ipshared/af86/hdl/axi_datamover_v5_1_vh_rfs.vhd:53572]
INFO: [Synth 8-638] synthesizing module 'axi_datamover_s2mm_full_wrap' [c:/projects/NN_copy/NN_copy.srcs/sources_1/bd/design_1/ipshared/af86/hdl/axi_datamover_v5_1_vh_rfs.vhd:49997]
	Parameter C_INCLUDE_S2MM bound to: 1 - type: integer 
	Parameter C_S2MM_AWID bound to: 1 - type: integer 
	Parameter C_S2MM_ID_WIDTH bound to: 4 - type: integer 
	Parameter C_S2MM_ADDR_WIDTH bound to: 32 - type: integer 
	Parameter C_S2MM_MDATA_WIDTH bound to: 64 - type: integer 
	Parameter C_S2MM_SDATA_WIDTH bound to: 64 - type: integer 
	Parameter C_INCLUDE_S2MM_STSFIFO bound to: 1 - type: integer 
	Parameter C_S2MM_STSCMD_FIFO_DEPTH bound to: 1 - type: integer 
	Parameter C_S2MM_STSCMD_IS_ASYNC bound to: 0 - type: integer 
	Parameter C_INCLUDE_S2MM_DRE bound to: 0 - type: integer 
	Parameter C_S2MM_BURST_SIZE bound to: 16 - type: integer 
	Parameter C_S2MM_BTT_USED bound to: 26 - type: integer 
	Parameter C_S2MM_SUPPORT_INDET_BTT bound to: 1 - type: integer 
	Parameter C_S2MM_ADDR_PIPE_DEPTH bound to: 4 - type: integer 
	Parameter C_TAG_WIDTH bound to: 4 - type: integer 
	Parameter C_INCLUDE_S2MM_GP_SF bound to: 1 - type: integer 
	Parameter C_ENABLE_CACHE_USER bound to: 0 - type: integer 
	Parameter C_ENABLE_S2MM_TKEEP bound to: 1 - type: integer 
	Parameter C_ENABLE_SKID_BUF bound to: 11111 - type: string 
	Parameter C_FAMILY bound to: zynq - type: string 
	Parameter C_MCDMA bound to: 1 - type: integer 
INFO: [Synth 8-638] synthesizing module 'axi_datamover_cmd_status__parameterized0' [c:/projects/NN_copy/NN_copy.srcs/sources_1/bd/design_1/ipshared/af86/hdl/axi_datamover_v5_1_vh_rfs.vhd:2698]
	Parameter C_ADDR_WIDTH bound to: 32 - type: integer 
	Parameter C_INCLUDE_STSFIFO bound to: 1 - type: integer 
	Parameter C_STSCMD_FIFO_DEPTH bound to: 1 - type: integer 
	Parameter C_STSCMD_IS_ASYNC bound to: 0 - type: integer 
	Parameter C_CMD_WIDTH bound to: 71 - type: integer 
	Parameter C_STS_WIDTH bound to: 35 - type: integer 
	Parameter C_ENABLE_CACHE_USER bound to: 0 - type: integer 
	Parameter C_FAMILY bound to: zynq - type: string 
INFO: [Synth 8-638] synthesizing module 'axi_datamover_fifo__parameterized4' [c:/projects/NN_copy/NN_copy.srcs/sources_1/bd/design_1/ipshared/af86/hdl/axi_datamover_v5_1_vh_rfs.vhd:1886]
	Parameter C_DWIDTH bound to: 35 - type: integer 
	Parameter C_DEPTH bound to: 1 - type: integer 
	Parameter C_IS_ASYNC bound to: 0 - type: integer 
	Parameter C_PRIM_TYPE bound to: 2 - type: integer 
	Parameter C_FAMILY bound to: zynq - type: string 
INFO: [Synth 8-256] done synthesizing module 'axi_datamover_fifo__parameterized4' (39#1) [c:/projects/NN_copy/NN_copy.srcs/sources_1/bd/design_1/ipshared/af86/hdl/axi_datamover_v5_1_vh_rfs.vhd:1886]
INFO: [Synth 8-256] done synthesizing module 'axi_datamover_cmd_status__parameterized0' (39#1) [c:/projects/NN_copy/NN_copy.srcs/sources_1/bd/design_1/ipshared/af86/hdl/axi_datamover_v5_1_vh_rfs.vhd:2698]
INFO: [Synth 8-638] synthesizing module 'axi_datamover_wr_status_cntl' [c:/projects/NN_copy/NN_copy.srcs/sources_1/bd/design_1/ipshared/af86/hdl/axi_datamover_v5_1_vh_rfs.vhd:17704]
	Parameter C_ENABLE_INDET_BTT bound to: 1 - type: integer 
	Parameter C_SF_BYTES_RCVD_WIDTH bound to: 26 - type: integer 
	Parameter C_STS_FIFO_DEPTH bound to: 6 - type: integer 
	Parameter C_STS_WIDTH bound to: 35 - type: integer 
	Parameter C_TAG_WIDTH bound to: 4 - type: integer 
	Parameter C_MCDMA bound to: 1 - type: integer 
	Parameter C_FAMILY bound to: zynq - type: string 
INFO: [Synth 8-638] synthesizing module 'axi_datamover_fifo__parameterized5' [c:/projects/NN_copy/NN_copy.srcs/sources_1/bd/design_1/ipshared/af86/hdl/axi_datamover_v5_1_vh_rfs.vhd:1886]
	Parameter C_DWIDTH bound to: 2 - type: integer 
	Parameter C_DEPTH bound to: 6 - type: integer 
	Parameter C_IS_ASYNC bound to: 0 - type: integer 
	Parameter C_PRIM_TYPE bound to: 2 - type: integer 
	Parameter C_FAMILY bound to: zynq - type: string 
INFO: [Synth 8-638] synthesizing module 'srl_fifo_f__parameterized2' [c:/projects/NN_copy/NN_copy.srcs/sources_1/bd/design_1/ipshared/51ce/hdl/lib_srl_fifo_v1_0_rfs.vhd:1000]
	Parameter C_DWIDTH bound to: 2 - type: integer 
	Parameter C_DEPTH bound to: 6 - type: integer 
	Parameter C_FAMILY bound to: zynq - type: string 
INFO: [Synth 8-638] synthesizing module 'srl_fifo_rbu_f__parameterized2' [c:/projects/NN_copy/NN_copy.srcs/sources_1/bd/design_1/ipshared/51ce/hdl/lib_srl_fifo_v1_0_rfs.vhd:697]
	Parameter C_DWIDTH bound to: 2 - type: integer 
	Parameter C_DEPTH bound to: 6 - type: integer 
	Parameter C_FAMILY bound to: zynq - type: string 
INFO: [Synth 8-638] synthesizing module 'cntr_incr_decr_addn_f__parameterized0' [c:/projects/NN_copy/NN_copy.srcs/sources_1/bd/design_1/ipshared/51ce/hdl/lib_srl_fifo_v1_0_rfs.vhd:143]
	Parameter C_SIZE bound to: 4 - type: integer 
	Parameter C_FAMILY bound to: zynq - type: string 
INFO: [Synth 8-256] done synthesizing module 'cntr_incr_decr_addn_f__parameterized0' (39#1) [c:/projects/NN_copy/NN_copy.srcs/sources_1/bd/design_1/ipshared/51ce/hdl/lib_srl_fifo_v1_0_rfs.vhd:143]
INFO: [Synth 8-638] synthesizing module 'dynshreg_f__parameterized2' [c:/projects/NN_copy/NN_copy.srcs/sources_1/bd/design_1/ipshared/51ce/hdl/lib_srl_fifo_v1_0_rfs.vhd:397]
	Parameter C_DEPTH bound to: 6 - type: integer 
	Parameter C_DWIDTH bound to: 2 - type: integer 
	Parameter C_FAMILY bound to: zynq - type: string 
INFO: [Synth 8-256] done synthesizing module 'dynshreg_f__parameterized2' (39#1) [c:/projects/NN_copy/NN_copy.srcs/sources_1/bd/design_1/ipshared/51ce/hdl/lib_srl_fifo_v1_0_rfs.vhd:397]
INFO: [Synth 8-256] done synthesizing module 'srl_fifo_rbu_f__parameterized2' (39#1) [c:/projects/NN_copy/NN_copy.srcs/sources_1/bd/design_1/ipshared/51ce/hdl/lib_srl_fifo_v1_0_rfs.vhd:697]
INFO: [Synth 8-256] done synthesizing module 'srl_fifo_f__parameterized2' (39#1) [c:/projects/NN_copy/NN_copy.srcs/sources_1/bd/design_1/ipshared/51ce/hdl/lib_srl_fifo_v1_0_rfs.vhd:1000]
INFO: [Synth 8-256] done synthesizing module 'axi_datamover_fifo__parameterized5' (39#1) [c:/projects/NN_copy/NN_copy.srcs/sources_1/bd/design_1/ipshared/af86/hdl/axi_datamover_v5_1_vh_rfs.vhd:1886]
INFO: [Synth 8-638] synthesizing module 'axi_datamover_fifo__parameterized6' [c:/projects/NN_copy/NN_copy.srcs/sources_1/bd/design_1/ipshared/af86/hdl/axi_datamover_v5_1_vh_rfs.vhd:1886]
	Parameter C_DWIDTH bound to: 33 - type: integer 
	Parameter C_DEPTH bound to: 6 - type: integer 
	Parameter C_IS_ASYNC bound to: 0 - type: integer 
	Parameter C_PRIM_TYPE bound to: 2 - type: integer 
	Parameter C_FAMILY bound to: zynq - type: string 
INFO: [Synth 8-638] synthesizing module 'srl_fifo_f__parameterized3' [c:/projects/NN_copy/NN_copy.srcs/sources_1/bd/design_1/ipshared/51ce/hdl/lib_srl_fifo_v1_0_rfs.vhd:1000]
	Parameter C_DWIDTH bound to: 33 - type: integer 
	Parameter C_DEPTH bound to: 6 - type: integer 
	Parameter C_FAMILY bound to: zynq - type: string 
INFO: [Synth 8-638] synthesizing module 'srl_fifo_rbu_f__parameterized3' [c:/projects/NN_copy/NN_copy.srcs/sources_1/bd/design_1/ipshared/51ce/hdl/lib_srl_fifo_v1_0_rfs.vhd:697]
	Parameter C_DWIDTH bound to: 33 - type: integer 
	Parameter C_DEPTH bound to: 6 - type: integer 
	Parameter C_FAMILY bound to: zynq - type: string 
INFO: [Synth 8-638] synthesizing module 'dynshreg_f__parameterized3' [c:/projects/NN_copy/NN_copy.srcs/sources_1/bd/design_1/ipshared/51ce/hdl/lib_srl_fifo_v1_0_rfs.vhd:397]
	Parameter C_DEPTH bound to: 6 - type: integer 
	Parameter C_DWIDTH bound to: 33 - type: integer 
	Parameter C_FAMILY bound to: zynq - type: string 
INFO: [Synth 8-256] done synthesizing module 'dynshreg_f__parameterized3' (39#1) [c:/projects/NN_copy/NN_copy.srcs/sources_1/bd/design_1/ipshared/51ce/hdl/lib_srl_fifo_v1_0_rfs.vhd:397]
INFO: [Synth 8-256] done synthesizing module 'srl_fifo_rbu_f__parameterized3' (39#1) [c:/projects/NN_copy/NN_copy.srcs/sources_1/bd/design_1/ipshared/51ce/hdl/lib_srl_fifo_v1_0_rfs.vhd:697]
INFO: [Synth 8-256] done synthesizing module 'srl_fifo_f__parameterized3' (39#1) [c:/projects/NN_copy/NN_copy.srcs/sources_1/bd/design_1/ipshared/51ce/hdl/lib_srl_fifo_v1_0_rfs.vhd:1000]
INFO: [Synth 8-256] done synthesizing module 'axi_datamover_fifo__parameterized6' (39#1) [c:/projects/NN_copy/NN_copy.srcs/sources_1/bd/design_1/ipshared/af86/hdl/axi_datamover_v5_1_vh_rfs.vhd:1886]
INFO: [Synth 8-256] done synthesizing module 'axi_datamover_wr_status_cntl' (40#1) [c:/projects/NN_copy/NN_copy.srcs/sources_1/bd/design_1/ipshared/af86/hdl/axi_datamover_v5_1_vh_rfs.vhd:17704]
INFO: [Synth 8-638] synthesizing module 'axi_datamover_ibttcc' [c:/projects/NN_copy/NN_copy.srcs/sources_1/bd/design_1/ipshared/af86/hdl/axi_datamover_v5_1_vh_rfs.vhd:25731]
	Parameter C_SF_XFER_BYTES_WIDTH bound to: 8 - type: integer 
	Parameter C_DRE_ALIGN_WIDTH bound to: 1 - type: integer 
	Parameter C_SEL_ADDR_WIDTH bound to: 3 - type: integer 
	Parameter C_ADDR_WIDTH bound to: 32 - type: integer 
	Parameter C_STREAM_DWIDTH bound to: 64 - type: integer 
	Parameter C_MAX_BURST_LEN bound to: 16 - type: integer 
	Parameter C_CMD_WIDTH bound to: 71 - type: integer 
	Parameter C_TAG_WIDTH bound to: 4 - type: integer 
	Parameter C_BTT_USED bound to: 26 - type: integer 
	Parameter C_NATIVE_XFER_WIDTH bound to: 64 - type: integer 
	Parameter C_STRT_SF_OFFSET_WIDTH bound to: 1 - type: integer 
	Parameter C_MCDMA bound to: 1 - type: integer 
INFO: [Synth 8-256] done synthesizing module 'axi_datamover_ibttcc' (41#1) [c:/projects/NN_copy/NN_copy.srcs/sources_1/bd/design_1/ipshared/af86/hdl/axi_datamover_v5_1_vh_rfs.vhd:25731]
INFO: [Synth 8-638] synthesizing module 'axi_datamover_s2mm_realign' [c:/projects/NN_copy/NN_copy.srcs/sources_1/bd/design_1/ipshared/af86/hdl/axi_datamover_v5_1_vh_rfs.vhd:47011]
	Parameter C_ENABLE_INDET_BTT bound to: 1 - type: integer 
	Parameter C_INCLUDE_DRE bound to: 0 - type: integer 
	Parameter C_DRE_CNTL_FIFO_DEPTH bound to: 4 - type: integer 
	Parameter C_DRE_ALIGN_WIDTH bound to: 1 - type: integer 
	Parameter C_SUPPORT_SCATTER bound to: 1 - type: integer 
	Parameter C_ENABLE_S2MM_TKEEP bound to: 1 - type: integer 
	Parameter C_BTT_USED bound to: 26 - type: integer 
	Parameter C_STREAM_DWIDTH bound to: 64 - type: integer 
	Parameter C_TAG_WIDTH bound to: 4 - type: integer 
	Parameter C_STRT_SF_OFFSET_WIDTH bound to: 1 - type: integer 
	Parameter C_FAMILY bound to: zynq - type: string 
INFO: [Synth 8-638] synthesizing module 'axi_datamover_fifo__parameterized7' [c:/projects/NN_copy/NN_copy.srcs/sources_1/bd/design_1/ipshared/af86/hdl/axi_datamover_v5_1_vh_rfs.vhd:1886]
	Parameter C_DWIDTH bound to: 37 - type: integer 
	Parameter C_DEPTH bound to: 4 - type: integer 
	Parameter C_IS_ASYNC bound to: 0 - type: integer 
	Parameter C_PRIM_TYPE bound to: 2 - type: integer 
	Parameter C_FAMILY bound to: zynq - type: string 
INFO: [Synth 8-638] synthesizing module 'srl_fifo_f__parameterized4' [c:/projects/NN_copy/NN_copy.srcs/sources_1/bd/design_1/ipshared/51ce/hdl/lib_srl_fifo_v1_0_rfs.vhd:1000]
	Parameter C_DWIDTH bound to: 37 - type: integer 
	Parameter C_DEPTH bound to: 4 - type: integer 
	Parameter C_FAMILY bound to: zynq - type: string 
INFO: [Synth 8-638] synthesizing module 'srl_fifo_rbu_f__parameterized4' [c:/projects/NN_copy/NN_copy.srcs/sources_1/bd/design_1/ipshared/51ce/hdl/lib_srl_fifo_v1_0_rfs.vhd:697]
	Parameter C_DWIDTH bound to: 37 - type: integer 
	Parameter C_DEPTH bound to: 4 - type: integer 
	Parameter C_FAMILY bound to: zynq - type: string 
INFO: [Synth 8-638] synthesizing module 'dynshreg_f__parameterized4' [c:/projects/NN_copy/NN_copy.srcs/sources_1/bd/design_1/ipshared/51ce/hdl/lib_srl_fifo_v1_0_rfs.vhd:397]
	Parameter C_DEPTH bound to: 4 - type: integer 
	Parameter C_DWIDTH bound to: 37 - type: integer 
	Parameter C_FAMILY bound to: zynq - type: string 
INFO: [Synth 8-256] done synthesizing module 'dynshreg_f__parameterized4' (41#1) [c:/projects/NN_copy/NN_copy.srcs/sources_1/bd/design_1/ipshared/51ce/hdl/lib_srl_fifo_v1_0_rfs.vhd:397]
INFO: [Synth 8-256] done synthesizing module 'srl_fifo_rbu_f__parameterized4' (41#1) [c:/projects/NN_copy/NN_copy.srcs/sources_1/bd/design_1/ipshared/51ce/hdl/lib_srl_fifo_v1_0_rfs.vhd:697]
INFO: [Synth 8-256] done synthesizing module 'srl_fifo_f__parameterized4' (41#1) [c:/projects/NN_copy/NN_copy.srcs/sources_1/bd/design_1/ipshared/51ce/hdl/lib_srl_fifo_v1_0_rfs.vhd:1000]
INFO: [Synth 8-256] done synthesizing module 'axi_datamover_fifo__parameterized7' (41#1) [c:/projects/NN_copy/NN_copy.srcs/sources_1/bd/design_1/ipshared/af86/hdl/axi_datamover_v5_1_vh_rfs.vhd:1886]
INFO: [Synth 8-638] synthesizing module 'axi_datamover_s2mm_scatter' [c:/projects/NN_copy/NN_copy.srcs/sources_1/bd/design_1/ipshared/af86/hdl/axi_datamover_v5_1_vh_rfs.vhd:45117]
	Parameter C_ENABLE_INDET_BTT bound to: 1 - type: integer 
	Parameter C_DRE_ALIGN_WIDTH bound to: 1 - type: integer 
	Parameter C_BTT_USED bound to: 26 - type: integer 
	Parameter C_STREAM_DWIDTH bound to: 64 - type: integer 
	Parameter C_ENABLE_S2MM_TKEEP bound to: 1 - type: integer 
	Parameter C_FAMILY bound to: zynq - type: string 
INFO: [Synth 8-638] synthesizing module 'axi_datamover_mssai_skid_buf' [c:/projects/NN_copy/NN_copy.srcs/sources_1/bd/design_1/ipshared/af86/hdl/axi_datamover_v5_1_vh_rfs.vhd:44167]
	Parameter C_WDATA_WIDTH bound to: 64 - type: integer 
	Parameter C_INDEX_WIDTH bound to: 3 - type: integer 
INFO: [Synth 8-638] synthesizing module 'axi_datamover_ms_strb_set' [c:/projects/NN_copy/NN_copy.srcs/sources_1/bd/design_1/ipshared/af86/hdl/axi_datamover_v5_1_vh_rfs.vhd:42603]
	Parameter C_STRB_WIDTH bound to: 8 - type: integer 
	Parameter C_INDEX_WIDTH bound to: 3 - type: integer 
INFO: [Synth 8-256] done synthesizing module 'axi_datamover_ms_strb_set' (42#1) [c:/projects/NN_copy/NN_copy.srcs/sources_1/bd/design_1/ipshared/af86/hdl/axi_datamover_v5_1_vh_rfs.vhd:42603]
INFO: [Synth 8-256] done synthesizing module 'axi_datamover_mssai_skid_buf' (43#1) [c:/projects/NN_copy/NN_copy.srcs/sources_1/bd/design_1/ipshared/af86/hdl/axi_datamover_v5_1_vh_rfs.vhd:44167]
INFO: [Synth 8-638] synthesizing module 'axi_datamover_slice' [c:/projects/NN_copy/NN_copy.srcs/sources_1/bd/design_1/ipshared/af86/hdl/axi_datamover_v5_1_vh_rfs.vhd:44856]
	Parameter C_DATA_WIDTH bound to: 14 - type: integer 
INFO: [Synth 8-256] done synthesizing module 'axi_datamover_slice' (44#1) [c:/projects/NN_copy/NN_copy.srcs/sources_1/bd/design_1/ipshared/af86/hdl/axi_datamover_v5_1_vh_rfs.vhd:44856]
INFO: [Synth 8-638] synthesizing module 'axi_datamover_fifo__parameterized8' [c:/projects/NN_copy/NN_copy.srcs/sources_1/bd/design_1/ipshared/af86/hdl/axi_datamover_v5_1_vh_rfs.vhd:1886]
	Parameter C_DWIDTH bound to: 14 - type: integer 
	Parameter C_DEPTH bound to: 16 - type: integer 
	Parameter C_IS_ASYNC bound to: 0 - type: integer 
	Parameter C_PRIM_TYPE bound to: 2 - type: integer 
	Parameter C_FAMILY bound to: zynq - type: string 
INFO: [Synth 8-638] synthesizing module 'srl_fifo_f__parameterized5' [c:/projects/NN_copy/NN_copy.srcs/sources_1/bd/design_1/ipshared/51ce/hdl/lib_srl_fifo_v1_0_rfs.vhd:1000]
	Parameter C_DWIDTH bound to: 14 - type: integer 
	Parameter C_DEPTH bound to: 16 - type: integer 
	Parameter C_FAMILY bound to: zynq - type: string 
INFO: [Synth 8-638] synthesizing module 'srl_fifo_rbu_f__parameterized5' [c:/projects/NN_copy/NN_copy.srcs/sources_1/bd/design_1/ipshared/51ce/hdl/lib_srl_fifo_v1_0_rfs.vhd:697]
	Parameter C_DWIDTH bound to: 14 - type: integer 
	Parameter C_DEPTH bound to: 16 - type: integer 
	Parameter C_FAMILY bound to: zynq - type: string 
INFO: [Synth 8-638] synthesizing module 'cntr_incr_decr_addn_f__parameterized1' [c:/projects/NN_copy/NN_copy.srcs/sources_1/bd/design_1/ipshared/51ce/hdl/lib_srl_fifo_v1_0_rfs.vhd:143]
	Parameter C_SIZE bound to: 5 - type: integer 
	Parameter C_FAMILY bound to: zynq - type: string 
INFO: [Synth 8-256] done synthesizing module 'cntr_incr_decr_addn_f__parameterized1' (44#1) [c:/projects/NN_copy/NN_copy.srcs/sources_1/bd/design_1/ipshared/51ce/hdl/lib_srl_fifo_v1_0_rfs.vhd:143]
INFO: [Synth 8-638] synthesizing module 'dynshreg_f__parameterized5' [c:/projects/NN_copy/NN_copy.srcs/sources_1/bd/design_1/ipshared/51ce/hdl/lib_srl_fifo_v1_0_rfs.vhd:397]
	Parameter C_DEPTH bound to: 16 - type: integer 
	Parameter C_DWIDTH bound to: 14 - type: integer 
	Parameter C_FAMILY bound to: zynq - type: string 
INFO: [Synth 8-256] done synthesizing module 'dynshreg_f__parameterized5' (44#1) [c:/projects/NN_copy/NN_copy.srcs/sources_1/bd/design_1/ipshared/51ce/hdl/lib_srl_fifo_v1_0_rfs.vhd:397]
INFO: [Synth 8-256] done synthesizing module 'srl_fifo_rbu_f__parameterized5' (44#1) [c:/projects/NN_copy/NN_copy.srcs/sources_1/bd/design_1/ipshared/51ce/hdl/lib_srl_fifo_v1_0_rfs.vhd:697]
INFO: [Synth 8-256] done synthesizing module 'srl_fifo_f__parameterized5' (44#1) [c:/projects/NN_copy/NN_copy.srcs/sources_1/bd/design_1/ipshared/51ce/hdl/lib_srl_fifo_v1_0_rfs.vhd:1000]
INFO: [Synth 8-256] done synthesizing module 'axi_datamover_fifo__parameterized8' (44#1) [c:/projects/NN_copy/NN_copy.srcs/sources_1/bd/design_1/ipshared/af86/hdl/axi_datamover_v5_1_vh_rfs.vhd:1886]
INFO: [Synth 8-256] done synthesizing module 'axi_datamover_s2mm_scatter' (45#1) [c:/projects/NN_copy/NN_copy.srcs/sources_1/bd/design_1/ipshared/af86/hdl/axi_datamover_v5_1_vh_rfs.vhd:45117]
INFO: [Synth 8-256] done synthesizing module 'axi_datamover_s2mm_realign' (46#1) [c:/projects/NN_copy/NN_copy.srcs/sources_1/bd/design_1/ipshared/af86/hdl/axi_datamover_v5_1_vh_rfs.vhd:47011]
INFO: [Synth 8-638] synthesizing module 'axi_datamover_indet_btt' [c:/projects/NN_copy/NN_copy.srcs/sources_1/bd/design_1/ipshared/af86/hdl/axi_datamover_v5_1_vh_rfs.vhd:28430]
	Parameter C_SF_FIFO_DEPTH bound to: 128 - type: integer 
	Parameter C_IBTT_XFER_BYTES_WIDTH bound to: 8 - type: integer 
	Parameter C_STRT_OFFSET_WIDTH bound to: 1 - type: integer 
	Parameter C_MAX_BURST_LEN bound to: 16 - type: integer 
	Parameter C_MMAP_DWIDTH bound to: 64 - type: integer 
	Parameter C_STREAM_DWIDTH bound to: 64 - type: integer 
	Parameter C_ENABLE_SKID_BUF bound to: 11111 - type: string 
	Parameter C_ENABLE_S2MM_TKEEP bound to: 1 - type: integer 
	Parameter C_ENABLE_DRE bound to: 0 - type: integer 
	Parameter C_FAMILY bound to: zynq - type: string 
INFO: [Synth 8-638] synthesizing module 'axi_datamover_stbs_set_nodre' [c:/projects/NN_copy/NN_copy.srcs/sources_1/bd/design_1/ipshared/af86/hdl/axi_datamover_v5_1_vh_rfs.vhd:24209]
	Parameter C_STROBE_WIDTH bound to: 8 - type: integer 
INFO: [Synth 8-256] done synthesizing module 'axi_datamover_stbs_set_nodre' (47#1) [c:/projects/NN_copy/NN_copy.srcs/sources_1/bd/design_1/ipshared/af86/hdl/axi_datamover_v5_1_vh_rfs.vhd:24209]
INFO: [Synth 8-638] synthesizing module 'axi_datamover_sfifo_autord__parameterized0' [c:/projects/NN_copy/NN_copy.srcs/sources_1/bd/design_1/ipshared/af86/hdl/axi_datamover_v5_1_vh_rfs.vhd:1295]
	Parameter C_DWIDTH bound to: 10 - type: integer 
	Parameter C_DEPTH bound to: 16 - type: integer 
	Parameter C_DATA_CNT_WIDTH bound to: 5 - type: integer 
	Parameter C_NEED_ALMOST_EMPTY bound to: 0 - type: integer 
	Parameter C_NEED_ALMOST_FULL bound to: 1 - type: integer 
	Parameter C_USE_BLKMEM bound to: 0 - type: integer 
	Parameter C_FAMILY bound to: zynq - type: string 
INFO: [Synth 8-638] synthesizing module 'sync_fifo_fg__parameterized0' [c:/projects/NN_copy/NN_copy.srcs/sources_1/bd/design_1/ipshared/a5cb/hdl/lib_fifo_v1_0_rfs.vhd:2250]
	Parameter C_FAMILY bound to: zynq - type: string 
	Parameter C_DCOUNT_WIDTH bound to: 5 - type: integer 
	Parameter C_ENABLE_RLOCS bound to: 0 - type: integer 
	Parameter C_HAS_DCOUNT bound to: 1 - type: integer 
	Parameter C_HAS_RD_ACK bound to: 1 - type: integer 
	Parameter C_HAS_RD_ERR bound to: 0 - type: integer 
	Parameter C_HAS_WR_ACK bound to: 1 - type: integer 
	Parameter C_HAS_WR_ERR bound to: 0 - type: integer 
	Parameter C_HAS_ALMOST_FULL bound to: 0 - type: integer 
	Parameter C_MEMORY_TYPE bound to: 0 - type: integer 
	Parameter C_PORTS_DIFFER bound to: 0 - type: integer 
	Parameter C_RD_ACK_LOW bound to: 0 - type: integer 
	Parameter C_USE_EMBEDDED_REG bound to: 0 - type: integer 
	Parameter C_READ_DATA_WIDTH bound to: 10 - type: integer 
	Parameter C_READ_DEPTH bound to: 16 - type: integer 
	Parameter C_RD_ERR_LOW bound to: 0 - type: integer 
	Parameter C_WR_ACK_LOW bound to: 0 - type: integer 
	Parameter C_WR_ERR_LOW bound to: 0 - type: integer 
	Parameter C_PRELOAD_REGS bound to: 1 - type: integer 
	Parameter C_PRELOAD_LATENCY bound to: 0 - type: integer 
	Parameter C_WRITE_DATA_WIDTH bound to: 10 - type: integer 
	Parameter C_WRITE_DEPTH bound to: 16 - type: integer 
	Parameter C_SYNCHRONIZER_STAGE bound to: 2 - type: integer 
	Parameter C_XPM_FIFO bound to: 1 - type: integer 
	Parameter FIFO_MEMORY_TYPE bound to: auto - type: string 
	Parameter FIFO_WRITE_DEPTH bound to: 16 - type: integer 
	Parameter CASCADE_HEIGHT bound to: 0 - type: integer 
	Parameter WRITE_DATA_WIDTH bound to: 10 - type: integer 
	Parameter READ_MODE bound to: fwft - type: string 
	Parameter FIFO_READ_LATENCY bound to: 0 - type: integer 
	Parameter FULL_RESET_VALUE bound to: 1 - type: integer 
	Parameter USE_ADV_FEATURES bound to: 1F1F - type: string 
	Parameter READ_DATA_WIDTH bound to: 10 - type: integer 
	Parameter WR_DATA_COUNT_WIDTH bound to: 5 - type: integer 
	Parameter PROG_FULL_THRESH bound to: 10 - type: integer 
	Parameter RD_DATA_COUNT_WIDTH bound to: 4 - type: integer 
	Parameter PROG_EMPTY_THRESH bound to: 10 - type: integer 
	Parameter DOUT_RESET_VALUE bound to: 0 - type: string 
	Parameter ECC_MODE bound to: no_ecc - type: string 
	Parameter SIM_ASSERT_CHK bound to: 0 - type: integer 
	Parameter WAKEUP_TIME bound to: 0 - type: integer 
INFO: [Synth 8-3491] module 'xpm_fifo_sync' declared at 'C:/Xilinx/Vivado/2020.1/data/ip/xpm/xpm_fifo/hdl/xpm_fifo.sv:1843' bound to instance 'xpm_fifo_sync_inst' of component 'xpm_fifo_sync' [c:/projects/NN_copy/NN_copy.srcs/sources_1/bd/design_1/ipshared/a5cb/hdl/lib_fifo_v1_0_rfs.vhd:2627]
INFO: [Synth 8-6157] synthesizing module 'xpm_fifo_sync__parameterized1' [C:/Xilinx/Vivado/2020.1/data/ip/xpm/xpm_fifo/hdl/xpm_fifo.sv:1843]
	Parameter FIFO_MEMORY_TYPE bound to: auto - type: string 
	Parameter ECC_MODE bound to: no_ecc - type: string 
	Parameter SIM_ASSERT_CHK bound to: 0 - type: integer 
	Parameter CASCADE_HEIGHT bound to: 0 - type: integer 
	Parameter FIFO_WRITE_DEPTH bound to: 16 - type: integer 
	Parameter WRITE_DATA_WIDTH bound to: 10 - type: integer 
	Parameter WR_DATA_COUNT_WIDTH bound to: 5 - type: integer 
	Parameter PROG_FULL_THRESH bound to: 10 - type: integer 
	Parameter FULL_RESET_VALUE bound to: 1 - type: integer 
	Parameter USE_ADV_FEATURES bound to: 1F1F - type: string 
	Parameter READ_MODE bound to: fwft - type: string 
	Parameter FIFO_READ_LATENCY bound to: 0 - type: integer 
	Parameter READ_DATA_WIDTH bound to: 10 - type: integer 
	Parameter RD_DATA_COUNT_WIDTH bound to: 4 - type: integer 
	Parameter PROG_EMPTY_THRESH bound to: 10 - type: integer 
	Parameter DOUT_RESET_VALUE bound to: 0 - type: string 
	Parameter WAKEUP_TIME bound to: 0 - type: integer 
	Parameter EN_ADV_FEATURE_SYNC bound to: 16'b0001111100011111 
	Parameter P_FIFO_MEMORY_TYPE bound to: 0 - type: integer 
	Parameter P_COMMON_CLOCK bound to: 1 - type: integer 
	Parameter P_ECC_MODE bound to: 0 - type: integer 
	Parameter P_READ_MODE bound to: 1 - type: integer 
	Parameter P_WAKEUP_TIME bound to: 2 - type: integer 
INFO: [Synth 8-6157] synthesizing module 'xpm_fifo_base__parameterized0' [C:/Xilinx/Vivado/2020.1/data/ip/xpm/xpm_fifo/hdl/xpm_fifo.sv:56]
	Parameter COMMON_CLOCK bound to: 1 - type: integer 
	Parameter RELATED_CLOCKS bound to: 0 - type: integer 
	Parameter FIFO_MEMORY_TYPE bound to: 0 - type: integer 
	Parameter ECC_MODE bound to: 0 - type: integer 
	Parameter SIM_ASSERT_CHK bound to: 0 - type: integer 
	Parameter CASCADE_HEIGHT bound to: 0 - type: integer 
	Parameter FIFO_WRITE_DEPTH bound to: 16 - type: integer 
	Parameter WRITE_DATA_WIDTH bound to: 10 - type: integer 
	Parameter WR_DATA_COUNT_WIDTH bound to: 5 - type: integer 
	Parameter PROG_FULL_THRESH bound to: 10 - type: integer 
	Parameter USE_ADV_FEATURES bound to: 1F1F - type: string 
	Parameter READ_MODE bound to: 1 - type: integer 
	Parameter FIFO_READ_LATENCY bound to: 0 - type: integer 
	Parameter READ_DATA_WIDTH bound to: 10 - type: integer 
	Parameter RD_DATA_COUNT_WIDTH bound to: 4 - type: integer 
	Parameter PROG_EMPTY_THRESH bound to: 10 - type: integer 
	Parameter DOUT_RESET_VALUE bound to: 0 - type: string 
	Parameter CDC_DEST_SYNC_FF bound to: 2 - type: integer 
	Parameter FULL_RESET_VALUE bound to: 1 - type: integer 
	Parameter REMOVE_WR_RD_PROT_LOGIC bound to: 0 - type: integer 
	Parameter WAKEUP_TIME bound to: 0 - type: integer 
	Parameter VERSION bound to: 0 - type: integer 
	Parameter invalid bound to: 0 - type: integer 
	Parameter stage1_valid bound to: 2 - type: integer 
	Parameter stage2_valid bound to: 1 - type: integer 
	Parameter both_stages_valid bound to: 3 - type: integer 
	Parameter FIFO_MEM_TYPE bound to: 0 - type: integer 
	Parameter RD_MODE bound to: 1 - type: integer 
	Parameter ENABLE_ECC bound to: 0 - type: integer 
	Parameter FIFO_READ_DEPTH bound to: 16 - type: integer 
	Parameter FIFO_SIZE bound to: 160 - type: integer 
	Parameter WR_WIDTH_LOG bound to: 4 - type: integer 
	Parameter WR_DEPTH_LOG bound to: 4 - type: integer 
	Parameter WR_PNTR_WIDTH bound to: 4 - type: integer 
	Parameter RD_PNTR_WIDTH bound to: 4 - type: integer 
	Parameter FULL_RST_VAL bound to: 1'b1 
	Parameter WR_RD_RATIO bound to: 0 - type: integer 
	Parameter PF_THRESH_ADJ bound to: 8 - type: integer 
	Parameter PE_THRESH_ADJ bound to: 8 - type: integer 
	Parameter PF_THRESH_MIN bound to: 5 - type: integer 
	Parameter PF_THRESH_MAX bound to: 11 - type: integer 
	Parameter PE_THRESH_MIN bound to: 5 - type: integer 
	Parameter PE_THRESH_MAX bound to: 11 - type: integer 
	Parameter WR_DC_WIDTH_EXT bound to: 5 - type: integer 
	Parameter RD_DC_WIDTH_EXT bound to: 5 - type: integer 
	Parameter RD_LATENCY bound to: 2 - type: integer 
	Parameter WIDTH_RATIO bound to: 1 - type: integer 
	Parameter EN_ADV_FEATURE bound to: 16'b0001111100011111 
	Parameter EN_OF bound to: 1'b1 
	Parameter EN_PF bound to: 1'b1 
	Parameter EN_WDC bound to: 1'b1 
	Parameter EN_AF bound to: 1'b1 
	Parameter EN_WACK bound to: 1'b1 
	Parameter FG_EQ_ASYM_DOUT bound to: 1'b0 
	Parameter EN_UF bound to: 1'b1 
	Parameter EN_PE bound to: 1'b1 
	Parameter EN_RDC bound to: 1'b1 
	Parameter EN_AE bound to: 1'b1 
	Parameter EN_DVLD bound to: 1'b1 
INFO: [Synth 8-6157] synthesizing module 'xpm_counter_updn__parameterized4' [C:/Xilinx/Vivado/2020.1/data/ip/xpm/xpm_fifo/hdl/xpm_fifo.sv:1750]
	Parameter COUNTER_WIDTH bound to: 4 - type: integer 
	Parameter RESET_VALUE bound to: 3 - type: integer 
INFO: [Synth 8-6155] done synthesizing module 'xpm_counter_updn__parameterized4' (47#1) [C:/Xilinx/Vivado/2020.1/data/ip/xpm/xpm_fifo/hdl/xpm_fifo.sv:1750]
INFO: [Synth 8-6157] synthesizing module 'xpm_counter_updn__parameterized5' [C:/Xilinx/Vivado/2020.1/data/ip/xpm/xpm_fifo/hdl/xpm_fifo.sv:1750]
	Parameter COUNTER_WIDTH bound to: 4 - type: integer 
	Parameter RESET_VALUE bound to: 2 - type: integer 
INFO: [Synth 8-6155] done synthesizing module 'xpm_counter_updn__parameterized5' (47#1) [C:/Xilinx/Vivado/2020.1/data/ip/xpm/xpm_fifo/hdl/xpm_fifo.sv:1750]
INFO: [Synth 8-6157] synthesizing module 'xpm_memory_base__parameterized0' [C:/Xilinx/Vivado/2020.1/data/ip/xpm/xpm_memory/hdl/xpm_memory.sv:57]
	Parameter MEMORY_TYPE bound to: 1 - type: integer 
	Parameter MEMORY_SIZE bound to: 160 - type: integer 
	Parameter MEMORY_PRIMITIVE bound to: 0 - type: integer 
	Parameter CLOCKING_MODE bound to: 0 - type: integer 
	Parameter ECC_MODE bound to: 0 - type: integer 
	Parameter MEMORY_INIT_FILE bound to: none - type: string 
	Parameter MEMORY_INIT_PARAM bound to: (null) - type: string 
	Parameter USE_MEM_INIT_MMI bound to: 0 - type: integer 
	Parameter USE_MEM_INIT bound to: 0 - type: integer 
	Parameter MEMORY_OPTIMIZATION bound to: true - type: string 
	Parameter WAKEUP_TIME bound to: 0 - type: integer 
	Parameter AUTO_SLEEP_TIME bound to: 0 - type: integer 
	Parameter MESSAGE_CONTROL bound to: 0 - type: integer 
	Parameter VERSION bound to: 0 - type: integer 
	Parameter USE_EMBEDDED_CONSTRAINT bound to: 0 - type: integer 
	Parameter CASCADE_HEIGHT bound to: 0 - type: integer 
	Parameter SIM_ASSERT_CHK bound to: 0 - type: integer 
	Parameter WRITE_PROTECT bound to: 1 - type: integer 
	Parameter WRITE_DATA_WIDTH_A bound to: 10 - type: integer 
	Parameter READ_DATA_WIDTH_A bound to: 10 - type: integer 
	Parameter BYTE_WRITE_WIDTH_A bound to: 10 - type: integer 
	Parameter ADDR_WIDTH_A bound to: 4 - type: integer 
	Parameter READ_RESET_VALUE_A bound to: 0 - type: string 
	Parameter READ_LATENCY_A bound to: 2 - type: integer 
	Parameter WRITE_MODE_A bound to: 2 - type: integer 
	Parameter RST_MODE_A bound to: SYNC - type: string 
	Parameter WRITE_DATA_WIDTH_B bound to: 10 - type: integer 
	Parameter READ_DATA_WIDTH_B bound to: 10 - type: integer 
	Parameter BYTE_WRITE_WIDTH_B bound to: 10 - type: integer 
	Parameter ADDR_WIDTH_B bound to: 4 - type: integer 
	Parameter READ_RESET_VALUE_B bound to: 0 - type: string 
	Parameter READ_LATENCY_B bound to: 2 - type: integer 
	Parameter WRITE_MODE_B bound to: 2 - type: integer 
	Parameter RST_MODE_B bound to: SYNC - type: string 
	Parameter P_MEMORY_PRIMITIVE bound to: auto - type: string 
	Parameter P_MIN_WIDTH_DATA_A bound to: 10 - type: integer 
	Parameter P_MIN_WIDTH_DATA_B bound to: 10 - type: integer 
	Parameter P_MIN_WIDTH_DATA bound to: 10 - type: integer 
	Parameter P_MIN_WIDTH_DATA_ECC bound to: 10 - type: integer 
	Parameter P_MAX_DEPTH_DATA bound to: 16 - type: integer 
	Parameter P_ECC_MODE bound to: no_ecc - type: string 
	Parameter P_MEMORY_OPT bound to: yes - type: string 
	Parameter P_WIDTH_COL_WRITE_A bound to: 10 - type: integer 
	Parameter P_WIDTH_COL_WRITE_B bound to: 10 - type: integer 
	Parameter P_NUM_COLS_WRITE_A bound to: 1 - type: integer 
	Parameter P_NUM_COLS_WRITE_B bound to: 1 - type: integer 
	Parameter P_NUM_ROWS_WRITE_A bound to: 1 - type: integer 
	Parameter P_NUM_ROWS_WRITE_B bound to: 1 - type: integer 
	Parameter P_NUM_ROWS_READ_A bound to: 1 - type: integer 
	Parameter P_NUM_ROWS_READ_B bound to: 1 - type: integer 
	Parameter P_WIDTH_ADDR_WRITE_A bound to: 4 - type: integer 
	Parameter P_WIDTH_ADDR_WRITE_B bound to: 4 - type: integer 
	Parameter P_WIDTH_ADDR_READ_A bound to: 4 - type: integer 
	Parameter P_WIDTH_ADDR_READ_B bound to: 4 - type: integer 
	Parameter P_WIDTH_ADDR_LSB_WRITE_A bound to: 0 - type: integer 
	Parameter P_WIDTH_ADDR_LSB_WRITE_B bound to: 0 - type: integer 
	Parameter P_WIDTH_ADDR_LSB_READ_A bound to: 0 - type: integer 
	Parameter P_WIDTH_ADDR_LSB_READ_B bound to: 0 - type: integer 
	Parameter P_ENABLE_BYTE_WRITE_A bound to: 0 - type: integer 
	Parameter P_ENABLE_BYTE_WRITE_B bound to: 0 - type: integer 
	Parameter P_SDP_WRITE_MODE bound to: yes - type: string 
	Parameter rsta_loop_iter bound to: 12 - type: integer 
	Parameter rstb_loop_iter bound to: 12 - type: integer 
	Parameter NUM_CHAR_LOC bound to: 0 - type: integer 
	Parameter MAX_NUM_CHAR bound to: 0 - type: integer 
	Parameter P_MIN_WIDTH_DATA_SHFT bound to: 10 - type: integer 
	Parameter P_MIN_WIDTH_DATA_LDW bound to: 4 - type: integer 
INFO: [Synth 8-6059] Synth Info: [XPM_MEMORY 20-1] MEMORY_PRIMITIVE (0) instructs Vivado Synthesis to choose the memory primitive type. Depending on their values, other XPM_MEMORY parameters may preclude the choice of certain memory primitive types. Review XPM_MEMORY documentation and parameter values to understand any limitations, or set MEMORY_PRIMITIVE to a different value.   [C:/Xilinx/Vivado/2020.1/data/ip/xpm/xpm_memory/hdl/xpm_memory.sv:488]
INFO: [Synth 8-6155] done synthesizing module 'xpm_memory_base__parameterized0' (47#1) [C:/Xilinx/Vivado/2020.1/data/ip/xpm/xpm_memory/hdl/xpm_memory.sv:57]
INFO: [Synth 8-226] default block is never used [C:/Xilinx/Vivado/2020.1/data/ip/xpm/xpm_fifo/hdl/xpm_fifo.sv:1189]
INFO: [Synth 8-226] default block is never used [C:/Xilinx/Vivado/2020.1/data/ip/xpm/xpm_fifo/hdl/xpm_fifo.sv:1235]
INFO: [Synth 8-226] default block is never used [C:/Xilinx/Vivado/2020.1/data/ip/xpm/xpm_fifo/hdl/xpm_fifo.sv:1246]
INFO: [Synth 8-6157] synthesizing module 'xpm_counter_updn__parameterized6' [C:/Xilinx/Vivado/2020.1/data/ip/xpm/xpm_fifo/hdl/xpm_fifo.sv:1750]
	Parameter COUNTER_WIDTH bound to: 5 - type: integer 
	Parameter RESET_VALUE bound to: 0 - type: integer 
INFO: [Synth 8-6155] done synthesizing module 'xpm_counter_updn__parameterized6' (47#1) [C:/Xilinx/Vivado/2020.1/data/ip/xpm/xpm_fifo/hdl/xpm_fifo.sv:1750]
INFO: [Synth 8-6157] synthesizing module 'xpm_counter_updn__parameterized7' [C:/Xilinx/Vivado/2020.1/data/ip/xpm/xpm_fifo/hdl/xpm_fifo.sv:1750]
	Parameter COUNTER_WIDTH bound to: 4 - type: integer 
	Parameter RESET_VALUE bound to: 1 - type: integer 
INFO: [Synth 8-6155] done synthesizing module 'xpm_counter_updn__parameterized7' (47#1) [C:/Xilinx/Vivado/2020.1/data/ip/xpm/xpm_fifo/hdl/xpm_fifo.sv:1750]
INFO: [Synth 8-6155] done synthesizing module 'xpm_fifo_base__parameterized0' (47#1) [C:/Xilinx/Vivado/2020.1/data/ip/xpm/xpm_fifo/hdl/xpm_fifo.sv:56]
INFO: [Synth 8-6155] done synthesizing module 'xpm_fifo_sync__parameterized1' (47#1) [C:/Xilinx/Vivado/2020.1/data/ip/xpm/xpm_fifo/hdl/xpm_fifo.sv:1843]
INFO: [Synth 8-256] done synthesizing module 'sync_fifo_fg__parameterized0' (47#1) [c:/projects/NN_copy/NN_copy.srcs/sources_1/bd/design_1/ipshared/a5cb/hdl/lib_fifo_v1_0_rfs.vhd:2250]
INFO: [Synth 8-256] done synthesizing module 'axi_datamover_sfifo_autord__parameterized0' (47#1) [c:/projects/NN_copy/NN_copy.srcs/sources_1/bd/design_1/ipshared/af86/hdl/axi_datamover_v5_1_vh_rfs.vhd:1295]
INFO: [Synth 8-638] synthesizing module 'axi_datamover_sfifo_autord__parameterized1' [c:/projects/NN_copy/NN_copy.srcs/sources_1/bd/design_1/ipshared/af86/hdl/axi_datamover_v5_1_vh_rfs.vhd:1295]
	Parameter C_DWIDTH bound to: 74 - type: integer 
	Parameter C_DEPTH bound to: 128 - type: integer 
	Parameter C_DATA_CNT_WIDTH bound to: 8 - type: integer 
	Parameter C_NEED_ALMOST_EMPTY bound to: 0 - type: integer 
	Parameter C_NEED_ALMOST_FULL bound to: 0 - type: integer 
	Parameter C_USE_BLKMEM bound to: 1 - type: integer 
	Parameter C_FAMILY bound to: zynq - type: string 
INFO: [Synth 8-638] synthesizing module 'sync_fifo_fg__parameterized1' [c:/projects/NN_copy/NN_copy.srcs/sources_1/bd/design_1/ipshared/a5cb/hdl/lib_fifo_v1_0_rfs.vhd:2250]
	Parameter C_FAMILY bound to: zynq - type: string 
	Parameter C_DCOUNT_WIDTH bound to: 8 - type: integer 
	Parameter C_ENABLE_RLOCS bound to: 0 - type: integer 
	Parameter C_HAS_DCOUNT bound to: 1 - type: integer 
	Parameter C_HAS_RD_ACK bound to: 1 - type: integer 
	Parameter C_HAS_RD_ERR bound to: 0 - type: integer 
	Parameter C_HAS_WR_ACK bound to: 1 - type: integer 
	Parameter C_HAS_WR_ERR bound to: 0 - type: integer 
	Parameter C_HAS_ALMOST_FULL bound to: 0 - type: integer 
	Parameter C_MEMORY_TYPE bound to: 1 - type: integer 
	Parameter C_PORTS_DIFFER bound to: 0 - type: integer 
	Parameter C_RD_ACK_LOW bound to: 0 - type: integer 
	Parameter C_USE_EMBEDDED_REG bound to: 1 - type: integer 
	Parameter C_READ_DATA_WIDTH bound to: 74 - type: integer 
	Parameter C_READ_DEPTH bound to: 128 - type: integer 
	Parameter C_RD_ERR_LOW bound to: 0 - type: integer 
	Parameter C_WR_ACK_LOW bound to: 0 - type: integer 
	Parameter C_WR_ERR_LOW bound to: 0 - type: integer 
	Parameter C_PRELOAD_REGS bound to: 1 - type: integer 
	Parameter C_PRELOAD_LATENCY bound to: 0 - type: integer 
	Parameter C_WRITE_DATA_WIDTH bound to: 74 - type: integer 
	Parameter C_WRITE_DEPTH bound to: 128 - type: integer 
	Parameter C_SYNCHRONIZER_STAGE bound to: 2 - type: integer 
	Parameter C_XPM_FIFO bound to: 1 - type: integer 
	Parameter FIFO_MEMORY_TYPE bound to: block - type: string 
	Parameter FIFO_WRITE_DEPTH bound to: 128 - type: integer 
	Parameter CASCADE_HEIGHT bound to: 0 - type: integer 
	Parameter WRITE_DATA_WIDTH bound to: 74 - type: integer 
	Parameter READ_MODE bound to: fwft - type: string 
	Parameter FIFO_READ_LATENCY bound to: 0 - type: integer 
	Parameter FULL_RESET_VALUE bound to: 1 - type: integer 
	Parameter USE_ADV_FEATURES bound to: 1F1F - type: string 
	Parameter READ_DATA_WIDTH bound to: 74 - type: integer 
	Parameter WR_DATA_COUNT_WIDTH bound to: 8 - type: integer 
	Parameter PROG_FULL_THRESH bound to: 10 - type: integer 
	Parameter RD_DATA_COUNT_WIDTH bound to: 4 - type: integer 
	Parameter PROG_EMPTY_THRESH bound to: 10 - type: integer 
	Parameter DOUT_RESET_VALUE bound to: 0 - type: string 
	Parameter ECC_MODE bound to: no_ecc - type: string 
	Parameter SIM_ASSERT_CHK bound to: 0 - type: integer 
	Parameter WAKEUP_TIME bound to: 0 - type: integer 
INFO: [Synth 8-3491] module 'xpm_fifo_sync' declared at 'C:/Xilinx/Vivado/2020.1/data/ip/xpm/xpm_fifo/hdl/xpm_fifo.sv:1843' bound to instance 'xpm_fifo_sync_inst' of component 'xpm_fifo_sync' [c:/projects/NN_copy/NN_copy.srcs/sources_1/bd/design_1/ipshared/a5cb/hdl/lib_fifo_v1_0_rfs.vhd:2627]
INFO: [Synth 8-6157] synthesizing module 'xpm_fifo_sync__parameterized3' [C:/Xilinx/Vivado/2020.1/data/ip/xpm/xpm_fifo/hdl/xpm_fifo.sv:1843]
	Parameter FIFO_MEMORY_TYPE bound to: block - type: string 
	Parameter ECC_MODE bound to: no_ecc - type: string 
	Parameter SIM_ASSERT_CHK bound to: 0 - type: integer 
	Parameter CASCADE_HEIGHT bound to: 0 - type: integer 
	Parameter FIFO_WRITE_DEPTH bound to: 128 - type: integer 
	Parameter WRITE_DATA_WIDTH bound to: 74 - type: integer 
	Parameter WR_DATA_COUNT_WIDTH bound to: 8 - type: integer 
	Parameter PROG_FULL_THRESH bound to: 10 - type: integer 
	Parameter FULL_RESET_VALUE bound to: 1 - type: integer 
	Parameter USE_ADV_FEATURES bound to: 1F1F - type: string 
	Parameter READ_MODE bound to: fwft - type: string 
	Parameter FIFO_READ_LATENCY bound to: 0 - type: integer 
	Parameter READ_DATA_WIDTH bound to: 74 - type: integer 
	Parameter RD_DATA_COUNT_WIDTH bound to: 4 - type: integer 
	Parameter PROG_EMPTY_THRESH bound to: 10 - type: integer 
	Parameter DOUT_RESET_VALUE bound to: 0 - type: string 
	Parameter WAKEUP_TIME bound to: 0 - type: integer 
	Parameter EN_ADV_FEATURE_SYNC bound to: 16'b0001111100011111 
	Parameter P_FIFO_MEMORY_TYPE bound to: 2 - type: integer 
	Parameter P_COMMON_CLOCK bound to: 1 - type: integer 
	Parameter P_ECC_MODE bound to: 0 - type: integer 
	Parameter P_READ_MODE bound to: 1 - type: integer 
	Parameter P_WAKEUP_TIME bound to: 2 - type: integer 
INFO: [Synth 8-6157] synthesizing module 'xpm_fifo_base__parameterized1' [C:/Xilinx/Vivado/2020.1/data/ip/xpm/xpm_fifo/hdl/xpm_fifo.sv:56]
	Parameter COMMON_CLOCK bound to: 1 - type: integer 
	Parameter RELATED_CLOCKS bound to: 0 - type: integer 
	Parameter FIFO_MEMORY_TYPE bound to: 2 - type: integer 
	Parameter ECC_MODE bound to: 0 - type: integer 
	Parameter SIM_ASSERT_CHK bound to: 0 - type: integer 
	Parameter CASCADE_HEIGHT bound to: 0 - type: integer 
	Parameter FIFO_WRITE_DEPTH bound to: 128 - type: integer 
	Parameter WRITE_DATA_WIDTH bound to: 74 - type: integer 
	Parameter WR_DATA_COUNT_WIDTH bound to: 8 - type: integer 
	Parameter PROG_FULL_THRESH bound to: 10 - type: integer 
	Parameter USE_ADV_FEATURES bound to: 1F1F - type: string 
	Parameter READ_MODE bound to: 1 - type: integer 
	Parameter FIFO_READ_LATENCY bound to: 0 - type: integer 
	Parameter READ_DATA_WIDTH bound to: 74 - type: integer 
	Parameter RD_DATA_COUNT_WIDTH bound to: 4 - type: integer 
	Parameter PROG_EMPTY_THRESH bound to: 10 - type: integer 
	Parameter DOUT_RESET_VALUE bound to: 0 - type: string 
	Parameter CDC_DEST_SYNC_FF bound to: 2 - type: integer 
	Parameter FULL_RESET_VALUE bound to: 1 - type: integer 
	Parameter REMOVE_WR_RD_PROT_LOGIC bound to: 0 - type: integer 
	Parameter WAKEUP_TIME bound to: 0 - type: integer 
	Parameter VERSION bound to: 0 - type: integer 
	Parameter invalid bound to: 0 - type: integer 
	Parameter stage1_valid bound to: 2 - type: integer 
	Parameter stage2_valid bound to: 1 - type: integer 
	Parameter both_stages_valid bound to: 3 - type: integer 
	Parameter FIFO_MEM_TYPE bound to: 2 - type: integer 
	Parameter RD_MODE bound to: 1 - type: integer 
	Parameter ENABLE_ECC bound to: 0 - type: integer 
	Parameter FIFO_READ_DEPTH bound to: 128 - type: integer 
	Parameter FIFO_SIZE bound to: 9472 - type: integer 
	Parameter WR_WIDTH_LOG bound to: 7 - type: integer 
	Parameter WR_DEPTH_LOG bound to: 7 - type: integer 
	Parameter WR_PNTR_WIDTH bound to: 7 - type: integer 
	Parameter RD_PNTR_WIDTH bound to: 7 - type: integer 
	Parameter FULL_RST_VAL bound to: 1'b1 
	Parameter WR_RD_RATIO bound to: 0 - type: integer 
	Parameter PF_THRESH_ADJ bound to: 8 - type: integer 
	Parameter PE_THRESH_ADJ bound to: 8 - type: integer 
	Parameter PF_THRESH_MIN bound to: 5 - type: integer 
	Parameter PF_THRESH_MAX bound to: 123 - type: integer 
	Parameter PE_THRESH_MIN bound to: 5 - type: integer 
	Parameter PE_THRESH_MAX bound to: 123 - type: integer 
	Parameter WR_DC_WIDTH_EXT bound to: 8 - type: integer 
	Parameter RD_DC_WIDTH_EXT bound to: 8 - type: integer 
	Parameter RD_LATENCY bound to: 2 - type: integer 
	Parameter WIDTH_RATIO bound to: 1 - type: integer 
	Parameter EN_ADV_FEATURE bound to: 16'b0001111100011111 
	Parameter EN_OF bound to: 1'b1 
	Parameter EN_PF bound to: 1'b1 
	Parameter EN_WDC bound to: 1'b1 
	Parameter EN_AF bound to: 1'b1 
	Parameter EN_WACK bound to: 1'b1 
	Parameter FG_EQ_ASYM_DOUT bound to: 1'b0 
	Parameter EN_UF bound to: 1'b1 
	Parameter EN_PE bound to: 1'b1 
	Parameter EN_RDC bound to: 1'b1 
	Parameter EN_AE bound to: 1'b1 
	Parameter EN_DVLD bound to: 1'b1 
INFO: [Synth 8-6157] synthesizing module 'xpm_memory_base__parameterized1' [C:/Xilinx/Vivado/2020.1/data/ip/xpm/xpm_memory/hdl/xpm_memory.sv:57]
	Parameter MEMORY_TYPE bound to: 1 - type: integer 
	Parameter MEMORY_SIZE bound to: 9472 - type: integer 
	Parameter MEMORY_PRIMITIVE bound to: 2 - type: integer 
	Parameter CLOCKING_MODE bound to: 0 - type: integer 
	Parameter ECC_MODE bound to: 0 - type: integer 
	Parameter MEMORY_INIT_FILE bound to: none - type: string 
	Parameter MEMORY_INIT_PARAM bound to: (null) - type: string 
	Parameter USE_MEM_INIT_MMI bound to: 0 - type: integer 
	Parameter USE_MEM_INIT bound to: 0 - type: integer 
	Parameter MEMORY_OPTIMIZATION bound to: true - type: string 
	Parameter WAKEUP_TIME bound to: 0 - type: integer 
	Parameter AUTO_SLEEP_TIME bound to: 0 - type: integer 
	Parameter MESSAGE_CONTROL bound to: 0 - type: integer 
	Parameter VERSION bound to: 0 - type: integer 
	Parameter USE_EMBEDDED_CONSTRAINT bound to: 0 - type: integer 
	Parameter CASCADE_HEIGHT bound to: 0 - type: integer 
	Parameter SIM_ASSERT_CHK bound to: 0 - type: integer 
	Parameter WRITE_PROTECT bound to: 1 - type: integer 
	Parameter WRITE_DATA_WIDTH_A bound to: 74 - type: integer 
	Parameter READ_DATA_WIDTH_A bound to: 74 - type: integer 
	Parameter BYTE_WRITE_WIDTH_A bound to: 74 - type: integer 
	Parameter ADDR_WIDTH_A bound to: 7 - type: integer 
	Parameter READ_RESET_VALUE_A bound to: 0 - type: string 
	Parameter READ_LATENCY_A bound to: 2 - type: integer 
	Parameter WRITE_MODE_A bound to: 2 - type: integer 
	Parameter RST_MODE_A bound to: SYNC - type: string 
	Parameter WRITE_DATA_WIDTH_B bound to: 74 - type: integer 
	Parameter READ_DATA_WIDTH_B bound to: 74 - type: integer 
	Parameter BYTE_WRITE_WIDTH_B bound to: 74 - type: integer 
	Parameter ADDR_WIDTH_B bound to: 7 - type: integer 
	Parameter READ_RESET_VALUE_B bound to: 0 - type: string 
	Parameter READ_LATENCY_B bound to: 2 - type: integer 
	Parameter WRITE_MODE_B bound to: 2 - type: integer 
	Parameter RST_MODE_B bound to: SYNC - type: string 
	Parameter P_MEMORY_PRIMITIVE bound to: block - type: string 
	Parameter P_MIN_WIDTH_DATA_A bound to: 74 - type: integer 
	Parameter P_MIN_WIDTH_DATA_B bound to: 74 - type: integer 
	Parameter P_MIN_WIDTH_DATA bound to: 74 - type: integer 
	Parameter P_MIN_WIDTH_DATA_ECC bound to: 74 - type: integer 
	Parameter P_MAX_DEPTH_DATA bound to: 128 - type: integer 
	Parameter P_ECC_MODE bound to: no_ecc - type: string 
	Parameter P_MEMORY_OPT bound to: yes - type: string 
	Parameter P_WIDTH_COL_WRITE_A bound to: 74 - type: integer 
	Parameter P_WIDTH_COL_WRITE_B bound to: 74 - type: integer 
	Parameter P_NUM_COLS_WRITE_A bound to: 1 - type: integer 
	Parameter P_NUM_COLS_WRITE_B bound to: 1 - type: integer 
	Parameter P_NUM_ROWS_WRITE_A bound to: 1 - type: integer 
	Parameter P_NUM_ROWS_WRITE_B bound to: 1 - type: integer 
	Parameter P_NUM_ROWS_READ_A bound to: 1 - type: integer 
	Parameter P_NUM_ROWS_READ_B bound to: 1 - type: integer 
	Parameter P_WIDTH_ADDR_WRITE_A bound to: 7 - type: integer 
	Parameter P_WIDTH_ADDR_WRITE_B bound to: 7 - type: integer 
	Parameter P_WIDTH_ADDR_READ_A bound to: 7 - type: integer 
	Parameter P_WIDTH_ADDR_READ_B bound to: 7 - type: integer 
	Parameter P_WIDTH_ADDR_LSB_WRITE_A bound to: 0 - type: integer 
	Parameter P_WIDTH_ADDR_LSB_WRITE_B bound to: 0 - type: integer 
	Parameter P_WIDTH_ADDR_LSB_READ_A bound to: 0 - type: integer 
	Parameter P_WIDTH_ADDR_LSB_READ_B bound to: 0 - type: integer 
	Parameter P_ENABLE_BYTE_WRITE_A bound to: 0 - type: integer 
	Parameter P_ENABLE_BYTE_WRITE_B bound to: 0 - type: integer 
	Parameter P_SDP_WRITE_MODE bound to: no - type: string 
	Parameter rsta_loop_iter bound to: 76 - type: integer 
	Parameter rstb_loop_iter bound to: 76 - type: integer 
	Parameter NUM_CHAR_LOC bound to: 0 - type: integer 
	Parameter MAX_NUM_CHAR bound to: 0 - type: integer 
	Parameter P_MIN_WIDTH_DATA_SHFT bound to: 74 - type: integer 
	Parameter P_MIN_WIDTH_DATA_LDW bound to: 4 - type: integer 
INFO: [Synth 8-6155] done synthesizing module 'xpm_memory_base__parameterized1' (47#1) [C:/Xilinx/Vivado/2020.1/data/ip/xpm/xpm_memory/hdl/xpm_memory.sv:57]
INFO: [Synth 8-226] default block is never used [C:/Xilinx/Vivado/2020.1/data/ip/xpm/xpm_fifo/hdl/xpm_fifo.sv:1189]
INFO: [Synth 8-226] default block is never used [C:/Xilinx/Vivado/2020.1/data/ip/xpm/xpm_fifo/hdl/xpm_fifo.sv:1235]
INFO: [Synth 8-226] default block is never used [C:/Xilinx/Vivado/2020.1/data/ip/xpm/xpm_fifo/hdl/xpm_fifo.sv:1246]
INFO: [Synth 8-6155] done synthesizing module 'xpm_fifo_base__parameterized1' (47#1) [C:/Xilinx/Vivado/2020.1/data/ip/xpm/xpm_fifo/hdl/xpm_fifo.sv:56]
INFO: [Synth 8-6155] done synthesizing module 'xpm_fifo_sync__parameterized3' (47#1) [C:/Xilinx/Vivado/2020.1/data/ip/xpm/xpm_fifo/hdl/xpm_fifo.sv:1843]
INFO: [Synth 8-256] done synthesizing module 'sync_fifo_fg__parameterized1' (47#1) [c:/projects/NN_copy/NN_copy.srcs/sources_1/bd/design_1/ipshared/a5cb/hdl/lib_fifo_v1_0_rfs.vhd:2250]
INFO: [Synth 8-256] done synthesizing module 'axi_datamover_sfifo_autord__parameterized1' (47#1) [c:/projects/NN_copy/NN_copy.srcs/sources_1/bd/design_1/ipshared/af86/hdl/axi_datamover_v5_1_vh_rfs.vhd:1295]
INFO: [Synth 8-638] synthesizing module 'axi_datamover_skid_buf__parameterized0' [c:/projects/NN_copy/NN_copy.srcs/sources_1/bd/design_1/ipshared/af86/hdl/axi_datamover_v5_1_vh_rfs.vhd:19500]
	Parameter C_WDATA_WIDTH bound to: 72 - type: integer 
INFO: [Synth 8-256] done synthesizing module 'axi_datamover_skid_buf__parameterized0' (47#1) [c:/projects/NN_copy/NN_copy.srcs/sources_1/bd/design_1/ipshared/af86/hdl/axi_datamover_v5_1_vh_rfs.vhd:19500]
INFO: [Synth 8-256] done synthesizing module 'axi_datamover_indet_btt' (48#1) [c:/projects/NN_copy/NN_copy.srcs/sources_1/bd/design_1/ipshared/af86/hdl/axi_datamover_v5_1_vh_rfs.vhd:28430]
INFO: [Synth 8-638] synthesizing module 'axi_datamover_addr_cntl__parameterized0' [c:/projects/NN_copy/NN_copy.srcs/sources_1/bd/design_1/ipshared/af86/hdl/axi_datamover_v5_1_vh_rfs.vhd:10000]
	Parameter C_ADDR_FIFO_DEPTH bound to: 4 - type: integer 
	Parameter C_ADDR_WIDTH bound to: 32 - type: integer 
	Parameter C_ADDR_ID bound to: 1 - type: integer 
	Parameter C_ADDR_ID_WIDTH bound to: 4 - type: integer 
	Parameter C_TAG_WIDTH bound to: 4 - type: integer 
	Parameter C_FAMILY bound to: zynq - type: string 
INFO: [Synth 8-256] done synthesizing module 'axi_datamover_addr_cntl__parameterized0' (48#1) [c:/projects/NN_copy/NN_copy.srcs/sources_1/bd/design_1/ipshared/af86/hdl/axi_datamover_v5_1_vh_rfs.vhd:10000]
INFO: [Synth 8-638] synthesizing module 'axi_datamover_wrdata_cntl' [c:/projects/NN_copy/NN_copy.srcs/sources_1/bd/design_1/ipshared/af86/hdl/axi_datamover_v5_1_vh_rfs.vhd:15674]
	Parameter C_REALIGNER_INCLUDED bound to: 1 - type: integer 
	Parameter C_ENABLE_INDET_BTT bound to: 1 - type: integer 
	Parameter C_SF_BYTES_RCVD_WIDTH bound to: 26 - type: integer 
	Parameter C_SEL_ADDR_WIDTH bound to: 3 - type: integer 
	Parameter C_DATA_CNTL_FIFO_DEPTH bound to: 4 - type: integer 
	Parameter C_MMAP_DWIDTH bound to: 64 - type: integer 
	Parameter C_STREAM_DWIDTH bound to: 64 - type: integer 
	Parameter C_TAG_WIDTH bound to: 4 - type: integer 
	Parameter C_FAMILY bound to: zynq - type: string 
INFO: [Synth 8-638] synthesizing module 'axi_datamover_fifo__parameterized9' [c:/projects/NN_copy/NN_copy.srcs/sources_1/bd/design_1/ipshared/af86/hdl/axi_datamover_v5_1_vh_rfs.vhd:1886]
	Parameter C_DWIDTH bound to: 36 - type: integer 
	Parameter C_DEPTH bound to: 4 - type: integer 
	Parameter C_IS_ASYNC bound to: 0 - type: integer 
	Parameter C_PRIM_TYPE bound to: 2 - type: integer 
	Parameter C_FAMILY bound to: zynq - type: string 
INFO: [Synth 8-638] synthesizing module 'srl_fifo_f__parameterized6' [c:/projects/NN_copy/NN_copy.srcs/sources_1/bd/design_1/ipshared/51ce/hdl/lib_srl_fifo_v1_0_rfs.vhd:1000]
	Parameter C_DWIDTH bound to: 36 - type: integer 
	Parameter C_DEPTH bound to: 4 - type: integer 
	Parameter C_FAMILY bound to: zynq - type: string 
INFO: [Synth 8-638] synthesizing module 'srl_fifo_rbu_f__parameterized6' [c:/projects/NN_copy/NN_copy.srcs/sources_1/bd/design_1/ipshared/51ce/hdl/lib_srl_fifo_v1_0_rfs.vhd:697]
	Parameter C_DWIDTH bound to: 36 - type: integer 
	Parameter C_DEPTH bound to: 4 - type: integer 
	Parameter C_FAMILY bound to: zynq - type: string 
INFO: [Synth 8-638] synthesizing module 'dynshreg_f__parameterized6' [c:/projects/NN_copy/NN_copy.srcs/sources_1/bd/design_1/ipshared/51ce/hdl/lib_srl_fifo_v1_0_rfs.vhd:397]
	Parameter C_DEPTH bound to: 4 - type: integer 
	Parameter C_DWIDTH bound to: 36 - type: integer 
	Parameter C_FAMILY bound to: zynq - type: string 
INFO: [Synth 8-256] done synthesizing module 'dynshreg_f__parameterized6' (48#1) [c:/projects/NN_copy/NN_copy.srcs/sources_1/bd/design_1/ipshared/51ce/hdl/lib_srl_fifo_v1_0_rfs.vhd:397]
INFO: [Synth 8-256] done synthesizing module 'srl_fifo_rbu_f__parameterized6' (48#1) [c:/projects/NN_copy/NN_copy.srcs/sources_1/bd/design_1/ipshared/51ce/hdl/lib_srl_fifo_v1_0_rfs.vhd:697]
INFO: [Synth 8-256] done synthesizing module 'srl_fifo_f__parameterized6' (48#1) [c:/projects/NN_copy/NN_copy.srcs/sources_1/bd/design_1/ipshared/51ce/hdl/lib_srl_fifo_v1_0_rfs.vhd:1000]
INFO: [Synth 8-256] done synthesizing module 'axi_datamover_fifo__parameterized9' (48#1) [c:/projects/NN_copy/NN_copy.srcs/sources_1/bd/design_1/ipshared/af86/hdl/axi_datamover_v5_1_vh_rfs.vhd:1886]
INFO: [Synth 8-256] done synthesizing module 'axi_datamover_wrdata_cntl' (49#1) [c:/projects/NN_copy/NN_copy.srcs/sources_1/bd/design_1/ipshared/af86/hdl/axi_datamover_v5_1_vh_rfs.vhd:15674]
INFO: [Synth 8-638] synthesizing module 'axi_datamover_skid2mm_buf' [c:/projects/NN_copy/NN_copy.srcs/sources_1/bd/design_1/ipshared/af86/hdl/axi_datamover_v5_1_vh_rfs.vhd:18998]
	Parameter C_MDATA_WIDTH bound to: 64 - type: integer 
	Parameter C_SDATA_WIDTH bound to: 64 - type: integer 
	Parameter C_ADDR_LSB_WIDTH bound to: 3 - type: integer 
INFO: [Synth 8-638] synthesizing module 'axi_datamover_wr_demux' [c:/projects/NN_copy/NN_copy.srcs/sources_1/bd/design_1/ipshared/af86/hdl/axi_datamover_v5_1_vh_rfs.vhd:14117]
	Parameter C_SEL_ADDR_WIDTH bound to: 3 - type: integer 
	Parameter C_MMAP_DWIDTH bound to: 64 - type: integer 
	Parameter C_STREAM_DWIDTH bound to: 64 - type: integer 
INFO: [Synth 8-256] done synthesizing module 'axi_datamover_wr_demux' (50#1) [c:/projects/NN_copy/NN_copy.srcs/sources_1/bd/design_1/ipshared/af86/hdl/axi_datamover_v5_1_vh_rfs.vhd:14117]
INFO: [Synth 8-256] done synthesizing module 'axi_datamover_skid2mm_buf' (51#1) [c:/projects/NN_copy/NN_copy.srcs/sources_1/bd/design_1/ipshared/af86/hdl/axi_datamover_v5_1_vh_rfs.vhd:18998]
INFO: [Synth 8-256] done synthesizing module 'axi_datamover_s2mm_full_wrap' (52#1) [c:/projects/NN_copy/NN_copy.srcs/sources_1/bd/design_1/ipshared/af86/hdl/axi_datamover_v5_1_vh_rfs.vhd:49997]
INFO: [Synth 8-256] done synthesizing module 'axi_datamover' (53#1) [c:/projects/NN_copy/NN_copy.srcs/sources_1/bd/design_1/ipshared/af86/hdl/axi_datamover_v5_1_vh_rfs.vhd:55436]
INFO: [Synth 8-256] done synthesizing module 'axi_dma' (54#1) [c:/projects/NN_copy/NN_copy.srcs/sources_1/bd/design_1/ipshared/0fb1/hdl/axi_dma_v7_1_vh_rfs.vhd:22178]
INFO: [Synth 8-256] done synthesizing module 'design_1_axi_dma_0_0' (55#1) [c:/projects/NN_copy/NN_copy.srcs/sources_1/bd/design_1/ip/design_1_axi_dma_0_0/synth/design_1_axi_dma_0_0.vhd:128]
WARNING: [Synth 8-7071] port 'mm2s_prmry_reset_out_n' of module 'design_1_axi_dma_0_0' is unconnected for instance 'axi_dma_0' [C:/projects/NN_copy/NN_copy.srcs/sources_1/bd/design_1/synth/design_1.v:206]
WARNING: [Synth 8-7071] port 'm_axis_mm2s_tkeep' of module 'design_1_axi_dma_0_0' is unconnected for instance 'axi_dma_0' [C:/projects/NN_copy/NN_copy.srcs/sources_1/bd/design_1/synth/design_1.v:206]
WARNING: [Synth 8-7071] port 's2mm_prmry_reset_out_n' of module 'design_1_axi_dma_0_0' is unconnected for instance 'axi_dma_0' [C:/projects/NN_copy/NN_copy.srcs/sources_1/bd/design_1/synth/design_1.v:206]
WARNING: [Synth 8-7071] port 'mm2s_introut' of module 'design_1_axi_dma_0_0' is unconnected for instance 'axi_dma_0' [C:/projects/NN_copy/NN_copy.srcs/sources_1/bd/design_1/synth/design_1.v:206]
WARNING: [Synth 8-7071] port 's2mm_introut' of module 'design_1_axi_dma_0_0' is unconnected for instance 'axi_dma_0' [C:/projects/NN_copy/NN_copy.srcs/sources_1/bd/design_1/synth/design_1.v:206]
WARNING: [Synth 8-7071] port 'axi_dma_tstvec' of module 'design_1_axi_dma_0_0' is unconnected for instance 'axi_dma_0' [C:/projects/NN_copy/NN_copy.srcs/sources_1/bd/design_1/synth/design_1.v:206]
WARNING: [Synth 8-7023] instance 'axi_dma_0' of module 'design_1_axi_dma_0_0' has 64 connections declared, but only 58 given [C:/projects/NN_copy/NN_copy.srcs/sources_1/bd/design_1/synth/design_1.v:206]
INFO: [Synth 8-6157] synthesizing module 'design_1_axi_interconnect_0_0' [C:/projects/NN_copy/NN_copy.srcs/sources_1/bd/design_1/synth/design_1.v:553]
INFO: [Synth 8-6157] synthesizing module 's00_couplers_imp_O7FAN0' [C:/projects/NN_copy/NN_copy.srcs/sources_1/bd/design_1/synth/design_1.v:1186]
INFO: [Synth 8-6157] synthesizing module 'design_1_auto_pc_0' [c:/projects/NN_copy/NN_copy.srcs/sources_1/bd/design_1/ip/design_1_auto_pc_0/synth/design_1_auto_pc_0.v:58]
INFO: [Synth 8-6157] synthesizing module 'axi_protocol_converter_v2_1_21_axi_protocol_converter' [c:/projects/NN_copy/NN_copy.srcs/sources_1/bd/design_1/ipshared/8dfa/hdl/axi_protocol_converter_v2_1_vl_rfs.v:4808]
	Parameter C_FAMILY bound to: zynq - type: string 
	Parameter C_M_AXI_PROTOCOL bound to: 2 - type: integer 
	Parameter C_S_AXI_PROTOCOL bound to: 1 - type: integer 
	Parameter C_IGNORE_ID bound to: 0 - type: integer 
	Parameter C_AXI_ID_WIDTH bound to: 12 - type: integer 
	Parameter C_AXI_ADDR_WIDTH bound to: 32 - type: integer 
	Parameter C_AXI_DATA_WIDTH bound to: 32 - type: integer 
	Parameter C_AXI_SUPPORTS_WRITE bound to: 1 - type: integer 
	Parameter C_AXI_SUPPORTS_READ bound to: 1 - type: integer 
	Parameter C_AXI_SUPPORTS_USER_SIGNALS bound to: 0 - type: integer 
	Parameter C_AXI_AWUSER_WIDTH bound to: 1 - type: integer 
	Parameter C_AXI_ARUSER_WIDTH bound to: 1 - type: integer 
	Parameter C_AXI_WUSER_WIDTH bound to: 1 - type: integer 
	Parameter C_AXI_RUSER_WIDTH bound to: 1 - type: integer 
	Parameter C_AXI_BUSER_WIDTH bound to: 1 - type: integer 
	Parameter C_TRANSLATION_MODE bound to: 2 - type: integer 
	Parameter P_AXI4 bound to: 0 - type: integer 
	Parameter P_AXI3 bound to: 1 - type: integer 
	Parameter P_AXILITE bound to: 2 - type: integer 
	Parameter P_AXILITE_SIZE bound to: 3'b010 
	Parameter P_INCR bound to: 2'b01 
	Parameter P_DECERR bound to: 2'b11 
	Parameter P_SLVERR bound to: 2'b10 
	Parameter P_PROTECTION bound to: 1 - type: integer 
	Parameter P_CONVERSION bound to: 2 - type: integer 
INFO: [Synth 8-6157] synthesizing module 'axi_protocol_converter_v2_1_21_b2s' [c:/projects/NN_copy/NN_copy.srcs/sources_1/bd/design_1/ipshared/8dfa/hdl/axi_protocol_converter_v2_1_vl_rfs.v:4226]
	Parameter C_S_AXI_PROTOCOL bound to: 1 - type: integer 
	Parameter C_AXI_ID_WIDTH bound to: 12 - type: integer 
	Parameter C_AXI_ADDR_WIDTH bound to: 32 - type: integer 
	Parameter C_AXI_DATA_WIDTH bound to: 32 - type: integer 
	Parameter C_AXI_SUPPORTS_WRITE bound to: 1 - type: integer 
	Parameter C_AXI_SUPPORTS_READ bound to: 1 - type: integer 
INFO: [Synth 8-6157] synthesizing module 'axi_protocol_converter_v2_1_21_b2s_aw_channel' [c:/projects/NN_copy/NN_copy.srcs/sources_1/bd/design_1/ipshared/8dfa/hdl/axi_protocol_converter_v2_1_vl_rfs.v:3971]
	Parameter C_ID_WIDTH bound to: 12 - type: integer 
	Parameter C_AXI_ADDR_WIDTH bound to: 32 - type: integer 
INFO: [Synth 8-6157] synthesizing module 'axi_protocol_converter_v2_1_21_b2s_cmd_translator' [c:/projects/NN_copy/NN_copy.srcs/sources_1/bd/design_1/ipshared/8dfa/hdl/axi_protocol_converter_v2_1_vl_rfs.v:3464]
	Parameter C_AXI_ADDR_WIDTH bound to: 32 - type: integer 
	Parameter P_AXBURST_FIXED bound to: 2'b00 
	Parameter P_AXBURST_INCR bound to: 2'b01 
	Parameter P_AXBURST_WRAP bound to: 2'b10 
INFO: [Synth 8-6157] synthesizing module 'axi_protocol_converter_v2_1_21_b2s_incr_cmd' [c:/projects/NN_copy/NN_copy.srcs/sources_1/bd/design_1/ipshared/8dfa/hdl/axi_protocol_converter_v2_1_vl_rfs.v:3092]
	Parameter C_AXI_ADDR_WIDTH bound to: 32 - type: integer 
	Parameter L_AXI_ADDR_LOW_BIT bound to: 12 - type: integer 
INFO: [Synth 8-6155] done synthesizing module 'axi_protocol_converter_v2_1_21_b2s_incr_cmd' (56#1) [c:/projects/NN_copy/NN_copy.srcs/sources_1/bd/design_1/ipshared/8dfa/hdl/axi_protocol_converter_v2_1_vl_rfs.v:3092]
INFO: [Synth 8-6157] synthesizing module 'axi_protocol_converter_v2_1_21_b2s_wrap_cmd' [c:/projects/NN_copy/NN_copy.srcs/sources_1/bd/design_1/ipshared/8dfa/hdl/axi_protocol_converter_v2_1_vl_rfs.v:2902]
	Parameter C_AXI_ADDR_WIDTH bound to: 32 - type: integer 
	Parameter L_AXI_ADDR_LOW_BIT bound to: 12 - type: integer 
INFO: [Synth 8-6155] done synthesizing module 'axi_protocol_converter_v2_1_21_b2s_wrap_cmd' (57#1) [c:/projects/NN_copy/NN_copy.srcs/sources_1/bd/design_1/ipshared/8dfa/hdl/axi_protocol_converter_v2_1_vl_rfs.v:2902]
INFO: [Synth 8-6155] done synthesizing module 'axi_protocol_converter_v2_1_21_b2s_cmd_translator' (58#1) [c:/projects/NN_copy/NN_copy.srcs/sources_1/bd/design_1/ipshared/8dfa/hdl/axi_protocol_converter_v2_1_vl_rfs.v:3464]
INFO: [Synth 8-6157] synthesizing module 'axi_protocol_converter_v2_1_21_b2s_wr_cmd_fsm' [c:/projects/NN_copy/NN_copy.srcs/sources_1/bd/design_1/ipshared/8dfa/hdl/axi_protocol_converter_v2_1_vl_rfs.v:3224]
	Parameter SM_IDLE bound to: 2'b00 
	Parameter SM_CMD_EN bound to: 2'b01 
	Parameter SM_CMD_ACCEPTED bound to: 2'b10 
	Parameter SM_DONE_WAIT bound to: 2'b11 
INFO: [Synth 8-226] default block is never used [c:/projects/NN_copy/NN_copy.srcs/sources_1/bd/design_1/ipshared/8dfa/hdl/axi_protocol_converter_v2_1_vl_rfs.v:3277]
INFO: [Synth 8-6155] done synthesizing module 'axi_protocol_converter_v2_1_21_b2s_wr_cmd_fsm' (59#1) [c:/projects/NN_copy/NN_copy.srcs/sources_1/bd/design_1/ipshared/8dfa/hdl/axi_protocol_converter_v2_1_vl_rfs.v:3224]
INFO: [Synth 8-6155] done synthesizing module 'axi_protocol_converter_v2_1_21_b2s_aw_channel' (60#1) [c:/projects/NN_copy/NN_copy.srcs/sources_1/bd/design_1/ipshared/8dfa/hdl/axi_protocol_converter_v2_1_vl_rfs.v:3971]
INFO: [Synth 8-6157] synthesizing module 'axi_protocol_converter_v2_1_21_b2s_b_channel' [c:/projects/NN_copy/NN_copy.srcs/sources_1/bd/design_1/ipshared/8dfa/hdl/axi_protocol_converter_v2_1_vl_rfs.v:3606]
	Parameter C_ID_WIDTH bound to: 12 - type: integer 
	Parameter LP_RESP_OKAY bound to: 2'b00 
	Parameter LP_RESP_EXOKAY bound to: 2'b01 
	Parameter LP_RESP_SLVERROR bound to: 2'b10 
	Parameter LP_RESP_DECERR bound to: 2'b11 
	Parameter P_WIDTH bound to: 20 - type: integer 
	Parameter P_DEPTH bound to: 4 - type: integer 
	Parameter P_AWIDTH bound to: 2 - type: integer 
	Parameter P_RWIDTH bound to: 2 - type: integer 
	Parameter P_RDEPTH bound to: 4 - type: integer 
	Parameter P_RAWIDTH bound to: 2 - type: integer 
INFO: [Synth 8-6157] synthesizing module 'axi_protocol_converter_v2_1_21_b2s_simple_fifo' [c:/projects/NN_copy/NN_copy.srcs/sources_1/bd/design_1/ipshared/8dfa/hdl/axi_protocol_converter_v2_1_vl_rfs.v:2816]
	Parameter C_WIDTH bound to: 20 - type: integer 
	Parameter C_AWIDTH bound to: 2 - type: integer 
	Parameter C_DEPTH bound to: 4 - type: integer 
	Parameter C_EMPTY bound to: 2'b11 
	Parameter C_EMPTY_PRE bound to: 2'b00 
	Parameter C_FULL bound to: 2'b10 
	Parameter C_FULL_PRE bound to: 2'b01 
INFO: [Synth 8-6155] done synthesizing module 'axi_protocol_converter_v2_1_21_b2s_simple_fifo' (61#1) [c:/projects/NN_copy/NN_copy.srcs/sources_1/bd/design_1/ipshared/8dfa/hdl/axi_protocol_converter_v2_1_vl_rfs.v:2816]
INFO: [Synth 8-6157] synthesizing module 'axi_protocol_converter_v2_1_21_b2s_simple_fifo__parameterized0' [c:/projects/NN_copy/NN_copy.srcs/sources_1/bd/design_1/ipshared/8dfa/hdl/axi_protocol_converter_v2_1_vl_rfs.v:2816]
	Parameter C_WIDTH bound to: 2 - type: integer 
	Parameter C_AWIDTH bound to: 2 - type: integer 
	Parameter C_DEPTH bound to: 4 - type: integer 
	Parameter C_EMPTY bound to: 2'b11 
	Parameter C_EMPTY_PRE bound to: 2'b00 
	Parameter C_FULL bound to: 2'b10 
	Parameter C_FULL_PRE bound to: 2'b01 
INFO: [Synth 8-6155] done synthesizing module 'axi_protocol_converter_v2_1_21_b2s_simple_fifo__parameterized0' (61#1) [c:/projects/NN_copy/NN_copy.srcs/sources_1/bd/design_1/ipshared/8dfa/hdl/axi_protocol_converter_v2_1_vl_rfs.v:2816]
INFO: [Synth 8-6155] done synthesizing module 'axi_protocol_converter_v2_1_21_b2s_b_channel' (62#1) [c:/projects/NN_copy/NN_copy.srcs/sources_1/bd/design_1/ipshared/8dfa/hdl/axi_protocol_converter_v2_1_vl_rfs.v:3606]
INFO: [Synth 8-6157] synthesizing module 'axi_protocol_converter_v2_1_21_b2s_ar_channel' [c:/projects/NN_copy/NN_copy.srcs/sources_1/bd/design_1/ipshared/8dfa/hdl/axi_protocol_converter_v2_1_vl_rfs.v:4082]
	Parameter C_ID_WIDTH bound to: 12 - type: integer 
	Parameter C_AXI_ADDR_WIDTH bound to: 32 - type: integer 
INFO: [Synth 8-6157] synthesizing module 'axi_protocol_converter_v2_1_21_b2s_rd_cmd_fsm' [c:/projects/NN_copy/NN_copy.srcs/sources_1/bd/design_1/ipshared/8dfa/hdl/axi_protocol_converter_v2_1_vl_rfs.v:3334]
	Parameter SM_IDLE bound to: 2'b00 
	Parameter SM_CMD_EN bound to: 2'b01 
	Parameter SM_CMD_ACCEPTED bound to: 2'b10 
	Parameter SM_DONE bound to: 2'b11 
INFO: [Synth 8-226] default block is never used [c:/projects/NN_copy/NN_copy.srcs/sources_1/bd/design_1/ipshared/8dfa/hdl/axi_protocol_converter_v2_1_vl_rfs.v:3395]
INFO: [Synth 8-6155] done synthesizing module 'axi_protocol_converter_v2_1_21_b2s_rd_cmd_fsm' (63#1) [c:/projects/NN_copy/NN_copy.srcs/sources_1/bd/design_1/ipshared/8dfa/hdl/axi_protocol_converter_v2_1_vl_rfs.v:3334]
INFO: [Synth 8-6155] done synthesizing module 'axi_protocol_converter_v2_1_21_b2s_ar_channel' (64#1) [c:/projects/NN_copy/NN_copy.srcs/sources_1/bd/design_1/ipshared/8dfa/hdl/axi_protocol_converter_v2_1_vl_rfs.v:4082]
INFO: [Synth 8-6157] synthesizing module 'axi_protocol_converter_v2_1_21_b2s_r_channel' [c:/projects/NN_copy/NN_copy.srcs/sources_1/bd/design_1/ipshared/8dfa/hdl/axi_protocol_converter_v2_1_vl_rfs.v:3811]
	Parameter C_ID_WIDTH bound to: 12 - type: integer 
	Parameter C_DATA_WIDTH bound to: 32 - type: integer 
	Parameter P_WIDTH bound to: 13 - type: integer 
	Parameter P_DEPTH bound to: 32 - type: integer 
	Parameter P_AWIDTH bound to: 5 - type: integer 
	Parameter P_D_WIDTH bound to: 34 - type: integer 
	Parameter P_D_DEPTH bound to: 32 - type: integer 
	Parameter P_D_AWIDTH bound to: 5 - type: integer 
INFO: [Synth 8-6157] synthesizing module 'axi_protocol_converter_v2_1_21_b2s_simple_fifo__parameterized1' [c:/projects/NN_copy/NN_copy.srcs/sources_1/bd/design_1/ipshared/8dfa/hdl/axi_protocol_converter_v2_1_vl_rfs.v:2816]
	Parameter C_WIDTH bound to: 34 - type: integer 
	Parameter C_AWIDTH bound to: 5 - type: integer 
	Parameter C_DEPTH bound to: 32 - type: integer 
	Parameter C_EMPTY bound to: 5'b11111 
	Parameter C_EMPTY_PRE bound to: 5'b00000 
	Parameter C_FULL bound to: 5'b11110 
	Parameter C_FULL_PRE bound to: 5'b11010 
INFO: [Synth 8-6155] done synthesizing module 'axi_protocol_converter_v2_1_21_b2s_simple_fifo__parameterized1' (64#1) [c:/projects/NN_copy/NN_copy.srcs/sources_1/bd/design_1/ipshared/8dfa/hdl/axi_protocol_converter_v2_1_vl_rfs.v:2816]
INFO: [Synth 8-6157] synthesizing module 'axi_protocol_converter_v2_1_21_b2s_simple_fifo__parameterized2' [c:/projects/NN_copy/NN_copy.srcs/sources_1/bd/design_1/ipshared/8dfa/hdl/axi_protocol_converter_v2_1_vl_rfs.v:2816]
	Parameter C_WIDTH bound to: 13 - type: integer 
	Parameter C_AWIDTH bound to: 5 - type: integer 
	Parameter C_DEPTH bound to: 32 - type: integer 
	Parameter C_EMPTY bound to: 5'b11111 
	Parameter C_EMPTY_PRE bound to: 5'b00000 
	Parameter C_FULL bound to: 5'b11110 
	Parameter C_FULL_PRE bound to: 5'b11010 
INFO: [Synth 8-6155] done synthesizing module 'axi_protocol_converter_v2_1_21_b2s_simple_fifo__parameterized2' (64#1) [c:/projects/NN_copy/NN_copy.srcs/sources_1/bd/design_1/ipshared/8dfa/hdl/axi_protocol_converter_v2_1_vl_rfs.v:2816]
INFO: [Synth 8-6155] done synthesizing module 'axi_protocol_converter_v2_1_21_b2s_r_channel' (65#1) [c:/projects/NN_copy/NN_copy.srcs/sources_1/bd/design_1/ipshared/8dfa/hdl/axi_protocol_converter_v2_1_vl_rfs.v:3811]
INFO: [Synth 8-6157] synthesizing module 'axi_register_slice_v2_1_21_axi_register_slice' [c:/projects/NN_copy/NN_copy.srcs/sources_1/bd/design_1/ipshared/2ef9/hdl/axi_register_slice_v2_1_vl_rfs.v:3726]
	Parameter C_FAMILY bound to: virtex6 - type: string 
	Parameter C_AXI_PROTOCOL bound to: 1 - type: integer 
	Parameter C_AXI_ID_WIDTH bound to: 12 - type: integer 
	Parameter C_AXI_ADDR_WIDTH bound to: 32 - type: integer 
	Parameter C_AXI_DATA_WIDTH bound to: 32 - type: integer 
	Parameter C_AXI_SUPPORTS_USER_SIGNALS bound to: 0 - type: integer 
	Parameter C_AXI_AWUSER_WIDTH bound to: 1 - type: integer 
	Parameter C_AXI_ARUSER_WIDTH bound to: 1 - type: integer 
	Parameter C_AXI_WUSER_WIDTH bound to: 1 - type: integer 
	Parameter C_AXI_RUSER_WIDTH bound to: 1 - type: integer 
	Parameter C_AXI_BUSER_WIDTH bound to: 1 - type: integer 
	Parameter C_REG_CONFIG_AW bound to: 1 - type: integer 
	Parameter C_REG_CONFIG_W bound to: 0 - type: integer 
	Parameter C_REG_CONFIG_B bound to: 1 - type: integer 
	Parameter C_REG_CONFIG_AR bound to: 1 - type: integer 
	Parameter C_REG_CONFIG_R bound to: 1 - type: integer 
	Parameter C_RESERVE_MODE bound to: 0 - type: integer 
	Parameter C_NUM_SLR_CROSSINGS bound to: 0 - type: integer 
	Parameter C_PIPELINES_MASTER_AW bound to: 0 - type: integer 
	Parameter C_PIPELINES_MASTER_W bound to: 0 - type: integer 
	Parameter C_PIPELINES_MASTER_B bound to: 0 - type: integer 
	Parameter C_PIPELINES_MASTER_AR bound to: 0 - type: integer 
	Parameter C_PIPELINES_MASTER_R bound to: 0 - type: integer 
	Parameter C_PIPELINES_SLAVE_AW bound to: 0 - type: integer 
	Parameter C_PIPELINES_SLAVE_W bound to: 0 - type: integer 
	Parameter C_PIPELINES_SLAVE_B bound to: 0 - type: integer 
	Parameter C_PIPELINES_SLAVE_AR bound to: 0 - type: integer 
	Parameter C_PIPELINES_SLAVE_R bound to: 0 - type: integer 
	Parameter C_PIPELINES_MIDDLE_AW bound to: 0 - type: integer 
	Parameter C_PIPELINES_MIDDLE_W bound to: 0 - type: integer 
	Parameter C_PIPELINES_MIDDLE_B bound to: 0 - type: integer 
	Parameter C_PIPELINES_MIDDLE_AR bound to: 0 - type: integer 
	Parameter C_PIPELINES_MIDDLE_R bound to: 0 - type: integer 
	Parameter C_AXI_SUPPORTS_REGION_SIGNALS bound to: 0 - type: integer 
	Parameter P_FORWARD bound to: 0 - type: integer 
	Parameter P_RESPONSE bound to: 1 - type: integer 
	Parameter G_AXI_AWADDR_INDEX bound to: 0 - type: integer 
	Parameter G_AXI_AWADDR_WIDTH bound to: 32 - type: integer 
	Parameter G_AXI_AWPROT_INDEX bound to: 32 - type: integer 
	Parameter G_AXI_AWPROT_WIDTH bound to: 3 - type: integer 
	Parameter G_AXI_AWSIZE_INDEX bound to: 35 - type: integer 
	Parameter G_AXI_AWSIZE_WIDTH bound to: 3 - type: integer 
	Parameter G_AXI_AWBURST_INDEX bound to: 38 - type: integer 
	Parameter G_AXI_AWBURST_WIDTH bound to: 2 - type: integer 
	Parameter G_AXI_AWCACHE_INDEX bound to: 40 - type: integer 
	Parameter G_AXI_AWCACHE_WIDTH bound to: 4 - type: integer 
	Parameter G_AXI_AWLEN_INDEX bound to: 44 - type: integer 
	Parameter G_AXI_AWLEN_WIDTH bound to: 4 - type: integer 
	Parameter G_AXI_AWLOCK_INDEX bound to: 48 - type: integer 
	Parameter G_AXI_AWLOCK_WIDTH bound to: 2 - type: integer 
	Parameter G_AXI_AWID_INDEX bound to: 50 - type: integer 
	Parameter G_AXI_AWID_WIDTH bound to: 12 - type: integer 
	Parameter G_AXI_AWQOS_INDEX bound to: 62 - type: integer 
	Parameter G_AXI_AWQOS_WIDTH bound to: 4 - type: integer 
	Parameter G_AXI_AWREGION_INDEX bound to: 66 - type: integer 
	Parameter G_AXI_AWREGION_WIDTH bound to: 0 - type: integer 
	Parameter G_AXI_AWUSER_INDEX bound to: 66 - type: integer 
	Parameter G_AXI_AWUSER_WIDTH bound to: 0 - type: integer 
	Parameter G_AXI_AWPAYLOAD_WIDTH bound to: 66 - type: integer 
	Parameter G_AXI_ARADDR_INDEX bound to: 0 - type: integer 
	Parameter G_AXI_ARADDR_WIDTH bound to: 32 - type: integer 
	Parameter G_AXI_ARPROT_INDEX bound to: 32 - type: integer 
	Parameter G_AXI_ARPROT_WIDTH bound to: 3 - type: integer 
	Parameter G_AXI_ARSIZE_INDEX bound to: 35 - type: integer 
	Parameter G_AXI_ARSIZE_WIDTH bound to: 3 - type: integer 
	Parameter G_AXI_ARBURST_INDEX bound to: 38 - type: integer 
	Parameter G_AXI_ARBURST_WIDTH bound to: 2 - type: integer 
	Parameter G_AXI_ARCACHE_INDEX bound to: 40 - type: integer 
	Parameter G_AXI_ARCACHE_WIDTH bound to: 4 - type: integer 
	Parameter G_AXI_ARLEN_INDEX bound to: 44 - type: integer 
	Parameter G_AXI_ARLEN_WIDTH bound to: 4 - type: integer 
	Parameter G_AXI_ARLOCK_INDEX bound to: 48 - type: integer 
	Parameter G_AXI_ARLOCK_WIDTH bound to: 2 - type: integer 
	Parameter G_AXI_ARID_INDEX bound to: 50 - type: integer 
	Parameter G_AXI_ARID_WIDTH bound to: 12 - type: integer 
	Parameter G_AXI_ARQOS_INDEX bound to: 62 - type: integer 
	Parameter G_AXI_ARQOS_WIDTH bound to: 4 - type: integer 
	Parameter G_AXI_ARREGION_INDEX bound to: 66 - type: integer 
	Parameter G_AXI_ARREGION_WIDTH bound to: 0 - type: integer 
	Parameter G_AXI_ARUSER_INDEX bound to: 66 - type: integer 
	Parameter G_AXI_ARUSER_WIDTH bound to: 0 - type: integer 
	Parameter G_AXI_ARPAYLOAD_WIDTH bound to: 66 - type: integer 
	Parameter G_AXI_WDATA_INDEX bound to: 0 - type: integer 
	Parameter G_AXI_WDATA_WIDTH bound to: 32 - type: integer 
	Parameter G_AXI_WSTRB_INDEX bound to: 32 - type: integer 
	Parameter G_AXI_WSTRB_WIDTH bound to: 4 - type: integer 
	Parameter G_AXI_WLAST_INDEX bound to: 36 - type: integer 
	Parameter G_AXI_WLAST_WIDTH bound to: 1 - type: integer 
	Parameter G_AXI_WID_INDEX bound to: 37 - type: integer 
	Parameter G_AXI_WID_WIDTH bound to: 12 - type: integer 
	Parameter G_AXI_WUSER_INDEX bound to: 49 - type: integer 
	Parameter G_AXI_WUSER_WIDTH bound to: 0 - type: integer 
	Parameter G_AXI_WPAYLOAD_WIDTH bound to: 49 - type: integer 
	Parameter G_AXI_BRESP_INDEX bound to: 0 - type: integer 
	Parameter G_AXI_BRESP_WIDTH bound to: 2 - type: integer 
	Parameter G_AXI_BID_INDEX bound to: 2 - type: integer 
	Parameter G_AXI_BID_WIDTH bound to: 12 - type: integer 
	Parameter G_AXI_BUSER_INDEX bound to: 14 - type: integer 
	Parameter G_AXI_BUSER_WIDTH bound to: 0 - type: integer 
	Parameter G_AXI_BPAYLOAD_WIDTH bound to: 14 - type: integer 
	Parameter G_AXI_RDATA_INDEX bound to: 0 - type: integer 
	Parameter G_AXI_RDATA_WIDTH bound to: 32 - type: integer 
	Parameter G_AXI_RRESP_INDEX bound to: 32 - type: integer 
	Parameter G_AXI_RRESP_WIDTH bound to: 2 - type: integer 
	Parameter G_AXI_RLAST_INDEX bound to: 34 - type: integer 
	Parameter G_AXI_RLAST_WIDTH bound to: 1 - type: integer 
	Parameter G_AXI_RID_INDEX bound to: 35 - type: integer 
	Parameter G_AXI_RID_WIDTH bound to: 12 - type: integer 
	Parameter G_AXI_RUSER_INDEX bound to: 47 - type: integer 
	Parameter G_AXI_RUSER_WIDTH bound to: 0 - type: integer 
	Parameter G_AXI_RPAYLOAD_WIDTH bound to: 47 - type: integer 
INFO: [Synth 8-6157] synthesizing module 'axi_infrastructure_v1_1_0_axi2vector' [c:/projects/NN_copy/NN_copy.srcs/sources_1/bd/design_1/ipshared/ec67/hdl/axi_infrastructure_v1_1_vl_rfs.v:60]
	Parameter C_AXI_PROTOCOL bound to: 1 - type: integer 
	Parameter C_AXI_ID_WIDTH bound to: 12 - type: integer 
	Parameter C_AXI_ADDR_WIDTH bound to: 32 - type: integer 
	Parameter C_AXI_DATA_WIDTH bound to: 32 - type: integer 
	Parameter C_AXI_SUPPORTS_USER_SIGNALS bound to: 0 - type: integer 
	Parameter C_AXI_SUPPORTS_REGION_SIGNALS bound to: 0 - type: integer 
	Parameter C_AXI_AWUSER_WIDTH bound to: 1 - type: integer 
	Parameter C_AXI_WUSER_WIDTH bound to: 1 - type: integer 
	Parameter C_AXI_BUSER_WIDTH bound to: 1 - type: integer 
	Parameter C_AXI_ARUSER_WIDTH bound to: 1 - type: integer 
	Parameter C_AXI_RUSER_WIDTH bound to: 1 - type: integer 
	Parameter C_AWPAYLOAD_WIDTH bound to: 66 - type: integer 
	Parameter C_WPAYLOAD_WIDTH bound to: 49 - type: integer 
	Parameter C_BPAYLOAD_WIDTH bound to: 14 - type: integer 
	Parameter C_ARPAYLOAD_WIDTH bound to: 66 - type: integer 
	Parameter C_RPAYLOAD_WIDTH bound to: 47 - type: integer 
	Parameter G_AXI_AWADDR_INDEX bound to: 0 - type: integer 
	Parameter G_AXI_AWADDR_WIDTH bound to: 32 - type: integer 
	Parameter G_AXI_AWPROT_INDEX bound to: 32 - type: integer 
	Parameter G_AXI_AWPROT_WIDTH bound to: 3 - type: integer 
	Parameter G_AXI_AWSIZE_INDEX bound to: 35 - type: integer 
	Parameter G_AXI_AWSIZE_WIDTH bound to: 3 - type: integer 
	Parameter G_AXI_AWBURST_INDEX bound to: 38 - type: integer 
	Parameter G_AXI_AWBURST_WIDTH bound to: 2 - type: integer 
	Parameter G_AXI_AWCACHE_INDEX bound to: 40 - type: integer 
	Parameter G_AXI_AWCACHE_WIDTH bound to: 4 - type: integer 
	Parameter G_AXI_AWLEN_INDEX bound to: 44 - type: integer 
	Parameter G_AXI_AWLEN_WIDTH bound to: 4 - type: integer 
	Parameter G_AXI_AWLOCK_INDEX bound to: 48 - type: integer 
	Parameter G_AXI_AWLOCK_WIDTH bound to: 2 - type: integer 
	Parameter G_AXI_AWID_INDEX bound to: 50 - type: integer 
	Parameter G_AXI_AWID_WIDTH bound to: 12 - type: integer 
	Parameter G_AXI_AWQOS_INDEX bound to: 62 - type: integer 
	Parameter G_AXI_AWQOS_WIDTH bound to: 4 - type: integer 
	Parameter G_AXI_AWREGION_INDEX bound to: 66 - type: integer 
	Parameter G_AXI_AWREGION_WIDTH bound to: 0 - type: integer 
	Parameter G_AXI_AWUSER_INDEX bound to: 66 - type: integer 
	Parameter G_AXI_AWUSER_WIDTH bound to: 0 - type: integer 
	Parameter G_AXI_AWPAYLOAD_WIDTH bound to: 66 - type: integer 
	Parameter G_AXI_ARADDR_INDEX bound to: 0 - type: integer 
	Parameter G_AXI_ARADDR_WIDTH bound to: 32 - type: integer 
	Parameter G_AXI_ARPROT_INDEX bound to: 32 - type: integer 
	Parameter G_AXI_ARPROT_WIDTH bound to: 3 - type: integer 
	Parameter G_AXI_ARSIZE_INDEX bound to: 35 - type: integer 
	Parameter G_AXI_ARSIZE_WIDTH bound to: 3 - type: integer 
	Parameter G_AXI_ARBURST_INDEX bound to: 38 - type: integer 
	Parameter G_AXI_ARBURST_WIDTH bound to: 2 - type: integer 
	Parameter G_AXI_ARCACHE_INDEX bound to: 40 - type: integer 
	Parameter G_AXI_ARCACHE_WIDTH bound to: 4 - type: integer 
	Parameter G_AXI_ARLEN_INDEX bound to: 44 - type: integer 
	Parameter G_AXI_ARLEN_WIDTH bound to: 4 - type: integer 
	Parameter G_AXI_ARLOCK_INDEX bound to: 48 - type: integer 
	Parameter G_AXI_ARLOCK_WIDTH bound to: 2 - type: integer 
	Parameter G_AXI_ARID_INDEX bound to: 50 - type: integer 
	Parameter G_AXI_ARID_WIDTH bound to: 12 - type: integer 
	Parameter G_AXI_ARQOS_INDEX bound to: 62 - type: integer 
	Parameter G_AXI_ARQOS_WIDTH bound to: 4 - type: integer 
	Parameter G_AXI_ARREGION_INDEX bound to: 66 - type: integer 
	Parameter G_AXI_ARREGION_WIDTH bound to: 0 - type: integer 
	Parameter G_AXI_ARUSER_INDEX bound to: 66 - type: integer 
	Parameter G_AXI_ARUSER_WIDTH bound to: 0 - type: integer 
	Parameter G_AXI_ARPAYLOAD_WIDTH bound to: 66 - type: integer 
	Parameter G_AXI_WDATA_INDEX bound to: 0 - type: integer 
	Parameter G_AXI_WDATA_WIDTH bound to: 32 - type: integer 
	Parameter G_AXI_WSTRB_INDEX bound to: 32 - type: integer 
	Parameter G_AXI_WSTRB_WIDTH bound to: 4 - type: integer 
	Parameter G_AXI_WLAST_INDEX bound to: 36 - type: integer 
	Parameter G_AXI_WLAST_WIDTH bound to: 1 - type: integer 
	Parameter G_AXI_WID_INDEX bound to: 37 - type: integer 
	Parameter G_AXI_WID_WIDTH bound to: 12 - type: integer 
	Parameter G_AXI_WUSER_INDEX bound to: 49 - type: integer 
	Parameter G_AXI_WUSER_WIDTH bound to: 0 - type: integer 
	Parameter G_AXI_WPAYLOAD_WIDTH bound to: 49 - type: integer 
	Parameter G_AXI_BRESP_INDEX bound to: 0 - type: integer 
	Parameter G_AXI_BRESP_WIDTH bound to: 2 - type: integer 
	Parameter G_AXI_BID_INDEX bound to: 2 - type: integer 
	Parameter G_AXI_BID_WIDTH bound to: 12 - type: integer 
	Parameter G_AXI_BUSER_INDEX bound to: 14 - type: integer 
	Parameter G_AXI_BUSER_WIDTH bound to: 0 - type: integer 
	Parameter G_AXI_BPAYLOAD_WIDTH bound to: 14 - type: integer 
	Parameter G_AXI_RDATA_INDEX bound to: 0 - type: integer 
	Parameter G_AXI_RDATA_WIDTH bound to: 32 - type: integer 
	Parameter G_AXI_RRESP_INDEX bound to: 32 - type: integer 
	Parameter G_AXI_RRESP_WIDTH bound to: 2 - type: integer 
	Parameter G_AXI_RLAST_INDEX bound to: 34 - type: integer 
	Parameter G_AXI_RLAST_WIDTH bound to: 1 - type: integer 
	Parameter G_AXI_RID_INDEX bound to: 35 - type: integer 
	Parameter G_AXI_RID_WIDTH bound to: 12 - type: integer 
	Parameter G_AXI_RUSER_INDEX bound to: 47 - type: integer 
	Parameter G_AXI_RUSER_WIDTH bound to: 0 - type: integer 
	Parameter G_AXI_RPAYLOAD_WIDTH bound to: 47 - type: integer 
INFO: [Synth 8-6155] done synthesizing module 'axi_infrastructure_v1_1_0_axi2vector' (66#1) [c:/projects/NN_copy/NN_copy.srcs/sources_1/bd/design_1/ipshared/ec67/hdl/axi_infrastructure_v1_1_vl_rfs.v:60]
INFO: [Synth 8-6157] synthesizing module 'axi_infrastructure_v1_1_0_vector2axi' [c:/projects/NN_copy/NN_copy.srcs/sources_1/bd/design_1/ipshared/ec67/hdl/axi_infrastructure_v1_1_vl_rfs.v:474]
	Parameter C_AXI_PROTOCOL bound to: 1 - type: integer 
	Parameter C_AXI_ID_WIDTH bound to: 12 - type: integer 
	Parameter C_AXI_ADDR_WIDTH bound to: 32 - type: integer 
	Parameter C_AXI_DATA_WIDTH bound to: 32 - type: integer 
	Parameter C_AXI_SUPPORTS_USER_SIGNALS bound to: 0 - type: integer 
	Parameter C_AXI_SUPPORTS_REGION_SIGNALS bound to: 0 - type: integer 
	Parameter C_AXI_AWUSER_WIDTH bound to: 1 - type: integer 
	Parameter C_AXI_WUSER_WIDTH bound to: 1 - type: integer 
	Parameter C_AXI_BUSER_WIDTH bound to: 1 - type: integer 
	Parameter C_AXI_ARUSER_WIDTH bound to: 1 - type: integer 
	Parameter C_AXI_RUSER_WIDTH bound to: 1 - type: integer 
	Parameter C_AWPAYLOAD_WIDTH bound to: 66 - type: integer 
	Parameter C_WPAYLOAD_WIDTH bound to: 49 - type: integer 
	Parameter C_BPAYLOAD_WIDTH bound to: 14 - type: integer 
	Parameter C_ARPAYLOAD_WIDTH bound to: 66 - type: integer 
	Parameter C_RPAYLOAD_WIDTH bound to: 47 - type: integer 
	Parameter G_AXI_AWADDR_INDEX bound to: 0 - type: integer 
	Parameter G_AXI_AWADDR_WIDTH bound to: 32 - type: integer 
	Parameter G_AXI_AWPROT_INDEX bound to: 32 - type: integer 
	Parameter G_AXI_AWPROT_WIDTH bound to: 3 - type: integer 
	Parameter G_AXI_AWSIZE_INDEX bound to: 35 - type: integer 
	Parameter G_AXI_AWSIZE_WIDTH bound to: 3 - type: integer 
	Parameter G_AXI_AWBURST_INDEX bound to: 38 - type: integer 
	Parameter G_AXI_AWBURST_WIDTH bound to: 2 - type: integer 
	Parameter G_AXI_AWCACHE_INDEX bound to: 40 - type: integer 
	Parameter G_AXI_AWCACHE_WIDTH bound to: 4 - type: integer 
	Parameter G_AXI_AWLEN_INDEX bound to: 44 - type: integer 
	Parameter G_AXI_AWLEN_WIDTH bound to: 4 - type: integer 
	Parameter G_AXI_AWLOCK_INDEX bound to: 48 - type: integer 
	Parameter G_AXI_AWLOCK_WIDTH bound to: 2 - type: integer 
	Parameter G_AXI_AWID_INDEX bound to: 50 - type: integer 
	Parameter G_AXI_AWID_WIDTH bound to: 12 - type: integer 
	Parameter G_AXI_AWQOS_INDEX bound to: 62 - type: integer 
	Parameter G_AXI_AWQOS_WIDTH bound to: 4 - type: integer 
	Parameter G_AXI_AWREGION_INDEX bound to: 66 - type: integer 
	Parameter G_AXI_AWREGION_WIDTH bound to: 0 - type: integer 
	Parameter G_AXI_AWUSER_INDEX bound to: 66 - type: integer 
	Parameter G_AXI_AWUSER_WIDTH bound to: 0 - type: integer 
	Parameter G_AXI_AWPAYLOAD_WIDTH bound to: 66 - type: integer 
	Parameter G_AXI_ARADDR_INDEX bound to: 0 - type: integer 
	Parameter G_AXI_ARADDR_WIDTH bound to: 32 - type: integer 
	Parameter G_AXI_ARPROT_INDEX bound to: 32 - type: integer 
	Parameter G_AXI_ARPROT_WIDTH bound to: 3 - type: integer 
	Parameter G_AXI_ARSIZE_INDEX bound to: 35 - type: integer 
	Parameter G_AXI_ARSIZE_WIDTH bound to: 3 - type: integer 
	Parameter G_AXI_ARBURST_INDEX bound to: 38 - type: integer 
	Parameter G_AXI_ARBURST_WIDTH bound to: 2 - type: integer 
	Parameter G_AXI_ARCACHE_INDEX bound to: 40 - type: integer 
	Parameter G_AXI_ARCACHE_WIDTH bound to: 4 - type: integer 
	Parameter G_AXI_ARLEN_INDEX bound to: 44 - type: integer 
	Parameter G_AXI_ARLEN_WIDTH bound to: 4 - type: integer 
	Parameter G_AXI_ARLOCK_INDEX bound to: 48 - type: integer 
	Parameter G_AXI_ARLOCK_WIDTH bound to: 2 - type: integer 
	Parameter G_AXI_ARID_INDEX bound to: 50 - type: integer 
	Parameter G_AXI_ARID_WIDTH bound to: 12 - type: integer 
	Parameter G_AXI_ARQOS_INDEX bound to: 62 - type: integer 
	Parameter G_AXI_ARQOS_WIDTH bound to: 4 - type: integer 
	Parameter G_AXI_ARREGION_INDEX bound to: 66 - type: integer 
	Parameter G_AXI_ARREGION_WIDTH bound to: 0 - type: integer 
	Parameter G_AXI_ARUSER_INDEX bound to: 66 - type: integer 
	Parameter G_AXI_ARUSER_WIDTH bound to: 0 - type: integer 
	Parameter G_AXI_ARPAYLOAD_WIDTH bound to: 66 - type: integer 
	Parameter G_AXI_WDATA_INDEX bound to: 0 - type: integer 
	Parameter G_AXI_WDATA_WIDTH bound to: 32 - type: integer 
	Parameter G_AXI_WSTRB_INDEX bound to: 32 - type: integer 
	Parameter G_AXI_WSTRB_WIDTH bound to: 4 - type: integer 
	Parameter G_AXI_WLAST_INDEX bound to: 36 - type: integer 
	Parameter G_AXI_WLAST_WIDTH bound to: 1 - type: integer 
	Parameter G_AXI_WID_INDEX bound to: 37 - type: integer 
	Parameter G_AXI_WID_WIDTH bound to: 12 - type: integer 
	Parameter G_AXI_WUSER_INDEX bound to: 49 - type: integer 
	Parameter G_AXI_WUSER_WIDTH bound to: 0 - type: integer 
	Parameter G_AXI_WPAYLOAD_WIDTH bound to: 49 - type: integer 
	Parameter G_AXI_BRESP_INDEX bound to: 0 - type: integer 
	Parameter G_AXI_BRESP_WIDTH bound to: 2 - type: integer 
	Parameter G_AXI_BID_INDEX bound to: 2 - type: integer 
	Parameter G_AXI_BID_WIDTH bound to: 12 - type: integer 
	Parameter G_AXI_BUSER_INDEX bound to: 14 - type: integer 
	Parameter G_AXI_BUSER_WIDTH bound to: 0 - type: integer 
	Parameter G_AXI_BPAYLOAD_WIDTH bound to: 14 - type: integer 
	Parameter G_AXI_RDATA_INDEX bound to: 0 - type: integer 
	Parameter G_AXI_RDATA_WIDTH bound to: 32 - type: integer 
	Parameter G_AXI_RRESP_INDEX bound to: 32 - type: integer 
	Parameter G_AXI_RRESP_WIDTH bound to: 2 - type: integer 
	Parameter G_AXI_RLAST_INDEX bound to: 34 - type: integer 
	Parameter G_AXI_RLAST_WIDTH bound to: 1 - type: integer 
	Parameter G_AXI_RID_INDEX bound to: 35 - type: integer 
	Parameter G_AXI_RID_WIDTH bound to: 12 - type: integer 
	Parameter G_AXI_RUSER_INDEX bound to: 47 - type: integer 
	Parameter G_AXI_RUSER_WIDTH bound to: 0 - type: integer 
	Parameter G_AXI_RPAYLOAD_WIDTH bound to: 47 - type: integer 
INFO: [Synth 8-6155] done synthesizing module 'axi_infrastructure_v1_1_0_vector2axi' (67#1) [c:/projects/NN_copy/NN_copy.srcs/sources_1/bd/design_1/ipshared/ec67/hdl/axi_infrastructure_v1_1_vl_rfs.v:474]
INFO: [Synth 8-6157] synthesizing module 'axi_register_slice_v2_1_21_axic_register_slice' [c:/projects/NN_copy/NN_copy.srcs/sources_1/bd/design_1/ipshared/2ef9/hdl/axi_register_slice_v2_1_vl_rfs.v:1498]
	Parameter C_FAMILY bound to: virtex6 - type: string 
	Parameter C_DATA_WIDTH bound to: 66 - type: integer 
	Parameter C_REG_CONFIG bound to: 1 - type: integer 
INFO: [Synth 8-6155] done synthesizing module 'axi_register_slice_v2_1_21_axic_register_slice' (68#1) [c:/projects/NN_copy/NN_copy.srcs/sources_1/bd/design_1/ipshared/2ef9/hdl/axi_register_slice_v2_1_vl_rfs.v:1498]
INFO: [Synth 8-6157] synthesizing module 'axi_register_slice_v2_1_21_axic_register_slice__parameterized0' [c:/projects/NN_copy/NN_copy.srcs/sources_1/bd/design_1/ipshared/2ef9/hdl/axi_register_slice_v2_1_vl_rfs.v:1498]
	Parameter C_FAMILY bound to: virtex6 - type: string 
	Parameter C_DATA_WIDTH bound to: 49 - type: integer 
	Parameter C_REG_CONFIG bound to: 0 - type: integer 
INFO: [Synth 8-6155] done synthesizing module 'axi_register_slice_v2_1_21_axic_register_slice__parameterized0' (68#1) [c:/projects/NN_copy/NN_copy.srcs/sources_1/bd/design_1/ipshared/2ef9/hdl/axi_register_slice_v2_1_vl_rfs.v:1498]
INFO: [Synth 8-6157] synthesizing module 'axi_register_slice_v2_1_21_axic_register_slice__parameterized1' [c:/projects/NN_copy/NN_copy.srcs/sources_1/bd/design_1/ipshared/2ef9/hdl/axi_register_slice_v2_1_vl_rfs.v:1498]
	Parameter C_FAMILY bound to: virtex6 - type: string 
	Parameter C_DATA_WIDTH bound to: 14 - type: integer 
	Parameter C_REG_CONFIG bound to: 1 - type: integer 
INFO: [Synth 8-6155] done synthesizing module 'axi_register_slice_v2_1_21_axic_register_slice__parameterized1' (68#1) [c:/projects/NN_copy/NN_copy.srcs/sources_1/bd/design_1/ipshared/2ef9/hdl/axi_register_slice_v2_1_vl_rfs.v:1498]
INFO: [Synth 8-6157] synthesizing module 'axi_register_slice_v2_1_21_axic_register_slice__parameterized2' [c:/projects/NN_copy/NN_copy.srcs/sources_1/bd/design_1/ipshared/2ef9/hdl/axi_register_slice_v2_1_vl_rfs.v:1498]
	Parameter C_FAMILY bound to: virtex6 - type: string 
	Parameter C_DATA_WIDTH bound to: 47 - type: integer 
	Parameter C_REG_CONFIG bound to: 1 - type: integer 
INFO: [Synth 8-6155] done synthesizing module 'axi_register_slice_v2_1_21_axic_register_slice__parameterized2' (68#1) [c:/projects/NN_copy/NN_copy.srcs/sources_1/bd/design_1/ipshared/2ef9/hdl/axi_register_slice_v2_1_vl_rfs.v:1498]
INFO: [Synth 8-6155] done synthesizing module 'axi_register_slice_v2_1_21_axi_register_slice' (69#1) [c:/projects/NN_copy/NN_copy.srcs/sources_1/bd/design_1/ipshared/2ef9/hdl/axi_register_slice_v2_1_vl_rfs.v:3726]
WARNING: [Synth 8-7071] port 'aclk2x' of module 'axi_register_slice_v2_1_21_axi_register_slice' is unconnected for instance 'SI_REG' [c:/projects/NN_copy/NN_copy.srcs/sources_1/bd/design_1/ipshared/8dfa/hdl/axi_protocol_converter_v2_1_vl_rfs.v:4392]
WARNING: [Synth 8-7023] instance 'SI_REG' of module 'axi_register_slice_v2_1_21_axi_register_slice' has 93 connections declared, but only 92 given [c:/projects/NN_copy/NN_copy.srcs/sources_1/bd/design_1/ipshared/8dfa/hdl/axi_protocol_converter_v2_1_vl_rfs.v:4392]
INFO: [Synth 8-6157] synthesizing module 'axi_register_slice_v2_1_21_axi_register_slice__parameterized0' [c:/projects/NN_copy/NN_copy.srcs/sources_1/bd/design_1/ipshared/2ef9/hdl/axi_register_slice_v2_1_vl_rfs.v:3726]
	Parameter C_FAMILY bound to: virtex6 - type: string 
	Parameter C_AXI_PROTOCOL bound to: 2 - type: integer 
	Parameter C_AXI_ID_WIDTH bound to: 1 - type: integer 
	Parameter C_AXI_ADDR_WIDTH bound to: 32 - type: integer 
	Parameter C_AXI_DATA_WIDTH bound to: 32 - type: integer 
	Parameter C_AXI_SUPPORTS_USER_SIGNALS bound to: 0 - type: integer 
	Parameter C_AXI_AWUSER_WIDTH bound to: 1 - type: integer 
	Parameter C_AXI_ARUSER_WIDTH bound to: 1 - type: integer 
	Parameter C_AXI_WUSER_WIDTH bound to: 1 - type: integer 
	Parameter C_AXI_RUSER_WIDTH bound to: 1 - type: integer 
	Parameter C_AXI_BUSER_WIDTH bound to: 1 - type: integer 
	Parameter C_REG_CONFIG_AW bound to: 0 - type: integer 
	Parameter C_REG_CONFIG_W bound to: 0 - type: integer 
	Parameter C_REG_CONFIG_B bound to: 0 - type: integer 
	Parameter C_REG_CONFIG_AR bound to: 0 - type: integer 
	Parameter C_REG_CONFIG_R bound to: 0 - type: integer 
	Parameter C_RESERVE_MODE bound to: 0 - type: integer 
	Parameter C_NUM_SLR_CROSSINGS bound to: 0 - type: integer 
	Parameter C_PIPELINES_MASTER_AW bound to: 0 - type: integer 
	Parameter C_PIPELINES_MASTER_W bound to: 0 - type: integer 
	Parameter C_PIPELINES_MASTER_B bound to: 0 - type: integer 
	Parameter C_PIPELINES_MASTER_AR bound to: 0 - type: integer 
	Parameter C_PIPELINES_MASTER_R bound to: 0 - type: integer 
	Parameter C_PIPELINES_SLAVE_AW bound to: 0 - type: integer 
	Parameter C_PIPELINES_SLAVE_W bound to: 0 - type: integer 
	Parameter C_PIPELINES_SLAVE_B bound to: 0 - type: integer 
	Parameter C_PIPELINES_SLAVE_AR bound to: 0 - type: integer 
	Parameter C_PIPELINES_SLAVE_R bound to: 0 - type: integer 
	Parameter C_PIPELINES_MIDDLE_AW bound to: 0 - type: integer 
	Parameter C_PIPELINES_MIDDLE_W bound to: 0 - type: integer 
	Parameter C_PIPELINES_MIDDLE_B bound to: 0 - type: integer 
	Parameter C_PIPELINES_MIDDLE_AR bound to: 0 - type: integer 
	Parameter C_PIPELINES_MIDDLE_R bound to: 0 - type: integer 
	Parameter C_AXI_SUPPORTS_REGION_SIGNALS bound to: 0 - type: integer 
	Parameter P_FORWARD bound to: 0 - type: integer 
	Parameter P_RESPONSE bound to: 1 - type: integer 
	Parameter G_AXI_AWADDR_INDEX bound to: 0 - type: integer 
	Parameter G_AXI_AWADDR_WIDTH bound to: 32 - type: integer 
	Parameter G_AXI_AWPROT_INDEX bound to: 32 - type: integer 
	Parameter G_AXI_AWPROT_WIDTH bound to: 3 - type: integer 
	Parameter G_AXI_AWSIZE_INDEX bound to: 35 - type: integer 
	Parameter G_AXI_AWSIZE_WIDTH bound to: 0 - type: integer 
	Parameter G_AXI_AWBURST_INDEX bound to: 35 - type: integer 
	Parameter G_AXI_AWBURST_WIDTH bound to: 0 - type: integer 
	Parameter G_AXI_AWCACHE_INDEX bound to: 35 - type: integer 
	Parameter G_AXI_AWCACHE_WIDTH bound to: 0 - type: integer 
	Parameter G_AXI_AWLEN_INDEX bound to: 35 - type: integer 
	Parameter G_AXI_AWLEN_WIDTH bound to: 0 - type: integer 
	Parameter G_AXI_AWLOCK_INDEX bound to: 35 - type: integer 
	Parameter G_AXI_AWLOCK_WIDTH bound to: 0 - type: integer 
	Parameter G_AXI_AWID_INDEX bound to: 35 - type: integer 
	Parameter G_AXI_AWID_WIDTH bound to: 0 - type: integer 
	Parameter G_AXI_AWQOS_INDEX bound to: 35 - type: integer 
	Parameter G_AXI_AWQOS_WIDTH bound to: 0 - type: integer 
	Parameter G_AXI_AWREGION_INDEX bound to: 35 - type: integer 
	Parameter G_AXI_AWREGION_WIDTH bound to: 0 - type: integer 
	Parameter G_AXI_AWUSER_INDEX bound to: 35 - type: integer 
	Parameter G_AXI_AWUSER_WIDTH bound to: 0 - type: integer 
	Parameter G_AXI_AWPAYLOAD_WIDTH bound to: 35 - type: integer 
	Parameter G_AXI_ARADDR_INDEX bound to: 0 - type: integer 
	Parameter G_AXI_ARADDR_WIDTH bound to: 32 - type: integer 
	Parameter G_AXI_ARPROT_INDEX bound to: 32 - type: integer 
	Parameter G_AXI_ARPROT_WIDTH bound to: 3 - type: integer 
	Parameter G_AXI_ARSIZE_INDEX bound to: 35 - type: integer 
	Parameter G_AXI_ARSIZE_WIDTH bound to: 0 - type: integer 
	Parameter G_AXI_ARBURST_INDEX bound to: 35 - type: integer 
	Parameter G_AXI_ARBURST_WIDTH bound to: 0 - type: integer 
	Parameter G_AXI_ARCACHE_INDEX bound to: 35 - type: integer 
	Parameter G_AXI_ARCACHE_WIDTH bound to: 0 - type: integer 
	Parameter G_AXI_ARLEN_INDEX bound to: 35 - type: integer 
	Parameter G_AXI_ARLEN_WIDTH bound to: 0 - type: integer 
	Parameter G_AXI_ARLOCK_INDEX bound to: 35 - type: integer 
	Parameter G_AXI_ARLOCK_WIDTH bound to: 0 - type: integer 
	Parameter G_AXI_ARID_INDEX bound to: 35 - type: integer 
	Parameter G_AXI_ARID_WIDTH bound to: 0 - type: integer 
	Parameter G_AXI_ARQOS_INDEX bound to: 35 - type: integer 
	Parameter G_AXI_ARQOS_WIDTH bound to: 0 - type: integer 
	Parameter G_AXI_ARREGION_INDEX bound to: 35 - type: integer 
	Parameter G_AXI_ARREGION_WIDTH bound to: 0 - type: integer 
	Parameter G_AXI_ARUSER_INDEX bound to: 35 - type: integer 
	Parameter G_AXI_ARUSER_WIDTH bound to: 0 - type: integer 
	Parameter G_AXI_ARPAYLOAD_WIDTH bound to: 35 - type: integer 
	Parameter G_AXI_WDATA_INDEX bound to: 0 - type: integer 
	Parameter G_AXI_WDATA_WIDTH bound to: 32 - type: integer 
	Parameter G_AXI_WSTRB_INDEX bound to: 32 - type: integer 
	Parameter G_AXI_WSTRB_WIDTH bound to: 4 - type: integer 
	Parameter G_AXI_WLAST_INDEX bound to: 36 - type: integer 
	Parameter G_AXI_WLAST_WIDTH bound to: 0 - type: integer 
	Parameter G_AXI_WID_INDEX bound to: 36 - type: integer 
	Parameter G_AXI_WID_WIDTH bound to: 0 - type: integer 
	Parameter G_AXI_WUSER_INDEX bound to: 36 - type: integer 
	Parameter G_AXI_WUSER_WIDTH bound to: 0 - type: integer 
	Parameter G_AXI_WPAYLOAD_WIDTH bound to: 36 - type: integer 
	Parameter G_AXI_BRESP_INDEX bound to: 0 - type: integer 
	Parameter G_AXI_BRESP_WIDTH bound to: 2 - type: integer 
	Parameter G_AXI_BID_INDEX bound to: 2 - type: integer 
	Parameter G_AXI_BID_WIDTH bound to: 0 - type: integer 
	Parameter G_AXI_BUSER_INDEX bound to: 2 - type: integer 
	Parameter G_AXI_BUSER_WIDTH bound to: 0 - type: integer 
	Parameter G_AXI_BPAYLOAD_WIDTH bound to: 2 - type: integer 
	Parameter G_AXI_RDATA_INDEX bound to: 0 - type: integer 
	Parameter G_AXI_RDATA_WIDTH bound to: 32 - type: integer 
	Parameter G_AXI_RRESP_INDEX bound to: 32 - type: integer 
	Parameter G_AXI_RRESP_WIDTH bound to: 2 - type: integer 
	Parameter G_AXI_RLAST_INDEX bound to: 34 - type: integer 
	Parameter G_AXI_RLAST_WIDTH bound to: 0 - type: integer 
	Parameter G_AXI_RID_INDEX bound to: 34 - type: integer 
	Parameter G_AXI_RID_WIDTH bound to: 0 - type: integer 
	Parameter G_AXI_RUSER_INDEX bound to: 34 - type: integer 
	Parameter G_AXI_RUSER_WIDTH bound to: 0 - type: integer 
	Parameter G_AXI_RPAYLOAD_WIDTH bound to: 34 - type: integer 
INFO: [Synth 8-6157] synthesizing module 'axi_infrastructure_v1_1_0_axi2vector__parameterized0' [c:/projects/NN_copy/NN_copy.srcs/sources_1/bd/design_1/ipshared/ec67/hdl/axi_infrastructure_v1_1_vl_rfs.v:60]
	Parameter C_AXI_PROTOCOL bound to: 2 - type: integer 
	Parameter C_AXI_ID_WIDTH bound to: 1 - type: integer 
	Parameter C_AXI_ADDR_WIDTH bound to: 32 - type: integer 
	Parameter C_AXI_DATA_WIDTH bound to: 32 - type: integer 
	Parameter C_AXI_SUPPORTS_USER_SIGNALS bound to: 0 - type: integer 
	Parameter C_AXI_SUPPORTS_REGION_SIGNALS bound to: 0 - type: integer 
	Parameter C_AXI_AWUSER_WIDTH bound to: 1 - type: integer 
	Parameter C_AXI_WUSER_WIDTH bound to: 1 - type: integer 
	Parameter C_AXI_BUSER_WIDTH bound to: 1 - type: integer 
	Parameter C_AXI_ARUSER_WIDTH bound to: 1 - type: integer 
	Parameter C_AXI_RUSER_WIDTH bound to: 1 - type: integer 
	Parameter C_AWPAYLOAD_WIDTH bound to: 35 - type: integer 
	Parameter C_WPAYLOAD_WIDTH bound to: 36 - type: integer 
	Parameter C_BPAYLOAD_WIDTH bound to: 2 - type: integer 
	Parameter C_ARPAYLOAD_WIDTH bound to: 35 - type: integer 
	Parameter C_RPAYLOAD_WIDTH bound to: 34 - type: integer 
	Parameter G_AXI_AWADDR_INDEX bound to: 0 - type: integer 
	Parameter G_AXI_AWADDR_WIDTH bound to: 32 - type: integer 
	Parameter G_AXI_AWPROT_INDEX bound to: 32 - type: integer 
	Parameter G_AXI_AWPROT_WIDTH bound to: 3 - type: integer 
	Parameter G_AXI_AWSIZE_INDEX bound to: 35 - type: integer 
	Parameter G_AXI_AWSIZE_WIDTH bound to: 0 - type: integer 
	Parameter G_AXI_AWBURST_INDEX bound to: 35 - type: integer 
	Parameter G_AXI_AWBURST_WIDTH bound to: 0 - type: integer 
	Parameter G_AXI_AWCACHE_INDEX bound to: 35 - type: integer 
	Parameter G_AXI_AWCACHE_WIDTH bound to: 0 - type: integer 
	Parameter G_AXI_AWLEN_INDEX bound to: 35 - type: integer 
	Parameter G_AXI_AWLEN_WIDTH bound to: 0 - type: integer 
	Parameter G_AXI_AWLOCK_INDEX bound to: 35 - type: integer 
	Parameter G_AXI_AWLOCK_WIDTH bound to: 0 - type: integer 
	Parameter G_AXI_AWID_INDEX bound to: 35 - type: integer 
	Parameter G_AXI_AWID_WIDTH bound to: 0 - type: integer 
	Parameter G_AXI_AWQOS_INDEX bound to: 35 - type: integer 
	Parameter G_AXI_AWQOS_WIDTH bound to: 0 - type: integer 
	Parameter G_AXI_AWREGION_INDEX bound to: 35 - type: integer 
	Parameter G_AXI_AWREGION_WIDTH bound to: 0 - type: integer 
	Parameter G_AXI_AWUSER_INDEX bound to: 35 - type: integer 
	Parameter G_AXI_AWUSER_WIDTH bound to: 0 - type: integer 
	Parameter G_AXI_AWPAYLOAD_WIDTH bound to: 35 - type: integer 
	Parameter G_AXI_ARADDR_INDEX bound to: 0 - type: integer 
	Parameter G_AXI_ARADDR_WIDTH bound to: 32 - type: integer 
	Parameter G_AXI_ARPROT_INDEX bound to: 32 - type: integer 
	Parameter G_AXI_ARPROT_WIDTH bound to: 3 - type: integer 
	Parameter G_AXI_ARSIZE_INDEX bound to: 35 - type: integer 
	Parameter G_AXI_ARSIZE_WIDTH bound to: 0 - type: integer 
	Parameter G_AXI_ARBURST_INDEX bound to: 35 - type: integer 
	Parameter G_AXI_ARBURST_WIDTH bound to: 0 - type: integer 
	Parameter G_AXI_ARCACHE_INDEX bound to: 35 - type: integer 
	Parameter G_AXI_ARCACHE_WIDTH bound to: 0 - type: integer 
	Parameter G_AXI_ARLEN_INDEX bound to: 35 - type: integer 
	Parameter G_AXI_ARLEN_WIDTH bound to: 0 - type: integer 
	Parameter G_AXI_ARLOCK_INDEX bound to: 35 - type: integer 
	Parameter G_AXI_ARLOCK_WIDTH bound to: 0 - type: integer 
	Parameter G_AXI_ARID_INDEX bound to: 35 - type: integer 
	Parameter G_AXI_ARID_WIDTH bound to: 0 - type: integer 
	Parameter G_AXI_ARQOS_INDEX bound to: 35 - type: integer 
	Parameter G_AXI_ARQOS_WIDTH bound to: 0 - type: integer 
	Parameter G_AXI_ARREGION_INDEX bound to: 35 - type: integer 
	Parameter G_AXI_ARREGION_WIDTH bound to: 0 - type: integer 
	Parameter G_AXI_ARUSER_INDEX bound to: 35 - type: integer 
	Parameter G_AXI_ARUSER_WIDTH bound to: 0 - type: integer 
	Parameter G_AXI_ARPAYLOAD_WIDTH bound to: 35 - type: integer 
	Parameter G_AXI_WDATA_INDEX bound to: 0 - type: integer 
	Parameter G_AXI_WDATA_WIDTH bound to: 32 - type: integer 
	Parameter G_AXI_WSTRB_INDEX bound to: 32 - type: integer 
	Parameter G_AXI_WSTRB_WIDTH bound to: 4 - type: integer 
	Parameter G_AXI_WLAST_INDEX bound to: 36 - type: integer 
	Parameter G_AXI_WLAST_WIDTH bound to: 0 - type: integer 
	Parameter G_AXI_WID_INDEX bound to: 36 - type: integer 
	Parameter G_AXI_WID_WIDTH bound to: 0 - type: integer 
	Parameter G_AXI_WUSER_INDEX bound to: 36 - type: integer 
	Parameter G_AXI_WUSER_WIDTH bound to: 0 - type: integer 
	Parameter G_AXI_WPAYLOAD_WIDTH bound to: 36 - type: integer 
	Parameter G_AXI_BRESP_INDEX bound to: 0 - type: integer 
	Parameter G_AXI_BRESP_WIDTH bound to: 2 - type: integer 
	Parameter G_AXI_BID_INDEX bound to: 2 - type: integer 
	Parameter G_AXI_BID_WIDTH bound to: 0 - type: integer 
	Parameter G_AXI_BUSER_INDEX bound to: 2 - type: integer 
	Parameter G_AXI_BUSER_WIDTH bound to: 0 - type: integer 
	Parameter G_AXI_BPAYLOAD_WIDTH bound to: 2 - type: integer 
	Parameter G_AXI_RDATA_INDEX bound to: 0 - type: integer 
	Parameter G_AXI_RDATA_WIDTH bound to: 32 - type: integer 
	Parameter G_AXI_RRESP_INDEX bound to: 32 - type: integer 
	Parameter G_AXI_RRESP_WIDTH bound to: 2 - type: integer 
	Parameter G_AXI_RLAST_INDEX bound to: 34 - type: integer 
	Parameter G_AXI_RLAST_WIDTH bound to: 0 - type: integer 
	Parameter G_AXI_RID_INDEX bound to: 34 - type: integer 
	Parameter G_AXI_RID_WIDTH bound to: 0 - type: integer 
	Parameter G_AXI_RUSER_INDEX bound to: 34 - type: integer 
	Parameter G_AXI_RUSER_WIDTH bound to: 0 - type: integer 
	Parameter G_AXI_RPAYLOAD_WIDTH bound to: 34 - type: integer 
INFO: [Synth 8-6155] done synthesizing module 'axi_infrastructure_v1_1_0_axi2vector__parameterized0' (69#1) [c:/projects/NN_copy/NN_copy.srcs/sources_1/bd/design_1/ipshared/ec67/hdl/axi_infrastructure_v1_1_vl_rfs.v:60]
INFO: [Synth 8-6157] synthesizing module 'axi_infrastructure_v1_1_0_vector2axi__parameterized0' [c:/projects/NN_copy/NN_copy.srcs/sources_1/bd/design_1/ipshared/ec67/hdl/axi_infrastructure_v1_1_vl_rfs.v:474]
	Parameter C_AXI_PROTOCOL bound to: 2 - type: integer 
	Parameter C_AXI_ID_WIDTH bound to: 1 - type: integer 
	Parameter C_AXI_ADDR_WIDTH bound to: 32 - type: integer 
	Parameter C_AXI_DATA_WIDTH bound to: 32 - type: integer 
	Parameter C_AXI_SUPPORTS_USER_SIGNALS bound to: 0 - type: integer 
	Parameter C_AXI_SUPPORTS_REGION_SIGNALS bound to: 0 - type: integer 
	Parameter C_AXI_AWUSER_WIDTH bound to: 1 - type: integer 
	Parameter C_AXI_WUSER_WIDTH bound to: 1 - type: integer 
	Parameter C_AXI_BUSER_WIDTH bound to: 1 - type: integer 
	Parameter C_AXI_ARUSER_WIDTH bound to: 1 - type: integer 
	Parameter C_AXI_RUSER_WIDTH bound to: 1 - type: integer 
	Parameter C_AWPAYLOAD_WIDTH bound to: 35 - type: integer 
	Parameter C_WPAYLOAD_WIDTH bound to: 36 - type: integer 
	Parameter C_BPAYLOAD_WIDTH bound to: 2 - type: integer 
	Parameter C_ARPAYLOAD_WIDTH bound to: 35 - type: integer 
	Parameter C_RPAYLOAD_WIDTH bound to: 34 - type: integer 
	Parameter G_AXI_AWADDR_INDEX bound to: 0 - type: integer 
	Parameter G_AXI_AWADDR_WIDTH bound to: 32 - type: integer 
	Parameter G_AXI_AWPROT_INDEX bound to: 32 - type: integer 
	Parameter G_AXI_AWPROT_WIDTH bound to: 3 - type: integer 
	Parameter G_AXI_AWSIZE_INDEX bound to: 35 - type: integer 
	Parameter G_AXI_AWSIZE_WIDTH bound to: 0 - type: integer 
	Parameter G_AXI_AWBURST_INDEX bound to: 35 - type: integer 
	Parameter G_AXI_AWBURST_WIDTH bound to: 0 - type: integer 
	Parameter G_AXI_AWCACHE_INDEX bound to: 35 - type: integer 
	Parameter G_AXI_AWCACHE_WIDTH bound to: 0 - type: integer 
	Parameter G_AXI_AWLEN_INDEX bound to: 35 - type: integer 
	Parameter G_AXI_AWLEN_WIDTH bound to: 0 - type: integer 
	Parameter G_AXI_AWLOCK_INDEX bound to: 35 - type: integer 
	Parameter G_AXI_AWLOCK_WIDTH bound to: 0 - type: integer 
	Parameter G_AXI_AWID_INDEX bound to: 35 - type: integer 
	Parameter G_AXI_AWID_WIDTH bound to: 0 - type: integer 
	Parameter G_AXI_AWQOS_INDEX bound to: 35 - type: integer 
	Parameter G_AXI_AWQOS_WIDTH bound to: 0 - type: integer 
	Parameter G_AXI_AWREGION_INDEX bound to: 35 - type: integer 
	Parameter G_AXI_AWREGION_WIDTH bound to: 0 - type: integer 
	Parameter G_AXI_AWUSER_INDEX bound to: 35 - type: integer 
	Parameter G_AXI_AWUSER_WIDTH bound to: 0 - type: integer 
	Parameter G_AXI_AWPAYLOAD_WIDTH bound to: 35 - type: integer 
	Parameter G_AXI_ARADDR_INDEX bound to: 0 - type: integer 
	Parameter G_AXI_ARADDR_WIDTH bound to: 32 - type: integer 
	Parameter G_AXI_ARPROT_INDEX bound to: 32 - type: integer 
	Parameter G_AXI_ARPROT_WIDTH bound to: 3 - type: integer 
	Parameter G_AXI_ARSIZE_INDEX bound to: 35 - type: integer 
	Parameter G_AXI_ARSIZE_WIDTH bound to: 0 - type: integer 
	Parameter G_AXI_ARBURST_INDEX bound to: 35 - type: integer 
	Parameter G_AXI_ARBURST_WIDTH bound to: 0 - type: integer 
	Parameter G_AXI_ARCACHE_INDEX bound to: 35 - type: integer 
	Parameter G_AXI_ARCACHE_WIDTH bound to: 0 - type: integer 
	Parameter G_AXI_ARLEN_INDEX bound to: 35 - type: integer 
	Parameter G_AXI_ARLEN_WIDTH bound to: 0 - type: integer 
	Parameter G_AXI_ARLOCK_INDEX bound to: 35 - type: integer 
	Parameter G_AXI_ARLOCK_WIDTH bound to: 0 - type: integer 
	Parameter G_AXI_ARID_INDEX bound to: 35 - type: integer 
	Parameter G_AXI_ARID_WIDTH bound to: 0 - type: integer 
	Parameter G_AXI_ARQOS_INDEX bound to: 35 - type: integer 
	Parameter G_AXI_ARQOS_WIDTH bound to: 0 - type: integer 
	Parameter G_AXI_ARREGION_INDEX bound to: 35 - type: integer 
	Parameter G_AXI_ARREGION_WIDTH bound to: 0 - type: integer 
	Parameter G_AXI_ARUSER_INDEX bound to: 35 - type: integer 
	Parameter G_AXI_ARUSER_WIDTH bound to: 0 - type: integer 
	Parameter G_AXI_ARPAYLOAD_WIDTH bound to: 35 - type: integer 
	Parameter G_AXI_WDATA_INDEX bound to: 0 - type: integer 
	Parameter G_AXI_WDATA_WIDTH bound to: 32 - type: integer 
	Parameter G_AXI_WSTRB_INDEX bound to: 32 - type: integer 
	Parameter G_AXI_WSTRB_WIDTH bound to: 4 - type: integer 
	Parameter G_AXI_WLAST_INDEX bound to: 36 - type: integer 
	Parameter G_AXI_WLAST_WIDTH bound to: 0 - type: integer 
	Parameter G_AXI_WID_INDEX bound to: 36 - type: integer 
	Parameter G_AXI_WID_WIDTH bound to: 0 - type: integer 
	Parameter G_AXI_WUSER_INDEX bound to: 36 - type: integer 
	Parameter G_AXI_WUSER_WIDTH bound to: 0 - type: integer 
	Parameter G_AXI_WPAYLOAD_WIDTH bound to: 36 - type: integer 
	Parameter G_AXI_BRESP_INDEX bound to: 0 - type: integer 
	Parameter G_AXI_BRESP_WIDTH bound to: 2 - type: integer 
	Parameter G_AXI_BID_INDEX bound to: 2 - type: integer 
	Parameter G_AXI_BID_WIDTH bound to: 0 - type: integer 
	Parameter G_AXI_BUSER_INDEX bound to: 2 - type: integer 
	Parameter G_AXI_BUSER_WIDTH bound to: 0 - type: integer 
	Parameter G_AXI_BPAYLOAD_WIDTH bound to: 2 - type: integer 
	Parameter G_AXI_RDATA_INDEX bound to: 0 - type: integer 
	Parameter G_AXI_RDATA_WIDTH bound to: 32 - type: integer 
	Parameter G_AXI_RRESP_INDEX bound to: 32 - type: integer 
	Parameter G_AXI_RRESP_WIDTH bound to: 2 - type: integer 
	Parameter G_AXI_RLAST_INDEX bound to: 34 - type: integer 
	Parameter G_AXI_RLAST_WIDTH bound to: 0 - type: integer 
	Parameter G_AXI_RID_INDEX bound to: 34 - type: integer 
	Parameter G_AXI_RID_WIDTH bound to: 0 - type: integer 
	Parameter G_AXI_RUSER_INDEX bound to: 34 - type: integer 
	Parameter G_AXI_RUSER_WIDTH bound to: 0 - type: integer 
	Parameter G_AXI_RPAYLOAD_WIDTH bound to: 34 - type: integer 
INFO: [Synth 8-6155] done synthesizing module 'axi_infrastructure_v1_1_0_vector2axi__parameterized0' (69#1) [c:/projects/NN_copy/NN_copy.srcs/sources_1/bd/design_1/ipshared/ec67/hdl/axi_infrastructure_v1_1_vl_rfs.v:474]
INFO: [Synth 8-6157] synthesizing module 'axi_register_slice_v2_1_21_axic_register_slice__parameterized3' [c:/projects/NN_copy/NN_copy.srcs/sources_1/bd/design_1/ipshared/2ef9/hdl/axi_register_slice_v2_1_vl_rfs.v:1498]
	Parameter C_FAMILY bound to: virtex6 - type: string 
	Parameter C_DATA_WIDTH bound to: 35 - type: integer 
	Parameter C_REG_CONFIG bound to: 0 - type: integer 
INFO: [Synth 8-6155] done synthesizing module 'axi_register_slice_v2_1_21_axic_register_slice__parameterized3' (69#1) [c:/projects/NN_copy/NN_copy.srcs/sources_1/bd/design_1/ipshared/2ef9/hdl/axi_register_slice_v2_1_vl_rfs.v:1498]
INFO: [Synth 8-6157] synthesizing module 'axi_register_slice_v2_1_21_axic_register_slice__parameterized4' [c:/projects/NN_copy/NN_copy.srcs/sources_1/bd/design_1/ipshared/2ef9/hdl/axi_register_slice_v2_1_vl_rfs.v:1498]
	Parameter C_FAMILY bound to: virtex6 - type: string 
	Parameter C_DATA_WIDTH bound to: 36 - type: integer 
	Parameter C_REG_CONFIG bound to: 0 - type: integer 
INFO: [Synth 8-6155] done synthesizing module 'axi_register_slice_v2_1_21_axic_register_slice__parameterized4' (69#1) [c:/projects/NN_copy/NN_copy.srcs/sources_1/bd/design_1/ipshared/2ef9/hdl/axi_register_slice_v2_1_vl_rfs.v:1498]
INFO: [Synth 8-6157] synthesizing module 'axi_register_slice_v2_1_21_axic_register_slice__parameterized5' [c:/projects/NN_copy/NN_copy.srcs/sources_1/bd/design_1/ipshared/2ef9/hdl/axi_register_slice_v2_1_vl_rfs.v:1498]
	Parameter C_FAMILY bound to: virtex6 - type: string 
	Parameter C_DATA_WIDTH bound to: 2 - type: integer 
	Parameter C_REG_CONFIG bound to: 0 - type: integer 
INFO: [Synth 8-6155] done synthesizing module 'axi_register_slice_v2_1_21_axic_register_slice__parameterized5' (69#1) [c:/projects/NN_copy/NN_copy.srcs/sources_1/bd/design_1/ipshared/2ef9/hdl/axi_register_slice_v2_1_vl_rfs.v:1498]
INFO: [Synth 8-6157] synthesizing module 'axi_register_slice_v2_1_21_axic_register_slice__parameterized6' [c:/projects/NN_copy/NN_copy.srcs/sources_1/bd/design_1/ipshared/2ef9/hdl/axi_register_slice_v2_1_vl_rfs.v:1498]
	Parameter C_FAMILY bound to: virtex6 - type: string 
	Parameter C_DATA_WIDTH bound to: 34 - type: integer 
	Parameter C_REG_CONFIG bound to: 0 - type: integer 
INFO: [Synth 8-6155] done synthesizing module 'axi_register_slice_v2_1_21_axic_register_slice__parameterized6' (69#1) [c:/projects/NN_copy/NN_copy.srcs/sources_1/bd/design_1/ipshared/2ef9/hdl/axi_register_slice_v2_1_vl_rfs.v:1498]
INFO: [Synth 8-6155] done synthesizing module 'axi_register_slice_v2_1_21_axi_register_slice__parameterized0' (69#1) [c:/projects/NN_copy/NN_copy.srcs/sources_1/bd/design_1/ipshared/2ef9/hdl/axi_register_slice_v2_1_vl_rfs.v:3726]
WARNING: [Synth 8-7071] port 'aclk2x' of module 'axi_register_slice_v2_1_21_axi_register_slice' is unconnected for instance 'MI_REG' [c:/projects/NN_copy/NN_copy.srcs/sources_1/bd/design_1/ipshared/8dfa/hdl/axi_protocol_converter_v2_1_vl_rfs.v:4647]
WARNING: [Synth 8-7023] instance 'MI_REG' of module 'axi_register_slice_v2_1_21_axi_register_slice' has 93 connections declared, but only 92 given [c:/projects/NN_copy/NN_copy.srcs/sources_1/bd/design_1/ipshared/8dfa/hdl/axi_protocol_converter_v2_1_vl_rfs.v:4647]
INFO: [Synth 8-6155] done synthesizing module 'axi_protocol_converter_v2_1_21_b2s' (70#1) [c:/projects/NN_copy/NN_copy.srcs/sources_1/bd/design_1/ipshared/8dfa/hdl/axi_protocol_converter_v2_1_vl_rfs.v:4226]
INFO: [Synth 8-6155] done synthesizing module 'axi_protocol_converter_v2_1_21_axi_protocol_converter' (71#1) [c:/projects/NN_copy/NN_copy.srcs/sources_1/bd/design_1/ipshared/8dfa/hdl/axi_protocol_converter_v2_1_vl_rfs.v:4808]
INFO: [Synth 8-6155] done synthesizing module 'design_1_auto_pc_0' (72#1) [c:/projects/NN_copy/NN_copy.srcs/sources_1/bd/design_1/ip/design_1_auto_pc_0/synth/design_1_auto_pc_0.v:58]
WARNING: [Synth 8-7071] port 'm_axi_awprot' of module 'design_1_auto_pc_0' is unconnected for instance 'auto_pc' [C:/projects/NN_copy/NN_copy.srcs/sources_1/bd/design_1/synth/design_1.v:1417]
WARNING: [Synth 8-7071] port 'm_axi_wstrb' of module 'design_1_auto_pc_0' is unconnected for instance 'auto_pc' [C:/projects/NN_copy/NN_copy.srcs/sources_1/bd/design_1/synth/design_1.v:1417]
WARNING: [Synth 8-7071] port 'm_axi_arprot' of module 'design_1_auto_pc_0' is unconnected for instance 'auto_pc' [C:/projects/NN_copy/NN_copy.srcs/sources_1/bd/design_1/synth/design_1.v:1417]
WARNING: [Synth 8-7023] instance 'auto_pc' of module 'design_1_auto_pc_0' has 59 connections declared, but only 56 given [C:/projects/NN_copy/NN_copy.srcs/sources_1/bd/design_1/synth/design_1.v:1417]
INFO: [Synth 8-6155] done synthesizing module 's00_couplers_imp_O7FAN0' (73#1) [C:/projects/NN_copy/NN_copy.srcs/sources_1/bd/design_1/synth/design_1.v:1186]
INFO: [Synth 8-6155] done synthesizing module 'design_1_axi_interconnect_0_0' (74#1) [C:/projects/NN_copy/NN_copy.srcs/sources_1/bd/design_1/synth/design_1.v:553]
INFO: [Synth 8-6157] synthesizing module 'design_1_axi_interconnect_1_0' [C:/projects/NN_copy/NN_copy.srcs/sources_1/bd/design_1/synth/design_1.v:853]
INFO: [Synth 8-6157] synthesizing module 's00_couplers_imp_HS4N6K' [C:/projects/NN_copy/NN_copy.srcs/sources_1/bd/design_1/synth/design_1.v:1023]
INFO: [Synth 8-6157] synthesizing module 'design_1_auto_pc_1' [c:/projects/NN_copy/NN_copy.srcs/sources_1/bd/design_1/ip/design_1_auto_pc_1/synth/design_1_auto_pc_1.v:58]
INFO: [Synth 8-6157] synthesizing module 'axi_protocol_converter_v2_1_21_axi_protocol_converter__parameterized0' [c:/projects/NN_copy/NN_copy.srcs/sources_1/bd/design_1/ipshared/8dfa/hdl/axi_protocol_converter_v2_1_vl_rfs.v:4808]
	Parameter C_FAMILY bound to: zynq - type: string 
	Parameter C_M_AXI_PROTOCOL bound to: 1 - type: integer 
	Parameter C_S_AXI_PROTOCOL bound to: 0 - type: integer 
	Parameter C_IGNORE_ID bound to: 1 - type: integer 
	Parameter C_AXI_ID_WIDTH bound to: 1 - type: integer 
	Parameter C_AXI_ADDR_WIDTH bound to: 32 - type: integer 
	Parameter C_AXI_DATA_WIDTH bound to: 64 - type: integer 
	Parameter C_AXI_SUPPORTS_WRITE bound to: 0 - type: integer 
	Parameter C_AXI_SUPPORTS_READ bound to: 1 - type: integer 
	Parameter C_AXI_SUPPORTS_USER_SIGNALS bound to: 0 - type: integer 
	Parameter C_AXI_AWUSER_WIDTH bound to: 1 - type: integer 
	Parameter C_AXI_ARUSER_WIDTH bound to: 1 - type: integer 
	Parameter C_AXI_WUSER_WIDTH bound to: 1 - type: integer 
	Parameter C_AXI_RUSER_WIDTH bound to: 1 - type: integer 
	Parameter C_AXI_BUSER_WIDTH bound to: 1 - type: integer 
	Parameter C_TRANSLATION_MODE bound to: 2 - type: integer 
	Parameter P_AXI4 bound to: 0 - type: integer 
	Parameter P_AXI3 bound to: 1 - type: integer 
	Parameter P_AXILITE bound to: 2 - type: integer 
	Parameter P_AXILITE_SIZE bound to: 3'b011 
	Parameter P_INCR bound to: 2'b01 
	Parameter P_DECERR bound to: 2'b11 
	Parameter P_SLVERR bound to: 2'b10 
	Parameter P_PROTECTION bound to: 1 - type: integer 
	Parameter P_CONVERSION bound to: 2 - type: integer 
INFO: [Synth 8-6157] synthesizing module 'axi_protocol_converter_v2_1_21_axi3_conv' [c:/projects/NN_copy/NN_copy.srcs/sources_1/bd/design_1/ipshared/8dfa/hdl/axi_protocol_converter_v2_1_vl_rfs.v:954]
	Parameter C_FAMILY bound to: zynq - type: string 
	Parameter C_AXI_ID_WIDTH bound to: 1 - type: integer 
	Parameter C_AXI_ADDR_WIDTH bound to: 32 - type: integer 
	Parameter C_AXI_DATA_WIDTH bound to: 64 - type: integer 
	Parameter C_AXI_SUPPORTS_USER_SIGNALS bound to: 0 - type: integer 
	Parameter C_AXI_AWUSER_WIDTH bound to: 1 - type: integer 
	Parameter C_AXI_ARUSER_WIDTH bound to: 1 - type: integer 
	Parameter C_AXI_WUSER_WIDTH bound to: 1 - type: integer 
	Parameter C_AXI_RUSER_WIDTH bound to: 1 - type: integer 
	Parameter C_AXI_BUSER_WIDTH bound to: 1 - type: integer 
	Parameter C_AXI_SUPPORTS_WRITE bound to: 0 - type: integer 
	Parameter C_AXI_SUPPORTS_READ bound to: 1 - type: integer 
	Parameter C_SUPPORT_SPLITTING bound to: 1 - type: integer 
	Parameter C_SUPPORT_BURSTS bound to: 1 - type: integer 
	Parameter C_SINGLE_THREAD bound to: 1 - type: integer 
INFO: [Synth 8-6157] synthesizing module 'axi_protocol_converter_v2_1_21_a_axi3_conv' [c:/projects/NN_copy/NN_copy.srcs/sources_1/bd/design_1/ipshared/8dfa/hdl/axi_protocol_converter_v2_1_vl_rfs.v:62]
	Parameter C_FAMILY bound to: zynq - type: string 
	Parameter C_AXI_ID_WIDTH bound to: 1 - type: integer 
	Parameter C_AXI_ADDR_WIDTH bound to: 32 - type: integer 
	Parameter C_AXI_DATA_WIDTH bound to: 64 - type: integer 
	Parameter C_AXI_SUPPORTS_USER_SIGNALS bound to: 0 - type: integer 
	Parameter C_AXI_AUSER_WIDTH bound to: 1 - type: integer 
	Parameter C_AXI_CHANNEL bound to: 1 - type: integer 
	Parameter C_SUPPORT_SPLITTING bound to: 1 - type: integer 
	Parameter C_SUPPORT_BURSTS bound to: 1 - type: integer 
	Parameter C_SINGLE_THREAD bound to: 1 - type: integer 
	Parameter C_FIX_BURST bound to: 2'b00 
	Parameter C_INCR_BURST bound to: 2'b01 
	Parameter C_WRAP_BURST bound to: 2'b10 
	Parameter C_FIFO_DEPTH_LOG bound to: 5 - type: integer 
	Parameter C_SIZE_MASK bound to: 40'b1111111111111111111111111111111100000000 
INFO: [Synth 8-6157] synthesizing module 'axi_data_fifo_v2_1_20_axic_fifo' [c:/projects/NN_copy/NN_copy.srcs/sources_1/bd/design_1/ipshared/47c9/hdl/axi_data_fifo_v2_1_vl_rfs.v:64]
	Parameter C_FAMILY bound to: zynq - type: string 
	Parameter C_FIFO_DEPTH_LOG bound to: 5 - type: integer 
	Parameter C_FIFO_WIDTH bound to: 1 - type: integer 
	Parameter C_FIFO_TYPE bound to: lut - type: string 
INFO: [Synth 8-6157] synthesizing module 'axi_data_fifo_v2_1_20_fifo_gen' [c:/projects/NN_copy/NN_copy.srcs/sources_1/bd/design_1/ipshared/47c9/hdl/axi_data_fifo_v2_1_vl_rfs.v:168]
	Parameter C_FAMILY bound to: zynq - type: string 
	Parameter C_COMMON_CLOCK bound to: 1 - type: integer 
	Parameter C_SYNCHRONIZER_STAGE bound to: 3 - type: integer 
	Parameter C_FIFO_DEPTH_LOG bound to: 5 - type: integer 
	Parameter C_FIFO_WIDTH bound to: 1 - type: integer 
	Parameter C_FIFO_TYPE bound to: lut - type: string 
	Parameter C_MEMORY_TYPE bound to: 2 - type: integer 
	Parameter C_IMPLEMENTATION_TYPE bound to: 0 - type: integer 
INFO: [Synth 8-6157] synthesizing module 'xpm_cdc_async_rst' [C:/Xilinx/Vivado/2020.1/data/ip/xpm/xpm_cdc/hdl/xpm_cdc.sv:1175]
INFO: [Synth 8-6155] done synthesizing module 'xpm_cdc_async_rst' (75#1) [C:/Xilinx/Vivado/2020.1/data/ip/xpm/xpm_cdc/hdl/xpm_cdc.sv:1175]
INFO: [Synth 8-6155] done synthesizing module 'axi_data_fifo_v2_1_20_fifo_gen' (93#1) [c:/projects/NN_copy/NN_copy.srcs/sources_1/bd/design_1/ipshared/47c9/hdl/axi_data_fifo_v2_1_vl_rfs.v:168]
INFO: [Synth 8-6155] done synthesizing module 'axi_data_fifo_v2_1_20_axic_fifo' (94#1) [c:/projects/NN_copy/NN_copy.srcs/sources_1/bd/design_1/ipshared/47c9/hdl/axi_data_fifo_v2_1_vl_rfs.v:64]
INFO: [Synth 8-6155] done synthesizing module 'axi_protocol_converter_v2_1_21_a_axi3_conv' (95#1) [c:/projects/NN_copy/NN_copy.srcs/sources_1/bd/design_1/ipshared/8dfa/hdl/axi_protocol_converter_v2_1_vl_rfs.v:62]
INFO: [Synth 8-6157] synthesizing module 'axi_protocol_converter_v2_1_21_r_axi3_conv' [c:/projects/NN_copy/NN_copy.srcs/sources_1/bd/design_1/ipshared/8dfa/hdl/axi_protocol_converter_v2_1_vl_rfs.v:1789]
	Parameter C_FAMILY bound to: zynq - type: string 
	Parameter C_AXI_ID_WIDTH bound to: 1 - type: integer 
	Parameter C_AXI_ADDR_WIDTH bound to: 32 - type: integer 
	Parameter C_AXI_DATA_WIDTH bound to: 64 - type: integer 
	Parameter C_AXI_SUPPORTS_USER_SIGNALS bound to: 0 - type: integer 
	Parameter C_AXI_RUSER_WIDTH bound to: 1 - type: integer 
	Parameter C_SUPPORT_SPLITTING bound to: 1 - type: integer 
	Parameter C_SUPPORT_BURSTS bound to: 1 - type: integer 
	Parameter C_RESP_OKAY bound to: 2'b00 
	Parameter C_RESP_EXOKAY bound to: 2'b01 
	Parameter C_RESP_SLVERROR bound to: 2'b10 
	Parameter C_RESP_DECERR bound to: 2'b11 
INFO: [Synth 8-6155] done synthesizing module 'axi_protocol_converter_v2_1_21_r_axi3_conv' (96#1) [c:/projects/NN_copy/NN_copy.srcs/sources_1/bd/design_1/ipshared/8dfa/hdl/axi_protocol_converter_v2_1_vl_rfs.v:1789]
INFO: [Synth 8-6155] done synthesizing module 'axi_protocol_converter_v2_1_21_axi3_conv' (97#1) [c:/projects/NN_copy/NN_copy.srcs/sources_1/bd/design_1/ipshared/8dfa/hdl/axi_protocol_converter_v2_1_vl_rfs.v:954]
INFO: [Synth 8-6155] done synthesizing module 'axi_protocol_converter_v2_1_21_axi_protocol_converter__parameterized0' (97#1) [c:/projects/NN_copy/NN_copy.srcs/sources_1/bd/design_1/ipshared/8dfa/hdl/axi_protocol_converter_v2_1_vl_rfs.v:4808]
INFO: [Synth 8-6155] done synthesizing module 'design_1_auto_pc_1' (98#1) [c:/projects/NN_copy/NN_copy.srcs/sources_1/bd/design_1/ip/design_1_auto_pc_1/synth/design_1_auto_pc_1.v:58]
INFO: [Synth 8-6155] done synthesizing module 's00_couplers_imp_HS4N6K' (99#1) [C:/projects/NN_copy/NN_copy.srcs/sources_1/bd/design_1/synth/design_1.v:1023]
INFO: [Synth 8-6155] done synthesizing module 'design_1_axi_interconnect_1_0' (100#1) [C:/projects/NN_copy/NN_copy.srcs/sources_1/bd/design_1/synth/design_1.v:853]
INFO: [Synth 8-6157] synthesizing module 'design_1_axis_nn_0_0' [c:/projects/NN_copy/NN_copy.srcs/sources_1/bd/design_1/ip/design_1_axis_nn_0_0/synth/design_1_axis_nn_0_0.v:58]
INFO: [Synth 8-6157] synthesizing module 'axis_nn' [C:/projects/NN_copy/NN_copy.srcs/sources_1/imports/module/axis_nn.v:3]
INFO: [Synth 8-6157] synthesizing module 'xpm_fifo_axis' [C:/Xilinx/Vivado/2020.1/data/ip/xpm/xpm_fifo/hdl/xpm_fifo.sv:2233]
	Parameter CLOCKING_MODE bound to: common_clock - type: string 
	Parameter FIFO_MEMORY_TYPE bound to: auto - type: string 
	Parameter PACKET_FIFO bound to: false - type: string 
	Parameter FIFO_DEPTH bound to: 256 - type: integer 
	Parameter TDATA_WIDTH bound to: 64 - type: integer 
	Parameter TID_WIDTH bound to: 1 - type: integer 
	Parameter TDEST_WIDTH bound to: 1 - type: integer 
	Parameter TUSER_WIDTH bound to: 1 - type: integer 
	Parameter SIM_ASSERT_CHK bound to: 0 - type: integer 
	Parameter CASCADE_HEIGHT bound to: 0 - type: integer 
	Parameter ECC_MODE bound to: no_ecc - type: string 
	Parameter RELATED_CLOCKS bound to: 0 - type: integer 
	Parameter USE_ADV_FEATURES bound to: 0004 - type: string 
	Parameter WR_DATA_COUNT_WIDTH bound to: 9 - type: integer 
	Parameter RD_DATA_COUNT_WIDTH bound to: 1 - type: integer 
	Parameter PROG_FULL_THRESH bound to: 10 - type: integer 
	Parameter PROG_EMPTY_THRESH bound to: 10 - type: integer 
	Parameter CDC_SYNC_STAGES bound to: 2 - type: integer 
	Parameter EN_ADV_FEATURE_AXIS bound to: 16'b0000000000000100 
	Parameter EN_ALMOST_FULL_INT bound to: 1'b0 
	Parameter EN_ALMOST_EMPTY_INT bound to: 1'b0 
	Parameter EN_DATA_VALID_INT bound to: 1'b1 
	Parameter EN_ADV_FEATURE_AXIS_INT bound to: 16'b0001000000000100 
	Parameter USE_ADV_FEATURES_INT bound to: 825241652 - type: integer 
	Parameter PKT_SIZE_LT8 bound to: 1'b0 
	Parameter LOG_DEPTH_AXIS bound to: 8 - type: integer 
	Parameter TDATA_OFFSET bound to: 64 - type: integer 
	Parameter TSTRB_OFFSET bound to: 72 - type: integer 
	Parameter TKEEP_OFFSET bound to: 80 - type: integer 
	Parameter TID_OFFSET bound to: 81 - type: integer 
	Parameter TDEST_OFFSET bound to: 82 - type: integer 
	Parameter TUSER_OFFSET bound to: 83 - type: integer 
	Parameter AXIS_DATA_WIDTH bound to: 84 - type: integer 
	Parameter P_COMMON_CLOCK bound to: 1 - type: integer 
	Parameter P_FIFO_MEMORY_TYPE bound to: 0 - type: integer 
	Parameter P_ECC_MODE bound to: 0 - type: integer 
	Parameter P_PKT_MODE bound to: 0 - type: integer 
	Parameter AXIS_FINAL_DATA_WIDTH bound to: 84 - type: integer 
	Parameter TUSER_MAX_WIDTH bound to: 4013 - type: integer 
INFO: [Synth 8-6157] synthesizing module 'xpm_cdc_sync_rst' [C:/Xilinx/Vivado/2020.1/data/ip/xpm/xpm_cdc/hdl/xpm_cdc.sv:1059]
	Parameter DEST_SYNC_FF bound to: 4 - type: integer 
	Parameter INIT bound to: 32'sb00000000000000000000000000000000 
	Parameter INIT_SYNC_FF bound to: 1 - type: integer 
	Parameter SIM_ASSERT_CHK bound to: 0 - type: integer 
	Parameter VERSION bound to: 0 - type: integer 
	Parameter DEF_VAL bound to: 1'b0 
INFO: [Synth 8-6155] done synthesizing module 'xpm_cdc_sync_rst' (101#1) [C:/Xilinx/Vivado/2020.1/data/ip/xpm/xpm_cdc/hdl/xpm_cdc.sv:1059]
INFO: [Synth 8-6157] synthesizing module 'xpm_fifo_base__parameterized2' [C:/Xilinx/Vivado/2020.1/data/ip/xpm/xpm_fifo/hdl/xpm_fifo.sv:56]
	Parameter COMMON_CLOCK bound to: 1 - type: integer 
	Parameter RELATED_CLOCKS bound to: 0 - type: integer 
	Parameter FIFO_MEMORY_TYPE bound to: 0 - type: integer 
	Parameter ECC_MODE bound to: 0 - type: integer 
	Parameter SIM_ASSERT_CHK bound to: 0 - type: integer 
	Parameter CASCADE_HEIGHT bound to: 0 - type: integer 
	Parameter FIFO_WRITE_DEPTH bound to: 256 - type: integer 
	Parameter WRITE_DATA_WIDTH bound to: 84 - type: integer 
	Parameter WR_DATA_COUNT_WIDTH bound to: 9 - type: integer 
	Parameter PROG_FULL_THRESH bound to: 10 - type: integer 
	Parameter USE_ADV_FEATURES bound to: 825241652 - type: integer 
	Parameter READ_MODE bound to: 1 - type: integer 
	Parameter FIFO_READ_LATENCY bound to: 0 - type: integer 
	Parameter READ_DATA_WIDTH bound to: 84 - type: integer 
	Parameter RD_DATA_COUNT_WIDTH bound to: 1 - type: integer 
	Parameter PROG_EMPTY_THRESH bound to: 10 - type: integer 
	Parameter DOUT_RESET_VALUE bound to: (null) - type: string 
	Parameter CDC_DEST_SYNC_FF bound to: 2 - type: integer 
	Parameter FULL_RESET_VALUE bound to: 1 - type: integer 
	Parameter REMOVE_WR_RD_PROT_LOGIC bound to: 0 - type: integer 
	Parameter WAKEUP_TIME bound to: 0 - type: integer 
	Parameter VERSION bound to: 0 - type: integer 
	Parameter invalid bound to: 0 - type: integer 
	Parameter stage1_valid bound to: 2 - type: integer 
	Parameter stage2_valid bound to: 1 - type: integer 
	Parameter both_stages_valid bound to: 3 - type: integer 
	Parameter FIFO_MEM_TYPE bound to: 0 - type: integer 
	Parameter RD_MODE bound to: 1 - type: integer 
	Parameter ENABLE_ECC bound to: 0 - type: integer 
	Parameter FIFO_READ_DEPTH bound to: 256 - type: integer 
	Parameter FIFO_SIZE bound to: 21504 - type: integer 
	Parameter WR_WIDTH_LOG bound to: 7 - type: integer 
	Parameter WR_DEPTH_LOG bound to: 8 - type: integer 
	Parameter WR_PNTR_WIDTH bound to: 8 - type: integer 
	Parameter RD_PNTR_WIDTH bound to: 8 - type: integer 
	Parameter FULL_RST_VAL bound to: 1'b1 
	Parameter WR_RD_RATIO bound to: 0 - type: integer 
	Parameter PF_THRESH_ADJ bound to: 8 - type: integer 
	Parameter PE_THRESH_ADJ bound to: 8 - type: integer 
	Parameter PF_THRESH_MIN bound to: 5 - type: integer 
	Parameter PF_THRESH_MAX bound to: 251 - type: integer 
	Parameter PE_THRESH_MIN bound to: 5 - type: integer 
	Parameter PE_THRESH_MAX bound to: 251 - type: integer 
	Parameter WR_DC_WIDTH_EXT bound to: 9 - type: integer 
	Parameter RD_DC_WIDTH_EXT bound to: 9 - type: integer 
	Parameter RD_LATENCY bound to: 2 - type: integer 
	Parameter WIDTH_RATIO bound to: 1 - type: integer 
	Parameter EN_ADV_FEATURE bound to: 16'b0001000000000100 
	Parameter EN_OF bound to: 1'b0 
	Parameter EN_PF bound to: 1'b0 
	Parameter EN_WDC bound to: 1'b1 
	Parameter EN_AF bound to: 1'b0 
	Parameter EN_WACK bound to: 1'b0 
	Parameter FG_EQ_ASYM_DOUT bound to: 1'b0 
	Parameter EN_UF bound to: 1'b0 
	Parameter EN_PE bound to: 1'b0 
	Parameter EN_RDC bound to: 1'b0 
	Parameter EN_AE bound to: 1'b0 
	Parameter EN_DVLD bound to: 1'b1 
INFO: [Synth 8-6157] synthesizing module 'xpm_memory_base__parameterized2' [C:/Xilinx/Vivado/2020.1/data/ip/xpm/xpm_memory/hdl/xpm_memory.sv:57]
	Parameter MEMORY_TYPE bound to: 1 - type: integer 
	Parameter MEMORY_SIZE bound to: 21504 - type: integer 
	Parameter MEMORY_PRIMITIVE bound to: 0 - type: integer 
	Parameter CLOCKING_MODE bound to: 0 - type: integer 
	Parameter ECC_MODE bound to: 0 - type: integer 
	Parameter MEMORY_INIT_FILE bound to: none - type: string 
	Parameter MEMORY_INIT_PARAM bound to: (null) - type: string 
	Parameter USE_MEM_INIT_MMI bound to: 0 - type: integer 
	Parameter USE_MEM_INIT bound to: 0 - type: integer 
	Parameter MEMORY_OPTIMIZATION bound to: true - type: string 
	Parameter WAKEUP_TIME bound to: 0 - type: integer 
	Parameter AUTO_SLEEP_TIME bound to: 0 - type: integer 
	Parameter MESSAGE_CONTROL bound to: 0 - type: integer 
	Parameter VERSION bound to: 0 - type: integer 
	Parameter USE_EMBEDDED_CONSTRAINT bound to: 0 - type: integer 
	Parameter CASCADE_HEIGHT bound to: 0 - type: integer 
	Parameter SIM_ASSERT_CHK bound to: 0 - type: integer 
	Parameter WRITE_PROTECT bound to: 1 - type: integer 
	Parameter WRITE_DATA_WIDTH_A bound to: 84 - type: integer 
	Parameter READ_DATA_WIDTH_A bound to: 84 - type: integer 
	Parameter BYTE_WRITE_WIDTH_A bound to: 84 - type: integer 
	Parameter ADDR_WIDTH_A bound to: 8 - type: integer 
	Parameter READ_RESET_VALUE_A bound to: 0 - type: string 
	Parameter READ_LATENCY_A bound to: 2 - type: integer 
	Parameter WRITE_MODE_A bound to: 2 - type: integer 
	Parameter RST_MODE_A bound to: SYNC - type: string 
	Parameter WRITE_DATA_WIDTH_B bound to: 84 - type: integer 
	Parameter READ_DATA_WIDTH_B bound to: 84 - type: integer 
	Parameter BYTE_WRITE_WIDTH_B bound to: 84 - type: integer 
	Parameter ADDR_WIDTH_B bound to: 8 - type: integer 
	Parameter READ_RESET_VALUE_B bound to: (null) - type: string 
	Parameter READ_LATENCY_B bound to: 2 - type: integer 
	Parameter WRITE_MODE_B bound to: 2 - type: integer 
	Parameter RST_MODE_B bound to: SYNC - type: string 
	Parameter P_MEMORY_PRIMITIVE bound to: auto - type: string 
	Parameter P_MIN_WIDTH_DATA_A bound to: 84 - type: integer 
	Parameter P_MIN_WIDTH_DATA_B bound to: 84 - type: integer 
	Parameter P_MIN_WIDTH_DATA bound to: 84 - type: integer 
	Parameter P_MIN_WIDTH_DATA_ECC bound to: 84 - type: integer 
	Parameter P_MAX_DEPTH_DATA bound to: 256 - type: integer 
	Parameter P_ECC_MODE bound to: no_ecc - type: string 
	Parameter P_MEMORY_OPT bound to: yes - type: string 
	Parameter P_WIDTH_COL_WRITE_A bound to: 84 - type: integer 
	Parameter P_WIDTH_COL_WRITE_B bound to: 84 - type: integer 
	Parameter P_NUM_COLS_WRITE_A bound to: 1 - type: integer 
	Parameter P_NUM_COLS_WRITE_B bound to: 1 - type: integer 
	Parameter P_NUM_ROWS_WRITE_A bound to: 1 - type: integer 
	Parameter P_NUM_ROWS_WRITE_B bound to: 1 - type: integer 
	Parameter P_NUM_ROWS_READ_A bound to: 1 - type: integer 
	Parameter P_NUM_ROWS_READ_B bound to: 1 - type: integer 
	Parameter P_WIDTH_ADDR_WRITE_A bound to: 8 - type: integer 
	Parameter P_WIDTH_ADDR_WRITE_B bound to: 8 - type: integer 
	Parameter P_WIDTH_ADDR_READ_A bound to: 8 - type: integer 
	Parameter P_WIDTH_ADDR_READ_B bound to: 8 - type: integer 
	Parameter P_WIDTH_ADDR_LSB_WRITE_A bound to: 0 - type: integer 
	Parameter P_WIDTH_ADDR_LSB_WRITE_B bound to: 0 - type: integer 
	Parameter P_WIDTH_ADDR_LSB_READ_A bound to: 0 - type: integer 
	Parameter P_WIDTH_ADDR_LSB_READ_B bound to: 0 - type: integer 
	Parameter P_ENABLE_BYTE_WRITE_A bound to: 0 - type: integer 
	Parameter P_ENABLE_BYTE_WRITE_B bound to: 0 - type: integer 
	Parameter P_SDP_WRITE_MODE bound to: yes - type: string 
	Parameter rsta_loop_iter bound to: 84 - type: integer 
	Parameter rstb_loop_iter bound to: 84 - type: integer 
	Parameter NUM_CHAR_LOC bound to: 0 - type: integer 
	Parameter MAX_NUM_CHAR bound to: 0 - type: integer 
	Parameter P_MIN_WIDTH_DATA_SHFT bound to: 84 - type: integer 
	Parameter P_MIN_WIDTH_DATA_LDW bound to: 4 - type: integer 
INFO: [Synth 8-6059] Synth Info: [XPM_MEMORY 20-1] MEMORY_PRIMITIVE (0) instructs Vivado Synthesis to choose the memory primitive type. Depending on their values, other XPM_MEMORY parameters may preclude the choice of certain memory primitive types. Review XPM_MEMORY documentation and parameter values to understand any limitations, or set MEMORY_PRIMITIVE to a different value.   [C:/Xilinx/Vivado/2020.1/data/ip/xpm/xpm_memory/hdl/xpm_memory.sv:488]
INFO: [Synth 8-6155] done synthesizing module 'xpm_memory_base__parameterized2' (101#1) [C:/Xilinx/Vivado/2020.1/data/ip/xpm/xpm_memory/hdl/xpm_memory.sv:57]
INFO: [Synth 8-226] default block is never used [C:/Xilinx/Vivado/2020.1/data/ip/xpm/xpm_fifo/hdl/xpm_fifo.sv:1189]
INFO: [Synth 8-226] default block is never used [C:/Xilinx/Vivado/2020.1/data/ip/xpm/xpm_fifo/hdl/xpm_fifo.sv:1235]
INFO: [Synth 8-226] default block is never used [C:/Xilinx/Vivado/2020.1/data/ip/xpm/xpm_fifo/hdl/xpm_fifo.sv:1246]
INFO: [Synth 8-6157] synthesizing module 'xpm_counter_updn__parameterized8' [C:/Xilinx/Vivado/2020.1/data/ip/xpm/xpm_fifo/hdl/xpm_fifo.sv:1750]
	Parameter COUNTER_WIDTH bound to: 9 - type: integer 
	Parameter RESET_VALUE bound to: 0 - type: integer 
INFO: [Synth 8-6155] done synthesizing module 'xpm_counter_updn__parameterized8' (101#1) [C:/Xilinx/Vivado/2020.1/data/ip/xpm/xpm_fifo/hdl/xpm_fifo.sv:1750]
INFO: [Synth 8-6157] synthesizing module 'xpm_counter_updn__parameterized9' [C:/Xilinx/Vivado/2020.1/data/ip/xpm/xpm_fifo/hdl/xpm_fifo.sv:1750]
	Parameter COUNTER_WIDTH bound to: 8 - type: integer 
	Parameter RESET_VALUE bound to: 1 - type: integer 
INFO: [Synth 8-6155] done synthesizing module 'xpm_counter_updn__parameterized9' (101#1) [C:/Xilinx/Vivado/2020.1/data/ip/xpm/xpm_fifo/hdl/xpm_fifo.sv:1750]
INFO: [Synth 8-6157] synthesizing module 'xpm_counter_updn__parameterized10' [C:/Xilinx/Vivado/2020.1/data/ip/xpm/xpm_fifo/hdl/xpm_fifo.sv:1750]
	Parameter COUNTER_WIDTH bound to: 8 - type: integer 
	Parameter RESET_VALUE bound to: 2 - type: integer 
INFO: [Synth 8-6155] done synthesizing module 'xpm_counter_updn__parameterized10' (101#1) [C:/Xilinx/Vivado/2020.1/data/ip/xpm/xpm_fifo/hdl/xpm_fifo.sv:1750]
INFO: [Synth 8-6155] done synthesizing module 'xpm_fifo_base__parameterized2' (101#1) [C:/Xilinx/Vivado/2020.1/data/ip/xpm/xpm_fifo/hdl/xpm_fifo.sv:56]
INFO: [Synth 8-6155] done synthesizing module 'xpm_fifo_axis' (102#1) [C:/Xilinx/Vivado/2020.1/data/ip/xpm/xpm_fifo/hdl/xpm_fifo.sv:2233]
INFO: [Synth 8-155] case statement is not full and has no default [C:/projects/NN_copy/NN_copy.srcs/sources_1/imports/module/axis_nn.v:140]
INFO: [Synth 8-6157] synthesizing module 'register' [C:/projects/NN_copy/NN_copy.srcs/sources_1/imports/module/register.v:3]
	Parameter WIDTH bound to: 1 - type: integer 
INFO: [Synth 8-6155] done synthesizing module 'register' (103#1) [C:/projects/NN_copy/NN_copy.srcs/sources_1/imports/module/register.v:3]
INFO: [Synth 8-6157] synthesizing module 'nn' [C:/projects/NN_copy/NN_copy.srcs/sources_1/imports/module/nn.v:3]
INFO: [Synth 8-6157] synthesizing module 'xpm_memory_tdpram' [C:/Xilinx/Vivado/2020.1/data/ip/xpm/xpm_memory/hdl/xpm_memory.sv:8871]
	Parameter MEMORY_SIZE bound to: 512 - type: integer 
	Parameter MEMORY_PRIMITIVE bound to: auto - type: string 
	Parameter CLOCKING_MODE bound to: common_clock - type: string 
	Parameter ECC_MODE bound to: no_ecc - type: string 
	Parameter MEMORY_INIT_FILE bound to: none - type: string 
	Parameter MEMORY_INIT_PARAM bound to: 0 - type: string 
	Parameter USE_MEM_INIT bound to: 1 - type: integer 
	Parameter USE_MEM_INIT_MMI bound to: 0 - type: integer 
	Parameter WAKEUP_TIME bound to: disable_sleep - type: string 
	Parameter AUTO_SLEEP_TIME bound to: 0 - type: integer 
	Parameter MESSAGE_CONTROL bound to: 0 - type: integer 
	Parameter USE_EMBEDDED_CONSTRAINT bound to: 0 - type: integer 
	Parameter MEMORY_OPTIMIZATION bound to: true - type: string 
	Parameter CASCADE_HEIGHT bound to: 0 - type: integer 
	Parameter SIM_ASSERT_CHK bound to: 0 - type: integer 
	Parameter WRITE_PROTECT bound to: 1 - type: integer 
	Parameter WRITE_DATA_WIDTH_A bound to: 64 - type: integer 
	Parameter READ_DATA_WIDTH_A bound to: 64 - type: integer 
	Parameter BYTE_WRITE_WIDTH_A bound to: 8 - type: integer 
	Parameter ADDR_WIDTH_A bound to: 3 - type: integer 
	Parameter READ_RESET_VALUE_A bound to: 0 - type: string 
	Parameter READ_LATENCY_A bound to: 1 - type: integer 
	Parameter WRITE_MODE_A bound to: write_first - type: string 
	Parameter RST_MODE_A bound to: SYNC - type: string 
	Parameter WRITE_DATA_WIDTH_B bound to: 64 - type: integer 
	Parameter READ_DATA_WIDTH_B bound to: 64 - type: integer 
	Parameter BYTE_WRITE_WIDTH_B bound to: 8 - type: integer 
	Parameter ADDR_WIDTH_B bound to: 3 - type: integer 
	Parameter READ_RESET_VALUE_B bound to: 0 - type: string 
	Parameter READ_LATENCY_B bound to: 1 - type: integer 
	Parameter WRITE_MODE_B bound to: write_first - type: string 
	Parameter RST_MODE_B bound to: SYNC - type: string 
	Parameter P_MEMORY_PRIMITIVE bound to: 0 - type: integer 
	Parameter P_CLOCKING_MODE bound to: 0 - type: integer 
	Parameter P_ECC_MODE bound to: 0 - type: integer 
	Parameter P_WAKEUP_TIME bound to: 0 - type: integer 
	Parameter P_WRITE_MODE_A bound to: 0 - type: integer 
	Parameter P_WRITE_MODE_B bound to: 0 - type: integer 
	Parameter P_MEMORY_OPTIMIZATION bound to: 1 - type: integer 
INFO: [Synth 8-6157] synthesizing module 'xpm_memory_base__parameterized3' [C:/Xilinx/Vivado/2020.1/data/ip/xpm/xpm_memory/hdl/xpm_memory.sv:57]
	Parameter MEMORY_TYPE bound to: 2 - type: integer 
	Parameter MEMORY_SIZE bound to: 512 - type: integer 
	Parameter MEMORY_PRIMITIVE bound to: 0 - type: integer 
	Parameter CLOCKING_MODE bound to: 0 - type: integer 
	Parameter ECC_MODE bound to: 0 - type: integer 
	Parameter MEMORY_INIT_FILE bound to: none - type: string 
	Parameter MEMORY_INIT_PARAM bound to: 0 - type: string 
	Parameter USE_MEM_INIT_MMI bound to: 0 - type: integer 
	Parameter USE_MEM_INIT bound to: 1 - type: integer 
	Parameter MEMORY_OPTIMIZATION bound to: true - type: string 
	Parameter WAKEUP_TIME bound to: 0 - type: integer 
	Parameter AUTO_SLEEP_TIME bound to: 0 - type: integer 
	Parameter MESSAGE_CONTROL bound to: 0 - type: integer 
	Parameter VERSION bound to: 0 - type: integer 
	Parameter USE_EMBEDDED_CONSTRAINT bound to: 0 - type: integer 
	Parameter CASCADE_HEIGHT bound to: 0 - type: integer 
	Parameter SIM_ASSERT_CHK bound to: 0 - type: integer 
	Parameter WRITE_PROTECT bound to: 1 - type: integer 
	Parameter WRITE_DATA_WIDTH_A bound to: 64 - type: integer 
	Parameter READ_DATA_WIDTH_A bound to: 64 - type: integer 
	Parameter BYTE_WRITE_WIDTH_A bound to: 8 - type: integer 
	Parameter ADDR_WIDTH_A bound to: 3 - type: integer 
	Parameter READ_RESET_VALUE_A bound to: 0 - type: string 
	Parameter READ_LATENCY_A bound to: 1 - type: integer 
	Parameter WRITE_MODE_A bound to: 0 - type: integer 
	Parameter RST_MODE_A bound to: SYNC - type: string 
	Parameter WRITE_DATA_WIDTH_B bound to: 64 - type: integer 
	Parameter READ_DATA_WIDTH_B bound to: 64 - type: integer 
	Parameter BYTE_WRITE_WIDTH_B bound to: 8 - type: integer 
	Parameter ADDR_WIDTH_B bound to: 3 - type: integer 
	Parameter READ_RESET_VALUE_B bound to: 0 - type: string 
	Parameter READ_LATENCY_B bound to: 1 - type: integer 
	Parameter WRITE_MODE_B bound to: 0 - type: integer 
	Parameter RST_MODE_B bound to: SYNC - type: string 
	Parameter P_MEMORY_PRIMITIVE bound to: auto - type: string 
	Parameter P_MIN_WIDTH_DATA_A bound to: 64 - type: integer 
	Parameter P_MIN_WIDTH_DATA_B bound to: 64 - type: integer 
	Parameter P_MIN_WIDTH_DATA bound to: 64 - type: integer 
	Parameter P_MIN_WIDTH_DATA_ECC bound to: 64 - type: integer 
	Parameter P_MAX_DEPTH_DATA bound to: 8 - type: integer 
	Parameter P_ECC_MODE bound to: no_ecc - type: string 
	Parameter P_MEMORY_OPT bound to: yes - type: string 
	Parameter P_WIDTH_COL_WRITE_A bound to: 8 - type: integer 
	Parameter P_WIDTH_COL_WRITE_B bound to: 8 - type: integer 
	Parameter P_NUM_COLS_WRITE_A bound to: 8 - type: integer 
	Parameter P_NUM_COLS_WRITE_B bound to: 8 - type: integer 
	Parameter P_NUM_ROWS_WRITE_A bound to: 1 - type: integer 
	Parameter P_NUM_ROWS_WRITE_B bound to: 1 - type: integer 
	Parameter P_NUM_ROWS_READ_A bound to: 1 - type: integer 
	Parameter P_NUM_ROWS_READ_B bound to: 1 - type: integer 
	Parameter P_WIDTH_ADDR_WRITE_A bound to: 3 - type: integer 
	Parameter P_WIDTH_ADDR_WRITE_B bound to: 3 - type: integer 
	Parameter P_WIDTH_ADDR_READ_A bound to: 3 - type: integer 
	Parameter P_WIDTH_ADDR_READ_B bound to: 3 - type: integer 
	Parameter P_WIDTH_ADDR_LSB_WRITE_A bound to: 0 - type: integer 
	Parameter P_WIDTH_ADDR_LSB_WRITE_B bound to: 0 - type: integer 
	Parameter P_WIDTH_ADDR_LSB_READ_A bound to: 0 - type: integer 
	Parameter P_WIDTH_ADDR_LSB_READ_B bound to: 0 - type: integer 
	Parameter P_ENABLE_BYTE_WRITE_A bound to: 1 - type: integer 
	Parameter P_ENABLE_BYTE_WRITE_B bound to: 1 - type: integer 
	Parameter P_SDP_WRITE_MODE bound to: yes - type: string 
	Parameter rsta_loop_iter bound to: 64 - type: integer 
	Parameter rstb_loop_iter bound to: 64 - type: integer 
	Parameter NUM_CHAR_LOC bound to: 0 - type: integer 
	Parameter MAX_NUM_CHAR bound to: 0 - type: integer 
	Parameter P_MIN_WIDTH_DATA_SHFT bound to: 64 - type: integer 
	Parameter P_MIN_WIDTH_DATA_LDW bound to: 4 - type: integer 
INFO: [Synth 8-6059] Synth Info: [XPM_MEMORY 20-1] MEMORY_PRIMITIVE (0) instructs Vivado Synthesis to choose the memory primitive type. Depending on their values, other XPM_MEMORY parameters may preclude the choice of certain memory primitive types. Review XPM_MEMORY documentation and parameter values to understand any limitations, or set MEMORY_PRIMITIVE to a different value.   [C:/Xilinx/Vivado/2020.1/data/ip/xpm/xpm_memory/hdl/xpm_memory.sv:488]
INFO: [Synth 8-6059] Synth Info: [XPM_MEMORY 20-2] MEMORY_INIT_FILE (none), MEMORY_INIT_PARAM together specify no memory initialization. Initial memory contents will be all 0's.   [C:/Xilinx/Vivado/2020.1/data/ip/xpm/xpm_memory/hdl/xpm_memory.sv:490]
INFO: [Synth 8-6155] done synthesizing module 'xpm_memory_base__parameterized3' (103#1) [C:/Xilinx/Vivado/2020.1/data/ip/xpm/xpm_memory/hdl/xpm_memory.sv:57]
INFO: [Synth 8-6155] done synthesizing module 'xpm_memory_tdpram' (104#1) [C:/Xilinx/Vivado/2020.1/data/ip/xpm/xpm_memory/hdl/xpm_memory.sv:8871]
INFO: [Synth 8-6157] synthesizing module 'xpm_memory_tdpram__parameterized0' [C:/Xilinx/Vivado/2020.1/data/ip/xpm/xpm_memory/hdl/xpm_memory.sv:8871]
	Parameter MEMORY_SIZE bound to: 256 - type: integer 
	Parameter MEMORY_PRIMITIVE bound to: auto - type: string 
	Parameter CLOCKING_MODE bound to: common_clock - type: string 
	Parameter ECC_MODE bound to: no_ecc - type: string 
	Parameter MEMORY_INIT_FILE bound to: none - type: string 
	Parameter MEMORY_INIT_PARAM bound to: 0 - type: string 
	Parameter USE_MEM_INIT bound to: 1 - type: integer 
	Parameter USE_MEM_INIT_MMI bound to: 0 - type: integer 
	Parameter WAKEUP_TIME bound to: disable_sleep - type: string 
	Parameter AUTO_SLEEP_TIME bound to: 0 - type: integer 
	Parameter MESSAGE_CONTROL bound to: 0 - type: integer 
	Parameter USE_EMBEDDED_CONSTRAINT bound to: 0 - type: integer 
	Parameter MEMORY_OPTIMIZATION bound to: true - type: string 
	Parameter CASCADE_HEIGHT bound to: 0 - type: integer 
	Parameter SIM_ASSERT_CHK bound to: 0 - type: integer 
	Parameter WRITE_PROTECT bound to: 1 - type: integer 
	Parameter WRITE_DATA_WIDTH_A bound to: 64 - type: integer 
	Parameter READ_DATA_WIDTH_A bound to: 64 - type: integer 
	Parameter BYTE_WRITE_WIDTH_A bound to: 8 - type: integer 
	Parameter ADDR_WIDTH_A bound to: 2 - type: integer 
	Parameter READ_RESET_VALUE_A bound to: 0 - type: string 
	Parameter READ_LATENCY_A bound to: 1 - type: integer 
	Parameter WRITE_MODE_A bound to: write_first - type: string 
	Parameter RST_MODE_A bound to: SYNC - type: string 
	Parameter WRITE_DATA_WIDTH_B bound to: 64 - type: integer 
	Parameter READ_DATA_WIDTH_B bound to: 64 - type: integer 
	Parameter BYTE_WRITE_WIDTH_B bound to: 8 - type: integer 
	Parameter ADDR_WIDTH_B bound to: 2 - type: integer 
	Parameter READ_RESET_VALUE_B bound to: 0 - type: string 
	Parameter READ_LATENCY_B bound to: 1 - type: integer 
	Parameter WRITE_MODE_B bound to: write_first - type: string 
	Parameter RST_MODE_B bound to: SYNC - type: string 
	Parameter P_MEMORY_PRIMITIVE bound to: 0 - type: integer 
	Parameter P_CLOCKING_MODE bound to: 0 - type: integer 
	Parameter P_ECC_MODE bound to: 0 - type: integer 
	Parameter P_WAKEUP_TIME bound to: 0 - type: integer 
	Parameter P_WRITE_MODE_A bound to: 0 - type: integer 
	Parameter P_WRITE_MODE_B bound to: 0 - type: integer 
	Parameter P_MEMORY_OPTIMIZATION bound to: 1 - type: integer 
INFO: [Synth 8-6157] synthesizing module 'xpm_memory_base__parameterized4' [C:/Xilinx/Vivado/2020.1/data/ip/xpm/xpm_memory/hdl/xpm_memory.sv:57]
	Parameter MEMORY_TYPE bound to: 2 - type: integer 
	Parameter MEMORY_SIZE bound to: 256 - type: integer 
	Parameter MEMORY_PRIMITIVE bound to: 0 - type: integer 
	Parameter CLOCKING_MODE bound to: 0 - type: integer 
	Parameter ECC_MODE bound to: 0 - type: integer 
	Parameter MEMORY_INIT_FILE bound to: none - type: string 
	Parameter MEMORY_INIT_PARAM bound to: 0 - type: string 
	Parameter USE_MEM_INIT_MMI bound to: 0 - type: integer 
	Parameter USE_MEM_INIT bound to: 1 - type: integer 
	Parameter MEMORY_OPTIMIZATION bound to: true - type: string 
	Parameter WAKEUP_TIME bound to: 0 - type: integer 
	Parameter AUTO_SLEEP_TIME bound to: 0 - type: integer 
	Parameter MESSAGE_CONTROL bound to: 0 - type: integer 
	Parameter VERSION bound to: 0 - type: integer 
	Parameter USE_EMBEDDED_CONSTRAINT bound to: 0 - type: integer 
	Parameter CASCADE_HEIGHT bound to: 0 - type: integer 
	Parameter SIM_ASSERT_CHK bound to: 0 - type: integer 
	Parameter WRITE_PROTECT bound to: 1 - type: integer 
	Parameter WRITE_DATA_WIDTH_A bound to: 64 - type: integer 
	Parameter READ_DATA_WIDTH_A bound to: 64 - type: integer 
	Parameter BYTE_WRITE_WIDTH_A bound to: 8 - type: integer 
	Parameter ADDR_WIDTH_A bound to: 2 - type: integer 
	Parameter READ_RESET_VALUE_A bound to: 0 - type: string 
	Parameter READ_LATENCY_A bound to: 1 - type: integer 
	Parameter WRITE_MODE_A bound to: 0 - type: integer 
	Parameter RST_MODE_A bound to: SYNC - type: string 
	Parameter WRITE_DATA_WIDTH_B bound to: 64 - type: integer 
	Parameter READ_DATA_WIDTH_B bound to: 64 - type: integer 
	Parameter BYTE_WRITE_WIDTH_B bound to: 8 - type: integer 
	Parameter ADDR_WIDTH_B bound to: 2 - type: integer 
	Parameter READ_RESET_VALUE_B bound to: 0 - type: string 
	Parameter READ_LATENCY_B bound to: 1 - type: integer 
	Parameter WRITE_MODE_B bound to: 0 - type: integer 
	Parameter RST_MODE_B bound to: SYNC - type: string 
	Parameter P_MEMORY_PRIMITIVE bound to: auto - type: string 
	Parameter P_MIN_WIDTH_DATA_A bound to: 64 - type: integer 
	Parameter P_MIN_WIDTH_DATA_B bound to: 64 - type: integer 
	Parameter P_MIN_WIDTH_DATA bound to: 64 - type: integer 
	Parameter P_MIN_WIDTH_DATA_ECC bound to: 64 - type: integer 
	Parameter P_MAX_DEPTH_DATA bound to: 4 - type: integer 
	Parameter P_ECC_MODE bound to: no_ecc - type: string 
	Parameter P_MEMORY_OPT bound to: yes - type: string 
	Parameter P_WIDTH_COL_WRITE_A bound to: 8 - type: integer 
	Parameter P_WIDTH_COL_WRITE_B bound to: 8 - type: integer 
	Parameter P_NUM_COLS_WRITE_A bound to: 8 - type: integer 
	Parameter P_NUM_COLS_WRITE_B bound to: 8 - type: integer 
	Parameter P_NUM_ROWS_WRITE_A bound to: 1 - type: integer 
	Parameter P_NUM_ROWS_WRITE_B bound to: 1 - type: integer 
	Parameter P_NUM_ROWS_READ_A bound to: 1 - type: integer 
	Parameter P_NUM_ROWS_READ_B bound to: 1 - type: integer 
	Parameter P_WIDTH_ADDR_WRITE_A bound to: 2 - type: integer 
	Parameter P_WIDTH_ADDR_WRITE_B bound to: 2 - type: integer 
	Parameter P_WIDTH_ADDR_READ_A bound to: 2 - type: integer 
	Parameter P_WIDTH_ADDR_READ_B bound to: 2 - type: integer 
	Parameter P_WIDTH_ADDR_LSB_WRITE_A bound to: 0 - type: integer 
	Parameter P_WIDTH_ADDR_LSB_WRITE_B bound to: 0 - type: integer 
	Parameter P_WIDTH_ADDR_LSB_READ_A bound to: 0 - type: integer 
	Parameter P_WIDTH_ADDR_LSB_READ_B bound to: 0 - type: integer 
	Parameter P_ENABLE_BYTE_WRITE_A bound to: 1 - type: integer 
	Parameter P_ENABLE_BYTE_WRITE_B bound to: 1 - type: integer 
	Parameter P_SDP_WRITE_MODE bound to: yes - type: string 
	Parameter rsta_loop_iter bound to: 64 - type: integer 
	Parameter rstb_loop_iter bound to: 64 - type: integer 
	Parameter NUM_CHAR_LOC bound to: 0 - type: integer 
	Parameter MAX_NUM_CHAR bound to: 0 - type: integer 
	Parameter P_MIN_WIDTH_DATA_SHFT bound to: 64 - type: integer 
	Parameter P_MIN_WIDTH_DATA_LDW bound to: 4 - type: integer 
INFO: [Synth 8-6059] Synth Info: [XPM_MEMORY 20-1] MEMORY_PRIMITIVE (0) instructs Vivado Synthesis to choose the memory primitive type. Depending on their values, other XPM_MEMORY parameters may preclude the choice of certain memory primitive types. Review XPM_MEMORY documentation and parameter values to understand any limitations, or set MEMORY_PRIMITIVE to a different value.   [C:/Xilinx/Vivado/2020.1/data/ip/xpm/xpm_memory/hdl/xpm_memory.sv:488]
INFO: [Synth 8-6059] Synth Info: [XPM_MEMORY 20-2] MEMORY_INIT_FILE (none), MEMORY_INIT_PARAM together specify no memory initialization. Initial memory contents will be all 0's.   [C:/Xilinx/Vivado/2020.1/data/ip/xpm/xpm_memory/hdl/xpm_memory.sv:490]
INFO: [Synth 8-6155] done synthesizing module 'xpm_memory_base__parameterized4' (104#1) [C:/Xilinx/Vivado/2020.1/data/ip/xpm/xpm_memory/hdl/xpm_memory.sv:57]
INFO: [Synth 8-6155] done synthesizing module 'xpm_memory_tdpram__parameterized0' (104#1) [C:/Xilinx/Vivado/2020.1/data/ip/xpm/xpm_memory/hdl/xpm_memory.sv:8871]
INFO: [Synth 8-6157] synthesizing module 'register__parameterized0' [C:/projects/NN_copy/NN_copy.srcs/sources_1/imports/module/register.v:3]
	Parameter WIDTH bound to: 16 - type: integer 
INFO: [Synth 8-6155] done synthesizing module 'register__parameterized0' (104#1) [C:/projects/NN_copy/NN_copy.srcs/sources_1/imports/module/register.v:3]
INFO: [Synth 8-6157] synthesizing module 'systolic' [C:/projects/NN_copy/NN_copy.srcs/sources_1/imports/module/systolic.v:3]
	Parameter WIDTH bound to: 16 - type: integer 
	Parameter FRAC_BIT bound to: 10 - type: integer 
INFO: [Synth 8-6157] synthesizing module 'pe' [C:/projects/NN_copy/NN_copy.srcs/sources_1/imports/module/pe.v:3]
	Parameter WIDTH bound to: 16 - type: integer 
	Parameter FRAC_BIT bound to: 10 - type: integer 
INFO: [Synth 8-6155] done synthesizing module 'pe' (105#1) [C:/projects/NN_copy/NN_copy.srcs/sources_1/imports/module/pe.v:3]
INFO: [Synth 8-6155] done synthesizing module 'systolic' (106#1) [C:/projects/NN_copy/NN_copy.srcs/sources_1/imports/module/systolic.v:3]
INFO: [Synth 8-6157] synthesizing module 'sigmoid' [C:/projects/NN_copy/NN_copy.srcs/sources_1/imports/module/sigmoid.v:12]
INFO: [Synth 8-6155] done synthesizing module 'sigmoid' (107#1) [C:/projects/NN_copy/NN_copy.srcs/sources_1/imports/module/sigmoid.v:12]
INFO: [Synth 8-6155] done synthesizing module 'nn' (108#1) [C:/projects/NN_copy/NN_copy.srcs/sources_1/imports/module/nn.v:3]
INFO: [Synth 8-6155] done synthesizing module 'axis_nn' (109#1) [C:/projects/NN_copy/NN_copy.srcs/sources_1/imports/module/axis_nn.v:3]
INFO: [Synth 8-6155] done synthesizing module 'design_1_axis_nn_0_0' (110#1) [c:/projects/NN_copy/NN_copy.srcs/sources_1/bd/design_1/ip/design_1_axis_nn_0_0/synth/design_1_axis_nn_0_0.v:58]
INFO: [Synth 8-638] synthesizing module 'design_1_proc_sys_reset_0_0' [c:/projects/NN_copy/NN_copy.srcs/sources_1/bd/design_1/ip/design_1_proc_sys_reset_0_0/synth/design_1_proc_sys_reset_0_0.vhd:74]
	Parameter C_FAMILY bound to: zynq - type: string 
	Parameter C_EXT_RST_WIDTH bound to: 4 - type: integer 
	Parameter C_AUX_RST_WIDTH bound to: 4 - type: integer 
	Parameter C_EXT_RESET_HIGH bound to: 1'b0 
	Parameter C_AUX_RESET_HIGH bound to: 1'b0 
	Parameter C_NUM_BUS_RST bound to: 1 - type: integer 
	Parameter C_NUM_PERP_RST bound to: 1 - type: integer 
	Parameter C_NUM_INTERCONNECT_ARESETN bound to: 1 - type: integer 
	Parameter C_NUM_PERP_ARESETN bound to: 1 - type: integer 
INFO: [Synth 8-3491] module 'proc_sys_reset' declared at 'c:/projects/NN_copy/NN_copy.srcs/sources_1/bd/design_1/ipshared/8842/hdl/proc_sys_reset_v5_0_vh_rfs.vhd:1264' bound to instance 'U0' of component 'proc_sys_reset' [c:/projects/NN_copy/NN_copy.srcs/sources_1/bd/design_1/ip/design_1_proc_sys_reset_0_0/synth/design_1_proc_sys_reset_0_0.vhd:129]
INFO: [Synth 8-638] synthesizing module 'proc_sys_reset' [c:/projects/NN_copy/NN_copy.srcs/sources_1/bd/design_1/ipshared/8842/hdl/proc_sys_reset_v5_0_vh_rfs.vhd:1323]
	Parameter C_FAMILY bound to: zynq - type: string 
	Parameter C_EXT_RST_WIDTH bound to: 4 - type: integer 
	Parameter C_AUX_RST_WIDTH bound to: 4 - type: integer 
	Parameter C_EXT_RESET_HIGH bound to: 1'b0 
	Parameter C_AUX_RESET_HIGH bound to: 1'b0 
	Parameter C_NUM_BUS_RST bound to: 1 - type: integer 
	Parameter C_NUM_PERP_RST bound to: 1 - type: integer 
	Parameter C_NUM_INTERCONNECT_ARESETN bound to: 1 - type: integer 
	Parameter C_NUM_PERP_ARESETN bound to: 1 - type: integer 
	Parameter INIT bound to: 1'b1 
	Parameter IS_C_INVERTED bound to: 1'b0 
	Parameter IS_D_INVERTED bound to: 1'b0 
	Parameter IS_R_INVERTED bound to: 1'b0 
INFO: [Synth 8-113] binding component instance 'FDRE_inst' to cell 'FDRE' [c:/projects/NN_copy/NN_copy.srcs/sources_1/bd/design_1/ipshared/8842/hdl/proc_sys_reset_v5_0_vh_rfs.vhd:1392]
	Parameter INIT bound to: 1'b1 
	Parameter IS_C_INVERTED bound to: 1'b0 
	Parameter IS_D_INVERTED bound to: 1'b0 
	Parameter IS_R_INVERTED bound to: 1'b0 
INFO: [Synth 8-113] binding component instance 'FDRE_BSR' to cell 'FDRE' [c:/projects/NN_copy/NN_copy.srcs/sources_1/bd/design_1/ipshared/8842/hdl/proc_sys_reset_v5_0_vh_rfs.vhd:1408]
	Parameter INIT bound to: 1'b0 
	Parameter IS_C_INVERTED bound to: 1'b0 
	Parameter IS_D_INVERTED bound to: 1'b0 
	Parameter IS_R_INVERTED bound to: 1'b0 
INFO: [Synth 8-113] binding component instance 'FDRE_BSR_N' to cell 'FDRE' [c:/projects/NN_copy/NN_copy.srcs/sources_1/bd/design_1/ipshared/8842/hdl/proc_sys_reset_v5_0_vh_rfs.vhd:1434]
	Parameter INIT bound to: 1'b1 
	Parameter IS_C_INVERTED bound to: 1'b0 
	Parameter IS_D_INVERTED bound to: 1'b0 
	Parameter IS_R_INVERTED bound to: 1'b0 
INFO: [Synth 8-113] binding component instance 'FDRE_PER' to cell 'FDRE' [c:/projects/NN_copy/NN_copy.srcs/sources_1/bd/design_1/ipshared/8842/hdl/proc_sys_reset_v5_0_vh_rfs.vhd:1457]
	Parameter INIT bound to: 1'b0 
	Parameter IS_C_INVERTED bound to: 1'b0 
	Parameter IS_D_INVERTED bound to: 1'b0 
	Parameter IS_R_INVERTED bound to: 1'b0 
INFO: [Synth 8-113] binding component instance 'FDRE_PER_N' to cell 'FDRE' [c:/projects/NN_copy/NN_copy.srcs/sources_1/bd/design_1/ipshared/8842/hdl/proc_sys_reset_v5_0_vh_rfs.vhd:1481]
INFO: [Synth 8-638] synthesizing module 'lpf' [c:/projects/NN_copy/NN_copy.srcs/sources_1/bd/design_1/ipshared/8842/hdl/proc_sys_reset_v5_0_vh_rfs.vhd:816]
	Parameter C_EXT_RST_WIDTH bound to: 4 - type: integer 
	Parameter C_AUX_RST_WIDTH bound to: 4 - type: integer 
	Parameter C_EXT_RESET_HIGH bound to: 1'b0 
	Parameter C_AUX_RESET_HIGH bound to: 1'b0 
INFO: [Synth 8-3491] module 'SRL16' declared at 'C:/Xilinx/Vivado/2020.1/scripts/rt/data/unisim_comp.v:78043' bound to instance 'POR_SRL_I' of component 'SRL16' [c:/projects/NN_copy/NN_copy.srcs/sources_1/bd/design_1/ipshared/8842/hdl/proc_sys_reset_v5_0_vh_rfs.vhd:868]
INFO: [Synth 8-6157] synthesizing module 'SRL16' [C:/Xilinx/Vivado/2020.1/scripts/rt/data/unisim_comp.v:78043]
	Parameter INIT bound to: 16'b0000000000000000 
INFO: [Synth 8-6155] done synthesizing module 'SRL16' (111#1) [C:/Xilinx/Vivado/2020.1/scripts/rt/data/unisim_comp.v:78043]
INFO: [Synth 8-638] synthesizing module 'cdc_sync__parameterized0' [c:/projects/NN_copy/NN_copy.srcs/sources_1/bd/design_1/ipshared/ef1e/hdl/lib_cdc_v1_0_rfs.vhd:106]
	Parameter C_CDC_TYPE bound to: 1 - type: integer 
	Parameter C_RESET_STATE bound to: 0 - type: integer 
	Parameter C_SINGLE_BIT bound to: 1 - type: integer 
	Parameter C_FLOP_INPUT bound to: 0 - type: integer 
	Parameter C_VECTOR_WIDTH bound to: 2 - type: integer 
	Parameter C_MTBF_STAGES bound to: 4 - type: integer 
	Parameter INIT bound to: 1'b0 
INFO: [Synth 8-113] binding component instance 'CROSS_PLEVEL_IN2SCNDRY_IN_cdc_to' to cell 'FDR' [c:/projects/NN_copy/NN_copy.srcs/sources_1/bd/design_1/ipshared/ef1e/hdl/lib_cdc_v1_0_rfs.vhd:514]
	Parameter INIT bound to: 1'b0 
INFO: [Synth 8-113] binding component instance 'CROSS_PLEVEL_IN2SCNDRY_s_level_out_d2' to cell 'FDR' [c:/projects/NN_copy/NN_copy.srcs/sources_1/bd/design_1/ipshared/ef1e/hdl/lib_cdc_v1_0_rfs.vhd:545]
	Parameter INIT bound to: 1'b0 
INFO: [Synth 8-113] binding component instance 'CROSS_PLEVEL_IN2SCNDRY_s_level_out_d3' to cell 'FDR' [c:/projects/NN_copy/NN_copy.srcs/sources_1/bd/design_1/ipshared/ef1e/hdl/lib_cdc_v1_0_rfs.vhd:554]
	Parameter INIT bound to: 1'b0 
INFO: [Synth 8-113] binding component instance 'CROSS_PLEVEL_IN2SCNDRY_s_level_out_d4' to cell 'FDR' [c:/projects/NN_copy/NN_copy.srcs/sources_1/bd/design_1/ipshared/ef1e/hdl/lib_cdc_v1_0_rfs.vhd:564]
	Parameter INIT bound to: 1'b0 
INFO: [Synth 8-113] binding component instance 'CROSS_PLEVEL_IN2SCNDRY_s_level_out_d5' to cell 'FDR' [c:/projects/NN_copy/NN_copy.srcs/sources_1/bd/design_1/ipshared/ef1e/hdl/lib_cdc_v1_0_rfs.vhd:574]
	Parameter INIT bound to: 1'b0 
INFO: [Synth 8-113] binding component instance 'CROSS_PLEVEL_IN2SCNDRY_s_level_out_d6' to cell 'FDR' [c:/projects/NN_copy/NN_copy.srcs/sources_1/bd/design_1/ipshared/ef1e/hdl/lib_cdc_v1_0_rfs.vhd:584]
INFO: [Synth 8-256] done synthesizing module 'cdc_sync__parameterized0' (111#1) [c:/projects/NN_copy/NN_copy.srcs/sources_1/bd/design_1/ipshared/ef1e/hdl/lib_cdc_v1_0_rfs.vhd:106]
INFO: [Synth 8-256] done synthesizing module 'lpf' (112#1) [c:/projects/NN_copy/NN_copy.srcs/sources_1/bd/design_1/ipshared/8842/hdl/proc_sys_reset_v5_0_vh_rfs.vhd:816]
INFO: [Synth 8-638] synthesizing module 'sequence_psr' [c:/projects/NN_copy/NN_copy.srcs/sources_1/bd/design_1/ipshared/8842/hdl/proc_sys_reset_v5_0_vh_rfs.vhd:301]
INFO: [Synth 8-638] synthesizing module 'upcnt_n' [c:/projects/NN_copy/NN_copy.srcs/sources_1/bd/design_1/ipshared/8842/hdl/proc_sys_reset_v5_0_vh_rfs.vhd:125]
	Parameter C_SIZE bound to: 6 - type: integer 
INFO: [Synth 8-256] done synthesizing module 'upcnt_n' (113#1) [c:/projects/NN_copy/NN_copy.srcs/sources_1/bd/design_1/ipshared/8842/hdl/proc_sys_reset_v5_0_vh_rfs.vhd:125]
INFO: [Synth 8-256] done synthesizing module 'sequence_psr' (114#1) [c:/projects/NN_copy/NN_copy.srcs/sources_1/bd/design_1/ipshared/8842/hdl/proc_sys_reset_v5_0_vh_rfs.vhd:301]
INFO: [Synth 8-256] done synthesizing module 'proc_sys_reset' (115#1) [c:/projects/NN_copy/NN_copy.srcs/sources_1/bd/design_1/ipshared/8842/hdl/proc_sys_reset_v5_0_vh_rfs.vhd:1323]
INFO: [Synth 8-256] done synthesizing module 'design_1_proc_sys_reset_0_0' (116#1) [c:/projects/NN_copy/NN_copy.srcs/sources_1/bd/design_1/ip/design_1_proc_sys_reset_0_0/synth/design_1_proc_sys_reset_0_0.vhd:74]
WARNING: [Synth 8-7071] port 'mb_reset' of module 'design_1_proc_sys_reset_0_0' is unconnected for instance 'proc_sys_reset_0' [C:/projects/NN_copy/NN_copy.srcs/sources_1/bd/design_1/synth/design_1.v:372]
WARNING: [Synth 8-7071] port 'bus_struct_reset' of module 'design_1_proc_sys_reset_0_0' is unconnected for instance 'proc_sys_reset_0' [C:/projects/NN_copy/NN_copy.srcs/sources_1/bd/design_1/synth/design_1.v:372]
WARNING: [Synth 8-7071] port 'peripheral_reset' of module 'design_1_proc_sys_reset_0_0' is unconnected for instance 'proc_sys_reset_0' [C:/projects/NN_copy/NN_copy.srcs/sources_1/bd/design_1/synth/design_1.v:372]
WARNING: [Synth 8-7071] port 'interconnect_aresetn' of module 'design_1_proc_sys_reset_0_0' is unconnected for instance 'proc_sys_reset_0' [C:/projects/NN_copy/NN_copy.srcs/sources_1/bd/design_1/synth/design_1.v:372]
WARNING: [Synth 8-7023] instance 'proc_sys_reset_0' of module 'design_1_proc_sys_reset_0_0' has 10 connections declared, but only 6 given [C:/projects/NN_copy/NN_copy.srcs/sources_1/bd/design_1/synth/design_1.v:372]
INFO: [Synth 8-6157] synthesizing module 'design_1_processing_system7_0_0' [c:/projects/NN_copy/NN_copy.srcs/sources_1/bd/design_1/ip/design_1_processing_system7_0_0/synth/design_1_processing_system7_0_0.v:60]
INFO: [Synth 8-6157] synthesizing module 'processing_system7_v5_5_processing_system7' [c:/projects/NN_copy/NN_copy.srcs/sources_1/bd/design_1/ip/design_1_processing_system7_0_0/hdl/verilog/processing_system7_v5_5_processing_system7.v:162]
	Parameter C_USE_DEFAULT_ACP_USER_VAL bound to: 0 - type: integer 
	Parameter C_S_AXI_ACP_ARUSER_VAL bound to: 31 - type: integer 
	Parameter C_S_AXI_ACP_AWUSER_VAL bound to: 31 - type: integer 
	Parameter C_M_AXI_GP0_THREAD_ID_WIDTH bound to: 12 - type: integer 
	Parameter C_M_AXI_GP1_THREAD_ID_WIDTH bound to: 12 - type: integer 
	Parameter C_M_AXI_GP0_ENABLE_STATIC_REMAP bound to: 0 - type: integer 
	Parameter C_M_AXI_GP1_ENABLE_STATIC_REMAP bound to: 0 - type: integer 
	Parameter C_M_AXI_GP0_ID_WIDTH bound to: 12 - type: integer 
	Parameter C_M_AXI_GP1_ID_WIDTH bound to: 12 - type: integer 
	Parameter C_S_AXI_GP0_ID_WIDTH bound to: 6 - type: integer 
	Parameter C_S_AXI_GP1_ID_WIDTH bound to: 6 - type: integer 
	Parameter C_S_AXI_HP0_ID_WIDTH bound to: 6 - type: integer 
	Parameter C_S_AXI_HP1_ID_WIDTH bound to: 6 - type: integer 
	Parameter C_S_AXI_HP2_ID_WIDTH bound to: 6 - type: integer 
	Parameter C_S_AXI_HP3_ID_WIDTH bound to: 6 - type: integer 
	Parameter C_S_AXI_ACP_ID_WIDTH bound to: 3 - type: integer 
	Parameter C_S_AXI_HP0_DATA_WIDTH bound to: 64 - type: integer 
	Parameter C_S_AXI_HP1_DATA_WIDTH bound to: 64 - type: integer 
	Parameter C_S_AXI_HP2_DATA_WIDTH bound to: 64 - type: integer 
	Parameter C_S_AXI_HP3_DATA_WIDTH bound to: 64 - type: integer 
	Parameter C_INCLUDE_ACP_TRANS_CHECK bound to: 0 - type: integer 
	Parameter C_NUM_F2P_INTR_INPUTS bound to: 1 - type: integer 
	Parameter C_FCLK_CLK0_BUF bound to: TRUE - type: string 
	Parameter C_FCLK_CLK1_BUF bound to: FALSE - type: string 
	Parameter C_FCLK_CLK2_BUF bound to: FALSE - type: string 
	Parameter C_FCLK_CLK3_BUF bound to: FALSE - type: string 
	Parameter C_EMIO_GPIO_WIDTH bound to: 64 - type: integer 
	Parameter C_INCLUDE_TRACE_BUFFER bound to: 0 - type: integer 
	Parameter C_TRACE_BUFFER_FIFO_SIZE bound to: 128 - type: integer 
	Parameter C_TRACE_BUFFER_CLOCK_DELAY bound to: 12 - type: integer 
	Parameter USE_TRACE_DATA_EDGE_DETECTOR bound to: 0 - type: integer 
	Parameter C_TRACE_PIPELINE_WIDTH bound to: 8 - type: integer 
	Parameter C_PS7_SI_REV bound to: PRODUCTION - type: string 
	Parameter C_EN_EMIO_ENET0 bound to: 0 - type: integer 
	Parameter C_EN_EMIO_ENET1 bound to: 0 - type: integer 
	Parameter C_EN_EMIO_TRACE bound to: 0 - type: integer 
	Parameter C_DQ_WIDTH bound to: 32 - type: integer 
	Parameter C_DQS_WIDTH bound to: 4 - type: integer 
	Parameter C_DM_WIDTH bound to: 4 - type: integer 
	Parameter C_MIO_PRIMITIVE bound to: 54 - type: integer 
	Parameter C_PACKAGE_NAME bound to: clg484 - type: string 
	Parameter C_IRQ_F2P_MODE bound to: DIRECT - type: string 
	Parameter C_TRACE_INTERNAL_WIDTH bound to: 2 - type: integer 
	Parameter C_EN_EMIO_PJTAG bound to: 0 - type: integer 
	Parameter C_USE_AXI_NONSECURE bound to: 0 - type: integer 
	Parameter C_USE_S_AXI_HP0 bound to: 1 - type: integer 
	Parameter C_USE_S_AXI_HP1 bound to: 0 - type: integer 
	Parameter C_USE_S_AXI_HP2 bound to: 1 - type: integer 
	Parameter C_USE_S_AXI_HP3 bound to: 0 - type: integer 
	Parameter C_USE_M_AXI_GP0 bound to: 1 - type: integer 
	Parameter C_USE_M_AXI_GP1 bound to: 0 - type: integer 
	Parameter C_USE_S_AXI_GP0 bound to: 0 - type: integer 
	Parameter C_USE_S_AXI_GP1 bound to: 0 - type: integer 
	Parameter C_USE_S_AXI_ACP bound to: 0 - type: integer 
	Parameter C_GP0_EN_MODIFIABLE_TXN bound to: 1 - type: integer 
	Parameter C_GP1_EN_MODIFIABLE_TXN bound to: 1 - type: integer 
INFO: [Synth 8-6157] synthesizing module 'BUFG' [C:/Xilinx/Vivado/2020.1/scripts/rt/data/unisim_comp.v:1083]
INFO: [Synth 8-6155] done synthesizing module 'BUFG' (117#1) [C:/Xilinx/Vivado/2020.1/scripts/rt/data/unisim_comp.v:1083]
INFO: [Synth 8-6157] synthesizing module 'BIBUF' [C:/Xilinx/Vivado/2020.1/scripts/rt/data/unisim_comp.v:730]
INFO: [Synth 8-6155] done synthesizing module 'BIBUF' (118#1) [C:/Xilinx/Vivado/2020.1/scripts/rt/data/unisim_comp.v:730]
INFO: [Synth 8-6157] synthesizing module 'PS7' [C:/Xilinx/Vivado/2020.1/scripts/rt/data/unisim_comp.v:62027]
INFO: [Synth 8-6155] done synthesizing module 'PS7' (119#1) [C:/Xilinx/Vivado/2020.1/scripts/rt/data/unisim_comp.v:62027]
INFO: [Synth 8-6155] done synthesizing module 'processing_system7_v5_5_processing_system7' (120#1) [c:/projects/NN_copy/NN_copy.srcs/sources_1/bd/design_1/ip/design_1_processing_system7_0_0/hdl/verilog/processing_system7_v5_5_processing_system7.v:162]
WARNING: [Synth 8-7071] port 'M_AXI_GP0_ARESETN' of module 'processing_system7_v5_5_processing_system7' is unconnected for instance 'inst' [c:/projects/NN_copy/NN_copy.srcs/sources_1/bd/design_1/ip/design_1_processing_system7_0_0/synth/design_1_processing_system7_0_0.v:605]
WARNING: [Synth 8-7071] port 'M_AXI_GP1_ARESETN' of module 'processing_system7_v5_5_processing_system7' is unconnected for instance 'inst' [c:/projects/NN_copy/NN_copy.srcs/sources_1/bd/design_1/ip/design_1_processing_system7_0_0/synth/design_1_processing_system7_0_0.v:605]
WARNING: [Synth 8-7071] port 'S_AXI_GP0_ARESETN' of module 'processing_system7_v5_5_processing_system7' is unconnected for instance 'inst' [c:/projects/NN_copy/NN_copy.srcs/sources_1/bd/design_1/ip/design_1_processing_system7_0_0/synth/design_1_processing_system7_0_0.v:605]
WARNING: [Synth 8-7071] port 'S_AXI_GP1_ARESETN' of module 'processing_system7_v5_5_processing_system7' is unconnected for instance 'inst' [c:/projects/NN_copy/NN_copy.srcs/sources_1/bd/design_1/ip/design_1_processing_system7_0_0/synth/design_1_processing_system7_0_0.v:605]
WARNING: [Synth 8-7071] port 'S_AXI_ACP_ARESETN' of module 'processing_system7_v5_5_processing_system7' is unconnected for instance 'inst' [c:/projects/NN_copy/NN_copy.srcs/sources_1/bd/design_1/ip/design_1_processing_system7_0_0/synth/design_1_processing_system7_0_0.v:605]
WARNING: [Synth 8-7071] port 'S_AXI_HP0_ARESETN' of module 'processing_system7_v5_5_processing_system7' is unconnected for instance 'inst' [c:/projects/NN_copy/NN_copy.srcs/sources_1/bd/design_1/ip/design_1_processing_system7_0_0/synth/design_1_processing_system7_0_0.v:605]
WARNING: [Synth 8-7071] port 'S_AXI_HP1_ARESETN' of module 'processing_system7_v5_5_processing_system7' is unconnected for instance 'inst' [c:/projects/NN_copy/NN_copy.srcs/sources_1/bd/design_1/ip/design_1_processing_system7_0_0/synth/design_1_processing_system7_0_0.v:605]
WARNING: [Synth 8-7071] port 'S_AXI_HP2_ARESETN' of module 'processing_system7_v5_5_processing_system7' is unconnected for instance 'inst' [c:/projects/NN_copy/NN_copy.srcs/sources_1/bd/design_1/ip/design_1_processing_system7_0_0/synth/design_1_processing_system7_0_0.v:605]
WARNING: [Synth 8-7071] port 'S_AXI_HP3_ARESETN' of module 'processing_system7_v5_5_processing_system7' is unconnected for instance 'inst' [c:/projects/NN_copy/NN_copy.srcs/sources_1/bd/design_1/ip/design_1_processing_system7_0_0/synth/design_1_processing_system7_0_0.v:605]
WARNING: [Synth 8-7071] port 'DMA0_RSTN' of module 'processing_system7_v5_5_processing_system7' is unconnected for instance 'inst' [c:/projects/NN_copy/NN_copy.srcs/sources_1/bd/design_1/ip/design_1_processing_system7_0_0/synth/design_1_processing_system7_0_0.v:605]
WARNING: [Synth 8-7071] port 'DMA1_RSTN' of module 'processing_system7_v5_5_processing_system7' is unconnected for instance 'inst' [c:/projects/NN_copy/NN_copy.srcs/sources_1/bd/design_1/ip/design_1_processing_system7_0_0/synth/design_1_processing_system7_0_0.v:605]
WARNING: [Synth 8-7071] port 'DMA2_RSTN' of module 'processing_system7_v5_5_processing_system7' is unconnected for instance 'inst' [c:/projects/NN_copy/NN_copy.srcs/sources_1/bd/design_1/ip/design_1_processing_system7_0_0/synth/design_1_processing_system7_0_0.v:605]
WARNING: [Synth 8-7071] port 'DMA3_RSTN' of module 'processing_system7_v5_5_processing_system7' is unconnected for instance 'inst' [c:/projects/NN_copy/NN_copy.srcs/sources_1/bd/design_1/ip/design_1_processing_system7_0_0/synth/design_1_processing_system7_0_0.v:605]
WARNING: [Synth 8-7023] instance 'inst' of module 'processing_system7_v5_5_processing_system7' has 685 connections declared, but only 672 given [c:/projects/NN_copy/NN_copy.srcs/sources_1/bd/design_1/ip/design_1_processing_system7_0_0/synth/design_1_processing_system7_0_0.v:605]
INFO: [Synth 8-6155] done synthesizing module 'design_1_processing_system7_0_0' (121#1) [c:/projects/NN_copy/NN_copy.srcs/sources_1/bd/design_1/ip/design_1_processing_system7_0_0/synth/design_1_processing_system7_0_0.v:60]
WARNING: [Synth 8-7071] port 'TTC0_WAVE0_OUT' of module 'design_1_processing_system7_0_0' is unconnected for instance 'processing_system7_0' [C:/projects/NN_copy/NN_copy.srcs/sources_1/bd/design_1/synth/design_1.v:379]
WARNING: [Synth 8-7071] port 'TTC0_WAVE1_OUT' of module 'design_1_processing_system7_0_0' is unconnected for instance 'processing_system7_0' [C:/projects/NN_copy/NN_copy.srcs/sources_1/bd/design_1/synth/design_1.v:379]
WARNING: [Synth 8-7071] port 'TTC0_WAVE2_OUT' of module 'design_1_processing_system7_0_0' is unconnected for instance 'processing_system7_0' [C:/projects/NN_copy/NN_copy.srcs/sources_1/bd/design_1/synth/design_1.v:379]
WARNING: [Synth 8-7071] port 'USB0_PORT_INDCTL' of module 'design_1_processing_system7_0_0' is unconnected for instance 'processing_system7_0' [C:/projects/NN_copy/NN_copy.srcs/sources_1/bd/design_1/synth/design_1.v:379]
WARNING: [Synth 8-7071] port 'USB0_VBUS_PWRSELECT' of module 'design_1_processing_system7_0_0' is unconnected for instance 'processing_system7_0' [C:/projects/NN_copy/NN_copy.srcs/sources_1/bd/design_1/synth/design_1.v:379]
WARNING: [Synth 8-7071] port 'S_AXI_HP0_AWREADY' of module 'design_1_processing_system7_0_0' is unconnected for instance 'processing_system7_0' [C:/projects/NN_copy/NN_copy.srcs/sources_1/bd/design_1/synth/design_1.v:379]
WARNING: [Synth 8-7071] port 'S_AXI_HP0_BVALID' of module 'design_1_processing_system7_0_0' is unconnected for instance 'processing_system7_0' [C:/projects/NN_copy/NN_copy.srcs/sources_1/bd/design_1/synth/design_1.v:379]
WARNING: [Synth 8-7071] port 'S_AXI_HP0_WREADY' of module 'design_1_processing_system7_0_0' is unconnected for instance 'processing_system7_0' [C:/projects/NN_copy/NN_copy.srcs/sources_1/bd/design_1/synth/design_1.v:379]
WARNING: [Synth 8-7071] port 'S_AXI_HP0_BRESP' of module 'design_1_processing_system7_0_0' is unconnected for instance 'processing_system7_0' [C:/projects/NN_copy/NN_copy.srcs/sources_1/bd/design_1/synth/design_1.v:379]
WARNING: [Synth 8-7071] port 'S_AXI_HP0_BID' of module 'design_1_processing_system7_0_0' is unconnected for instance 'processing_system7_0' [C:/projects/NN_copy/NN_copy.srcs/sources_1/bd/design_1/synth/design_1.v:379]
WARNING: [Synth 8-7071] port 'S_AXI_HP0_RID' of module 'design_1_processing_system7_0_0' is unconnected for instance 'processing_system7_0' [C:/projects/NN_copy/NN_copy.srcs/sources_1/bd/design_1/synth/design_1.v:379]
WARNING: [Synth 8-7071] port 'S_AXI_HP0_RCOUNT' of module 'design_1_processing_system7_0_0' is unconnected for instance 'processing_system7_0' [C:/projects/NN_copy/NN_copy.srcs/sources_1/bd/design_1/synth/design_1.v:379]
WARNING: [Synth 8-7071] port 'S_AXI_HP0_WCOUNT' of module 'design_1_processing_system7_0_0' is unconnected for instance 'processing_system7_0' [C:/projects/NN_copy/NN_copy.srcs/sources_1/bd/design_1/synth/design_1.v:379]
WARNING: [Synth 8-7071] port 'S_AXI_HP0_RACOUNT' of module 'design_1_processing_system7_0_0' is unconnected for instance 'processing_system7_0' [C:/projects/NN_copy/NN_copy.srcs/sources_1/bd/design_1/synth/design_1.v:379]
WARNING: [Synth 8-7071] port 'S_AXI_HP0_WACOUNT' of module 'design_1_processing_system7_0_0' is unconnected for instance 'processing_system7_0' [C:/projects/NN_copy/NN_copy.srcs/sources_1/bd/design_1/synth/design_1.v:379]
WARNING: [Synth 8-7071] port 'S_AXI_HP2_ARREADY' of module 'design_1_processing_system7_0_0' is unconnected for instance 'processing_system7_0' [C:/projects/NN_copy/NN_copy.srcs/sources_1/bd/design_1/synth/design_1.v:379]
WARNING: [Synth 8-7071] port 'S_AXI_HP2_RLAST' of module 'design_1_processing_system7_0_0' is unconnected for instance 'processing_system7_0' [C:/projects/NN_copy/NN_copy.srcs/sources_1/bd/design_1/synth/design_1.v:379]
WARNING: [Synth 8-7071] port 'S_AXI_HP2_RVALID' of module 'design_1_processing_system7_0_0' is unconnected for instance 'processing_system7_0' [C:/projects/NN_copy/NN_copy.srcs/sources_1/bd/design_1/synth/design_1.v:379]
WARNING: [Synth 8-7071] port 'S_AXI_HP2_RRESP' of module 'design_1_processing_system7_0_0' is unconnected for instance 'processing_system7_0' [C:/projects/NN_copy/NN_copy.srcs/sources_1/bd/design_1/synth/design_1.v:379]
WARNING: [Synth 8-7071] port 'S_AXI_HP2_BID' of module 'design_1_processing_system7_0_0' is unconnected for instance 'processing_system7_0' [C:/projects/NN_copy/NN_copy.srcs/sources_1/bd/design_1/synth/design_1.v:379]
WARNING: [Synth 8-7071] port 'S_AXI_HP2_RID' of module 'design_1_processing_system7_0_0' is unconnected for instance 'processing_system7_0' [C:/projects/NN_copy/NN_copy.srcs/sources_1/bd/design_1/synth/design_1.v:379]
WARNING: [Synth 8-7071] port 'S_AXI_HP2_RDATA' of module 'design_1_processing_system7_0_0' is unconnected for instance 'processing_system7_0' [C:/projects/NN_copy/NN_copy.srcs/sources_1/bd/design_1/synth/design_1.v:379]
WARNING: [Synth 8-7071] port 'S_AXI_HP2_RCOUNT' of module 'design_1_processing_system7_0_0' is unconnected for instance 'processing_system7_0' [C:/projects/NN_copy/NN_copy.srcs/sources_1/bd/design_1/synth/design_1.v:379]
WARNING: [Synth 8-7071] port 'S_AXI_HP2_WCOUNT' of module 'design_1_processing_system7_0_0' is unconnected for instance 'processing_system7_0' [C:/projects/NN_copy/NN_copy.srcs/sources_1/bd/design_1/synth/design_1.v:379]
WARNING: [Synth 8-7071] port 'S_AXI_HP2_RACOUNT' of module 'design_1_processing_system7_0_0' is unconnected for instance 'processing_system7_0' [C:/projects/NN_copy/NN_copy.srcs/sources_1/bd/design_1/synth/design_1.v:379]
WARNING: [Synth 8-7071] port 'S_AXI_HP2_WACOUNT' of module 'design_1_processing_system7_0_0' is unconnected for instance 'processing_system7_0' [C:/projects/NN_copy/NN_copy.srcs/sources_1/bd/design_1/synth/design_1.v:379]
WARNING: [Synth 8-7023] instance 'processing_system7_0' of module 'design_1_processing_system7_0_0' has 158 connections declared, but only 132 given [C:/projects/NN_copy/NN_copy.srcs/sources_1/bd/design_1/synth/design_1.v:379]
INFO: [Synth 8-6157] synthesizing module 'design_1_smartconnect_0_0' [c:/projects/NN_copy/NN_copy.srcs/sources_1/bd/design_1/ip/design_1_smartconnect_0_0/synth/design_1_smartconnect_0_0.v:57]
INFO: [Synth 8-6157] synthesizing module 'bd_48ac' [c:/projects/NN_copy/NN_copy.srcs/sources_1/bd/design_1/ip/design_1_smartconnect_0_0/bd_0/synth/bd_48ac.v:10]
INFO: [Synth 8-6157] synthesizing module 'clk_map_imp_1NMB928' [c:/projects/NN_copy/NN_copy.srcs/sources_1/bd/design_1/ip/design_1_smartconnect_0_0/bd_0/synth/bd_48ac.v:451]
INFO: [Synth 8-6157] synthesizing module 'bd_48ac_one_0' [c:/projects/NN_copy/NN_copy.srcs/sources_1/bd/design_1/ip/design_1_smartconnect_0_0/bd_0/ip/ip_0/synth/bd_48ac_one_0.v:57]
INFO: [Synth 8-6157] synthesizing module 'xlconstant_v1_1_7_xlconstant' [c:/projects/NN_copy/NN_copy.srcs/sources_1/bd/design_1/ipshared/fcfc/hdl/xlconstant_v1_1_vl_rfs.v:23]
	Parameter CONST_VAL bound to: 1 - type: integer 
	Parameter CONST_WIDTH bound to: 1 - type: integer 
INFO: [Synth 8-6155] done synthesizing module 'xlconstant_v1_1_7_xlconstant' (122#1) [c:/projects/NN_copy/NN_copy.srcs/sources_1/bd/design_1/ipshared/fcfc/hdl/xlconstant_v1_1_vl_rfs.v:23]
INFO: [Synth 8-6155] done synthesizing module 'bd_48ac_one_0' (123#1) [c:/projects/NN_copy/NN_copy.srcs/sources_1/bd/design_1/ip/design_1_smartconnect_0_0/bd_0/ip/ip_0/synth/bd_48ac_one_0.v:57]
INFO: [Synth 8-638] synthesizing module 'bd_48ac_psr_aclk_0' [c:/projects/NN_copy/NN_copy.srcs/sources_1/bd/design_1/ip/design_1_smartconnect_0_0/bd_0/ip/ip_1/synth/bd_48ac_psr_aclk_0.vhd:74]
	Parameter C_FAMILY bound to: zynq - type: string 
	Parameter C_EXT_RST_WIDTH bound to: 4 - type: integer 
	Parameter C_AUX_RST_WIDTH bound to: 1 - type: integer 
	Parameter C_EXT_RESET_HIGH bound to: 1'b0 
	Parameter C_AUX_RESET_HIGH bound to: 1'b0 
	Parameter C_NUM_BUS_RST bound to: 1 - type: integer 
	Parameter C_NUM_PERP_RST bound to: 1 - type: integer 
	Parameter C_NUM_INTERCONNECT_ARESETN bound to: 1 - type: integer 
	Parameter C_NUM_PERP_ARESETN bound to: 1 - type: integer 
INFO: [Synth 8-3491] module 'proc_sys_reset' declared at 'c:/projects/NN_copy/NN_copy.srcs/sources_1/bd/design_1/ipshared/8842/hdl/proc_sys_reset_v5_0_vh_rfs.vhd:1264' bound to instance 'U0' of component 'proc_sys_reset' [c:/projects/NN_copy/NN_copy.srcs/sources_1/bd/design_1/ip/design_1_smartconnect_0_0/bd_0/ip/ip_1/synth/bd_48ac_psr_aclk_0.vhd:129]
INFO: [Synth 8-638] synthesizing module 'proc_sys_reset__parameterized1' [c:/projects/NN_copy/NN_copy.srcs/sources_1/bd/design_1/ipshared/8842/hdl/proc_sys_reset_v5_0_vh_rfs.vhd:1323]
	Parameter C_FAMILY bound to: zynq - type: string 
	Parameter C_EXT_RST_WIDTH bound to: 4 - type: integer 
	Parameter C_AUX_RST_WIDTH bound to: 1 - type: integer 
	Parameter C_EXT_RESET_HIGH bound to: 1'b0 
	Parameter C_AUX_RESET_HIGH bound to: 1'b0 
	Parameter C_NUM_BUS_RST bound to: 1 - type: integer 
	Parameter C_NUM_PERP_RST bound to: 1 - type: integer 
	Parameter C_NUM_INTERCONNECT_ARESETN bound to: 1 - type: integer 
	Parameter C_NUM_PERP_ARESETN bound to: 1 - type: integer 
	Parameter INIT bound to: 1'b1 
	Parameter IS_C_INVERTED bound to: 1'b0 
	Parameter IS_D_INVERTED bound to: 1'b0 
	Parameter IS_R_INVERTED bound to: 1'b0 
INFO: [Synth 8-113] binding component instance 'FDRE_inst' to cell 'FDRE' [c:/projects/NN_copy/NN_copy.srcs/sources_1/bd/design_1/ipshared/8842/hdl/proc_sys_reset_v5_0_vh_rfs.vhd:1392]
	Parameter INIT bound to: 1'b1 
	Parameter IS_C_INVERTED bound to: 1'b0 
	Parameter IS_D_INVERTED bound to: 1'b0 
	Parameter IS_R_INVERTED bound to: 1'b0 
INFO: [Synth 8-113] binding component instance 'FDRE_BSR' to cell 'FDRE' [c:/projects/NN_copy/NN_copy.srcs/sources_1/bd/design_1/ipshared/8842/hdl/proc_sys_reset_v5_0_vh_rfs.vhd:1408]
	Parameter INIT bound to: 1'b0 
	Parameter IS_C_INVERTED bound to: 1'b0 
	Parameter IS_D_INVERTED bound to: 1'b0 
	Parameter IS_R_INVERTED bound to: 1'b0 
INFO: [Synth 8-113] binding component instance 'FDRE_BSR_N' to cell 'FDRE' [c:/projects/NN_copy/NN_copy.srcs/sources_1/bd/design_1/ipshared/8842/hdl/proc_sys_reset_v5_0_vh_rfs.vhd:1434]
	Parameter INIT bound to: 1'b1 
	Parameter IS_C_INVERTED bound to: 1'b0 
	Parameter IS_D_INVERTED bound to: 1'b0 
	Parameter IS_R_INVERTED bound to: 1'b0 
INFO: [Synth 8-113] binding component instance 'FDRE_PER' to cell 'FDRE' [c:/projects/NN_copy/NN_copy.srcs/sources_1/bd/design_1/ipshared/8842/hdl/proc_sys_reset_v5_0_vh_rfs.vhd:1457]
	Parameter INIT bound to: 1'b0 
	Parameter IS_C_INVERTED bound to: 1'b0 
	Parameter IS_D_INVERTED bound to: 1'b0 
	Parameter IS_R_INVERTED bound to: 1'b0 
INFO: [Synth 8-113] binding component instance 'FDRE_PER_N' to cell 'FDRE' [c:/projects/NN_copy/NN_copy.srcs/sources_1/bd/design_1/ipshared/8842/hdl/proc_sys_reset_v5_0_vh_rfs.vhd:1481]
INFO: [Synth 8-638] synthesizing module 'lpf__parameterized0' [c:/projects/NN_copy/NN_copy.srcs/sources_1/bd/design_1/ipshared/8842/hdl/proc_sys_reset_v5_0_vh_rfs.vhd:816]
	Parameter C_EXT_RST_WIDTH bound to: 4 - type: integer 
	Parameter C_AUX_RST_WIDTH bound to: 1 - type: integer 
	Parameter C_EXT_RESET_HIGH bound to: 1'b0 
	Parameter C_AUX_RESET_HIGH bound to: 1'b0 
INFO: [Synth 8-3491] module 'SRL16' declared at 'C:/Xilinx/Vivado/2020.1/scripts/rt/data/unisim_comp.v:78043' bound to instance 'POR_SRL_I' of component 'SRL16' [c:/projects/NN_copy/NN_copy.srcs/sources_1/bd/design_1/ipshared/8842/hdl/proc_sys_reset_v5_0_vh_rfs.vhd:868]
INFO: [Synth 8-256] done synthesizing module 'lpf__parameterized0' (123#1) [c:/projects/NN_copy/NN_copy.srcs/sources_1/bd/design_1/ipshared/8842/hdl/proc_sys_reset_v5_0_vh_rfs.vhd:816]
INFO: [Synth 8-256] done synthesizing module 'proc_sys_reset__parameterized1' (123#1) [c:/projects/NN_copy/NN_copy.srcs/sources_1/bd/design_1/ipshared/8842/hdl/proc_sys_reset_v5_0_vh_rfs.vhd:1323]
INFO: [Synth 8-256] done synthesizing module 'bd_48ac_psr_aclk_0' (124#1) [c:/projects/NN_copy/NN_copy.srcs/sources_1/bd/design_1/ip/design_1_smartconnect_0_0/bd_0/ip/ip_1/synth/bd_48ac_psr_aclk_0.vhd:74]
WARNING: [Synth 8-7071] port 'mb_reset' of module 'bd_48ac_psr_aclk_0' is unconnected for instance 'psr_aclk' [c:/projects/NN_copy/NN_copy.srcs/sources_1/bd/design_1/ip/design_1_smartconnect_0_0/bd_0/synth/bd_48ac.v:486]
WARNING: [Synth 8-7071] port 'bus_struct_reset' of module 'bd_48ac_psr_aclk_0' is unconnected for instance 'psr_aclk' [c:/projects/NN_copy/NN_copy.srcs/sources_1/bd/design_1/ip/design_1_smartconnect_0_0/bd_0/synth/bd_48ac.v:486]
WARNING: [Synth 8-7071] port 'peripheral_reset' of module 'bd_48ac_psr_aclk_0' is unconnected for instance 'psr_aclk' [c:/projects/NN_copy/NN_copy.srcs/sources_1/bd/design_1/ip/design_1_smartconnect_0_0/bd_0/synth/bd_48ac.v:486]
WARNING: [Synth 8-7071] port 'peripheral_aresetn' of module 'bd_48ac_psr_aclk_0' is unconnected for instance 'psr_aclk' [c:/projects/NN_copy/NN_copy.srcs/sources_1/bd/design_1/ip/design_1_smartconnect_0_0/bd_0/synth/bd_48ac.v:486]
WARNING: [Synth 8-7023] instance 'psr_aclk' of module 'bd_48ac_psr_aclk_0' has 10 connections declared, but only 6 given [c:/projects/NN_copy/NN_copy.srcs/sources_1/bd/design_1/ip/design_1_smartconnect_0_0/bd_0/synth/bd_48ac.v:486]
INFO: [Synth 8-6155] done synthesizing module 'clk_map_imp_1NMB928' (125#1) [c:/projects/NN_copy/NN_copy.srcs/sources_1/bd/design_1/ip/design_1_smartconnect_0_0/bd_0/synth/bd_48ac.v:451]
INFO: [Synth 8-6157] synthesizing module 'm00_exit_pipeline_imp_CVVFJV' [c:/projects/NN_copy/NN_copy.srcs/sources_1/bd/design_1/ip/design_1_smartconnect_0_0/bd_0/synth/bd_48ac.v:495]
INFO: [Synth 8-6157] synthesizing module 'bd_48ac_m00e_0' [c:/projects/NN_copy/NN_copy.srcs/sources_1/bd/design_1/ip/design_1_smartconnect_0_0/bd_0/ip/ip_10/synth/bd_48ac_m00e_0.sv:58]
INFO: [Synth 8-6155] done synthesizing module 'bd_48ac_m00e_0' (135#1) [c:/projects/NN_copy/NN_copy.srcs/sources_1/bd/design_1/ip/design_1_smartconnect_0_0/bd_0/ip/ip_10/synth/bd_48ac_m00e_0.sv:58]
INFO: [Synth 8-6155] done synthesizing module 'm00_exit_pipeline_imp_CVVFJV' (136#1) [c:/projects/NN_copy/NN_copy.srcs/sources_1/bd/design_1/ip/design_1_smartconnect_0_0/bd_0/synth/bd_48ac.v:495]
INFO: [Synth 8-6157] synthesizing module 'bd_48ac_m00s2a_0' [c:/projects/NN_copy/NN_copy.srcs/sources_1/bd/design_1/ip/design_1_smartconnect_0_0/bd_0/ip/ip_9/synth/bd_48ac_m00s2a_0.sv:58]
INFO: [Synth 8-6155] done synthesizing module 'bd_48ac_m00s2a_0' (138#1) [c:/projects/NN_copy/NN_copy.srcs/sources_1/bd/design_1/ip/design_1_smartconnect_0_0/bd_0/ip/ip_9/synth/bd_48ac_m00s2a_0.sv:58]
INFO: [Synth 8-6157] synthesizing module 'bd_48ac_s00a2s_0' [c:/projects/NN_copy/NN_copy.srcs/sources_1/bd/design_1/ip/design_1_smartconnect_0_0/bd_0/ip/ip_5/synth/bd_48ac_s00a2s_0.sv:58]
INFO: [Synth 8-6155] done synthesizing module 'bd_48ac_s00a2s_0' (140#1) [c:/projects/NN_copy/NN_copy.srcs/sources_1/bd/design_1/ip/design_1_smartconnect_0_0/bd_0/ip/ip_5/synth/bd_48ac_s00a2s_0.sv:58]
INFO: [Synth 8-6157] synthesizing module 's00_entry_pipeline_imp_1C3JDRS' [c:/projects/NN_copy/NN_copy.srcs/sources_1/bd/design_1/ip/design_1_smartconnect_0_0/bd_0/synth/bd_48ac.v:706]
INFO: [Synth 8-6157] synthesizing module 'bd_48ac_s00mmu_0' [c:/projects/NN_copy/NN_copy.srcs/sources_1/bd/design_1/ip/design_1_smartconnect_0_0/bd_0/ip/ip_2/synth/bd_48ac_s00mmu_0.sv:58]
INFO: [Common 17-14] Message 'Synth 8-6157' appears 100 times and further instances of the messages will be disabled. Use the Tcl command set_msg_config to change the current settings.
INFO: [Synth 8-6155] done synthesizing module 'bd_48ac_s00mmu_0' (144#1) [c:/projects/NN_copy/NN_copy.srcs/sources_1/bd/design_1/ip/design_1_smartconnect_0_0/bd_0/ip/ip_2/synth/bd_48ac_s00mmu_0.sv:58]
INFO: [Synth 8-6155] done synthesizing module 'bd_48ac_s00sic_0' (147#1) [c:/projects/NN_copy/NN_copy.srcs/sources_1/bd/design_1/ip/design_1_smartconnect_0_0/bd_0/ip/ip_4/synth/bd_48ac_s00sic_0.sv:58]
INFO: [Synth 8-6155] done synthesizing module 'bd_48ac_s00tr_0' (150#1) [c:/projects/NN_copy/NN_copy.srcs/sources_1/bd/design_1/ip/design_1_smartconnect_0_0/bd_0/ip/ip_3/synth/bd_48ac_s00tr_0.sv:58]
WARNING: [Synth 8-7071] port 'm_axi_awburst' of module 'bd_48ac_s00tr_0' is unconnected for instance 's00_transaction_regulator' [c:/projects/NN_copy/NN_copy.srcs/sources_1/bd/design_1/ip/design_1_smartconnect_0_0/bd_0/synth/bd_48ac.v:1004]
WARNING: [Synth 8-7023] instance 's00_transaction_regulator' of module 'bd_48ac_s00tr_0' has 46 connections declared, but only 45 given [c:/projects/NN_copy/NN_copy.srcs/sources_1/bd/design_1/ip/design_1_smartconnect_0_0/bd_0/synth/bd_48ac.v:1004]
INFO: [Synth 8-6155] done synthesizing module 's00_entry_pipeline_imp_1C3JDRS' (151#1) [c:/projects/NN_copy/NN_copy.srcs/sources_1/bd/design_1/ip/design_1_smartconnect_0_0/bd_0/synth/bd_48ac.v:706]
	Parameter MEMORY_TYPE bound to: 1 - type: integer 
	Parameter MEMORY_SIZE bound to: 4992 - type: integer 
	Parameter MEMORY_PRIMITIVE bound to: 1 - type: integer 
	Parameter CLOCKING_MODE bound to: 0 - type: integer 
	Parameter ECC_MODE bound to: 0 - type: integer 
	Parameter MEMORY_INIT_FILE bound to: none - type: string 
	Parameter MEMORY_INIT_PARAM bound to: (null) - type: string 
	Parameter USE_MEM_INIT_MMI bound to: 0 - type: integer 
	Parameter USE_MEM_INIT bound to: 0 - type: integer 
	Parameter MEMORY_OPTIMIZATION bound to: true - type: string 
	Parameter WAKEUP_TIME bound to: 0 - type: integer 
	Parameter AUTO_SLEEP_TIME bound to: 0 - type: integer 
	Parameter MESSAGE_CONTROL bound to: 0 - type: integer 
	Parameter VERSION bound to: 0 - type: integer 
	Parameter USE_EMBEDDED_CONSTRAINT bound to: 0 - type: integer 
	Parameter CASCADE_HEIGHT bound to: 0 - type: integer 
	Parameter SIM_ASSERT_CHK bound to: 0 - type: integer 
	Parameter WRITE_PROTECT bound to: 1 - type: integer 
	Parameter WRITE_DATA_WIDTH_A bound to: 156 - type: integer 
	Parameter READ_DATA_WIDTH_A bound to: 156 - type: integer 
	Parameter BYTE_WRITE_WIDTH_A bound to: 156 - type: integer 
	Parameter ADDR_WIDTH_A bound to: 5 - type: integer 
	Parameter READ_RESET_VALUE_A bound to: 0 - type: string 
	Parameter READ_LATENCY_A bound to: 2 - type: integer 
	Parameter WRITE_MODE_A bound to: 1 - type: integer 
	Parameter RST_MODE_A bound to: SYNC - type: string 
	Parameter WRITE_DATA_WIDTH_B bound to: 156 - type: integer 
	Parameter READ_DATA_WIDTH_B bound to: 156 - type: integer 
	Parameter BYTE_WRITE_WIDTH_B bound to: 156 - type: integer 
	Parameter ADDR_WIDTH_B bound to: 5 - type: integer 
	Parameter READ_RESET_VALUE_B bound to: 0 - type: string 
	Parameter READ_LATENCY_B bound to: 1 - type: integer 
	Parameter WRITE_MODE_B bound to: 1 - type: integer 
	Parameter RST_MODE_B bound to: SYNC - type: string 
	Parameter P_MEMORY_PRIMITIVE bound to: distributed - type: string 
	Parameter P_MIN_WIDTH_DATA_A bound to: 156 - type: integer 
	Parameter P_MIN_WIDTH_DATA_B bound to: 156 - type: integer 
	Parameter P_MIN_WIDTH_DATA bound to: 156 - type: integer 
	Parameter P_MIN_WIDTH_DATA_ECC bound to: 156 - type: integer 
	Parameter P_MAX_DEPTH_DATA bound to: 32 - type: integer 
	Parameter P_ECC_MODE bound to: no_ecc - type: string 
	Parameter P_MEMORY_OPT bound to: yes - type: string 
	Parameter P_WIDTH_COL_WRITE_A bound to: 156 - type: integer 
	Parameter P_WIDTH_COL_WRITE_B bound to: 156 - type: integer 
	Parameter P_NUM_COLS_WRITE_A bound to: 1 - type: integer 
	Parameter P_NUM_COLS_WRITE_B bound to: 1 - type: integer 
	Parameter P_NUM_ROWS_WRITE_A bound to: 1 - type: integer 
	Parameter P_NUM_ROWS_WRITE_B bound to: 1 - type: integer 
	Parameter P_NUM_ROWS_READ_A bound to: 1 - type: integer 
	Parameter P_NUM_ROWS_READ_B bound to: 1 - type: integer 
	Parameter P_WIDTH_ADDR_WRITE_A bound to: 5 - type: integer 
	Parameter P_WIDTH_ADDR_WRITE_B bound to: 5 - type: integer 
	Parameter P_WIDTH_ADDR_READ_A bound to: 5 - type: integer 
	Parameter P_WIDTH_ADDR_READ_B bound to: 5 - type: integer 
	Parameter P_WIDTH_ADDR_LSB_WRITE_A bound to: 0 - type: integer 
	Parameter P_WIDTH_ADDR_LSB_WRITE_B bound to: 0 - type: integer 
	Parameter P_WIDTH_ADDR_LSB_READ_A bound to: 0 - type: integer 
	Parameter P_WIDTH_ADDR_LSB_READ_B bound to: 0 - type: integer 
	Parameter P_ENABLE_BYTE_WRITE_A bound to: 0 - type: integer 
	Parameter P_ENABLE_BYTE_WRITE_B bound to: 0 - type: integer 
	Parameter P_SDP_WRITE_MODE bound to: yes - type: string 
	Parameter rsta_loop_iter bound to: 156 - type: integer 
	Parameter rstb_loop_iter bound to: 156 - type: integer 
	Parameter NUM_CHAR_LOC bound to: 0 - type: integer 
	Parameter MAX_NUM_CHAR bound to: 0 - type: integer 
	Parameter P_MIN_WIDTH_DATA_SHFT bound to: 156 - type: integer 
	Parameter P_MIN_WIDTH_DATA_LDW bound to: 4 - type: integer 
INFO: [Synth 8-6155] done synthesizing module 'xpm_memory_base__parameterized5' (155#1) [C:/Xilinx/Vivado/2020.1/data/ip/xpm/xpm_memory/hdl/xpm_memory.sv:57]
INFO: [Synth 8-6155] done synthesizing module 'xpm_memory_sdpram' (156#1) [C:/Xilinx/Vivado/2020.1/data/ip/xpm/xpm_memory/hdl/xpm_memory.sv:8404]
INFO: [Common 17-14] Message 'Synth 8-6155' appears 100 times and further instances of the messages will be disabled. Use the Tcl command set_msg_config to change the current settings.
	Parameter MEMORY_TYPE bound to: 1 - type: integer 
	Parameter MEMORY_SIZE bound to: 736 - type: integer 
	Parameter MEMORY_PRIMITIVE bound to: 1 - type: integer 
	Parameter CLOCKING_MODE bound to: 0 - type: integer 
	Parameter ECC_MODE bound to: 0 - type: integer 
	Parameter MEMORY_INIT_FILE bound to: none - type: string 
	Parameter MEMORY_INIT_PARAM bound to: (null) - type: string 
	Parameter USE_MEM_INIT_MMI bound to: 0 - type: integer 
	Parameter USE_MEM_INIT bound to: 0 - type: integer 
	Parameter MEMORY_OPTIMIZATION bound to: true - type: string 
	Parameter WAKEUP_TIME bound to: 0 - type: integer 
	Parameter AUTO_SLEEP_TIME bound to: 0 - type: integer 
	Parameter MESSAGE_CONTROL bound to: 0 - type: integer 
	Parameter VERSION bound to: 0 - type: integer 
	Parameter USE_EMBEDDED_CONSTRAINT bound to: 0 - type: integer 
	Parameter CASCADE_HEIGHT bound to: 0 - type: integer 
	Parameter SIM_ASSERT_CHK bound to: 0 - type: integer 
	Parameter WRITE_PROTECT bound to: 1 - type: integer 
	Parameter WRITE_DATA_WIDTH_A bound to: 23 - type: integer 
	Parameter READ_DATA_WIDTH_A bound to: 23 - type: integer 
	Parameter BYTE_WRITE_WIDTH_A bound to: 23 - type: integer 
	Parameter ADDR_WIDTH_A bound to: 5 - type: integer 
	Parameter READ_RESET_VALUE_A bound to: 0 - type: string 
	Parameter READ_LATENCY_A bound to: 2 - type: integer 
	Parameter WRITE_MODE_A bound to: 1 - type: integer 
	Parameter RST_MODE_A bound to: SYNC - type: string 
	Parameter WRITE_DATA_WIDTH_B bound to: 23 - type: integer 
	Parameter READ_DATA_WIDTH_B bound to: 23 - type: integer 
	Parameter BYTE_WRITE_WIDTH_B bound to: 23 - type: integer 
	Parameter ADDR_WIDTH_B bound to: 5 - type: integer 
	Parameter READ_RESET_VALUE_B bound to: 0 - type: string 
	Parameter READ_LATENCY_B bound to: 1 - type: integer 
	Parameter WRITE_MODE_B bound to: 1 - type: integer 
	Parameter RST_MODE_B bound to: SYNC - type: string 
	Parameter P_MEMORY_PRIMITIVE bound to: distributed - type: string 
	Parameter P_MIN_WIDTH_DATA_A bound to: 23 - type: integer 
	Parameter P_MIN_WIDTH_DATA_B bound to: 23 - type: integer 
	Parameter P_MIN_WIDTH_DATA bound to: 23 - type: integer 
	Parameter P_MIN_WIDTH_DATA_ECC bound to: 23 - type: integer 
	Parameter P_MAX_DEPTH_DATA bound to: 32 - type: integer 
	Parameter P_ECC_MODE bound to: no_ecc - type: string 
	Parameter P_MEMORY_OPT bound to: yes - type: string 
	Parameter P_WIDTH_COL_WRITE_A bound to: 23 - type: integer 
	Parameter P_WIDTH_COL_WRITE_B bound to: 23 - type: integer 
	Parameter P_NUM_COLS_WRITE_A bound to: 1 - type: integer 
	Parameter P_NUM_COLS_WRITE_B bound to: 1 - type: integer 
	Parameter P_NUM_ROWS_WRITE_A bound to: 1 - type: integer 
	Parameter P_NUM_ROWS_WRITE_B bound to: 1 - type: integer 
	Parameter P_NUM_ROWS_READ_A bound to: 1 - type: integer 
	Parameter P_NUM_ROWS_READ_B bound to: 1 - type: integer 
	Parameter P_WIDTH_ADDR_WRITE_A bound to: 5 - type: integer 
	Parameter P_WIDTH_ADDR_WRITE_B bound to: 5 - type: integer 
	Parameter P_WIDTH_ADDR_READ_A bound to: 5 - type: integer 
	Parameter P_WIDTH_ADDR_READ_B bound to: 5 - type: integer 
	Parameter P_WIDTH_ADDR_LSB_WRITE_A bound to: 0 - type: integer 
	Parameter P_WIDTH_ADDR_LSB_WRITE_B bound to: 0 - type: integer 
	Parameter P_WIDTH_ADDR_LSB_READ_A bound to: 0 - type: integer 
	Parameter P_WIDTH_ADDR_LSB_READ_B bound to: 0 - type: integer 
	Parameter P_ENABLE_BYTE_WRITE_A bound to: 0 - type: integer 
	Parameter P_ENABLE_BYTE_WRITE_B bound to: 0 - type: integer 
	Parameter P_SDP_WRITE_MODE bound to: yes - type: string 
	Parameter rsta_loop_iter bound to: 24 - type: integer 
	Parameter rstb_loop_iter bound to: 24 - type: integer 
	Parameter NUM_CHAR_LOC bound to: 0 - type: integer 
	Parameter MAX_NUM_CHAR bound to: 0 - type: integer 
	Parameter P_MIN_WIDTH_DATA_SHFT bound to: 23 - type: integer 
	Parameter P_MIN_WIDTH_DATA_LDW bound to: 4 - type: integer 
	Parameter MEMORY_TYPE bound to: 1 - type: integer 
	Parameter MEMORY_SIZE bound to: 3392 - type: integer 
	Parameter MEMORY_PRIMITIVE bound to: 1 - type: integer 
	Parameter CLOCKING_MODE bound to: 0 - type: integer 
	Parameter ECC_MODE bound to: 0 - type: integer 
	Parameter MEMORY_INIT_FILE bound to: none - type: string 
	Parameter MEMORY_INIT_PARAM bound to: (null) - type: string 
	Parameter USE_MEM_INIT_MMI bound to: 0 - type: integer 
	Parameter USE_MEM_INIT bound to: 0 - type: integer 
	Parameter MEMORY_OPTIMIZATION bound to: true - type: string 
	Parameter WAKEUP_TIME bound to: 0 - type: integer 
	Parameter AUTO_SLEEP_TIME bound to: 0 - type: integer 
	Parameter MESSAGE_CONTROL bound to: 0 - type: integer 
	Parameter VERSION bound to: 0 - type: integer 
	Parameter USE_EMBEDDED_CONSTRAINT bound to: 0 - type: integer 
	Parameter CASCADE_HEIGHT bound to: 0 - type: integer 
	Parameter SIM_ASSERT_CHK bound to: 0 - type: integer 
	Parameter WRITE_PROTECT bound to: 1 - type: integer 
	Parameter WRITE_DATA_WIDTH_A bound to: 106 - type: integer 
	Parameter READ_DATA_WIDTH_A bound to: 106 - type: integer 
	Parameter BYTE_WRITE_WIDTH_A bound to: 106 - type: integer 
	Parameter ADDR_WIDTH_A bound to: 5 - type: integer 
	Parameter READ_RESET_VALUE_A bound to: 0 - type: string 
	Parameter READ_LATENCY_A bound to: 2 - type: integer 
	Parameter WRITE_MODE_A bound to: 1 - type: integer 
	Parameter RST_MODE_A bound to: SYNC - type: string 
	Parameter WRITE_DATA_WIDTH_B bound to: 106 - type: integer 
	Parameter READ_DATA_WIDTH_B bound to: 106 - type: integer 
	Parameter BYTE_WRITE_WIDTH_B bound to: 106 - type: integer 
	Parameter ADDR_WIDTH_B bound to: 5 - type: integer 
	Parameter READ_RESET_VALUE_B bound to: 0 - type: string 
	Parameter READ_LATENCY_B bound to: 1 - type: integer 
	Parameter WRITE_MODE_B bound to: 1 - type: integer 
	Parameter RST_MODE_B bound to: SYNC - type: string 
	Parameter P_MEMORY_PRIMITIVE bound to: distributed - type: string 
	Parameter P_MIN_WIDTH_DATA_A bound to: 106 - type: integer 
	Parameter P_MIN_WIDTH_DATA_B bound to: 106 - type: integer 
	Parameter P_MIN_WIDTH_DATA bound to: 106 - type: integer 
	Parameter P_MIN_WIDTH_DATA_ECC bound to: 106 - type: integer 
	Parameter P_MAX_DEPTH_DATA bound to: 32 - type: integer 
	Parameter P_ECC_MODE bound to: no_ecc - type: string 
	Parameter P_MEMORY_OPT bound to: yes - type: string 
	Parameter P_WIDTH_COL_WRITE_A bound to: 106 - type: integer 
	Parameter P_WIDTH_COL_WRITE_B bound to: 106 - type: integer 
	Parameter P_NUM_COLS_WRITE_A bound to: 1 - type: integer 
	Parameter P_NUM_COLS_WRITE_B bound to: 1 - type: integer 
	Parameter P_NUM_ROWS_WRITE_A bound to: 1 - type: integer 
	Parameter P_NUM_ROWS_WRITE_B bound to: 1 - type: integer 
	Parameter P_NUM_ROWS_READ_A bound to: 1 - type: integer 
	Parameter P_NUM_ROWS_READ_B bound to: 1 - type: integer 
	Parameter P_WIDTH_ADDR_WRITE_A bound to: 5 - type: integer 
	Parameter P_WIDTH_ADDR_WRITE_B bound to: 5 - type: integer 
	Parameter P_WIDTH_ADDR_READ_A bound to: 5 - type: integer 
	Parameter P_WIDTH_ADDR_READ_B bound to: 5 - type: integer 
	Parameter P_WIDTH_ADDR_LSB_WRITE_A bound to: 0 - type: integer 
	Parameter P_WIDTH_ADDR_LSB_WRITE_B bound to: 0 - type: integer 
	Parameter P_WIDTH_ADDR_LSB_READ_A bound to: 0 - type: integer 
	Parameter P_WIDTH_ADDR_LSB_READ_B bound to: 0 - type: integer 
	Parameter P_ENABLE_BYTE_WRITE_A bound to: 0 - type: integer 
	Parameter P_ENABLE_BYTE_WRITE_B bound to: 0 - type: integer 
	Parameter P_SDP_WRITE_MODE bound to: yes - type: string 
	Parameter rsta_loop_iter bound to: 108 - type: integer 
	Parameter rstb_loop_iter bound to: 108 - type: integer 
	Parameter NUM_CHAR_LOC bound to: 0 - type: integer 
	Parameter MAX_NUM_CHAR bound to: 0 - type: integer 
	Parameter P_MIN_WIDTH_DATA_SHFT bound to: 106 - type: integer 
	Parameter P_MIN_WIDTH_DATA_LDW bound to: 4 - type: integer 
---------------------------------------------------------------------------------
Finished RTL Elaboration : Time (s): cpu = 00:00:49 ; elapsed = 00:01:06 . Memory (MB): peak = 1478.785 ; gain = 417.961
---------------------------------------------------------------------------------
---------------------------------------------------------------------------------
Start Handling Custom Attributes
---------------------------------------------------------------------------------
---------------------------------------------------------------------------------
Finished Handling Custom Attributes : Time (s): cpu = 00:00:54 ; elapsed = 00:01:11 . Memory (MB): peak = 1483.590 ; gain = 422.766
---------------------------------------------------------------------------------
---------------------------------------------------------------------------------
Finished RTL Optimization Phase 1 : Time (s): cpu = 00:00:54 ; elapsed = 00:01:11 . Memory (MB): peak = 1483.590 ; gain = 422.766
---------------------------------------------------------------------------------
Netlist sorting complete. Time (s): cpu = 00:00:04 ; elapsed = 00:00:04 . Memory (MB): peak = 1483.590 ; gain = 0.000
INFO: [Netlist 29-17] Analyzing 38 Unisim elements for replacement
INFO: [Netlist 29-28] Unisim Transformation completed in 0 CPU seconds
INFO: [Project 1-570] Preparing netlist for logic optimization

Processing XDC Constraints
Initializing timing engine
Parsing XDC File [c:/projects/NN_copy/NN_copy.srcs/sources_1/bd/design_1/ip/design_1_processing_system7_0_0/design_1_processing_system7_0_0.xdc] for cell 'design_1_i/processing_system7_0/inst'
Finished Parsing XDC File [c:/projects/NN_copy/NN_copy.srcs/sources_1/bd/design_1/ip/design_1_processing_system7_0_0/design_1_processing_system7_0_0.xdc] for cell 'design_1_i/processing_system7_0/inst'
INFO: [Project 1-236] Implementation specific constraints were found while reading constraint file [c:/projects/NN_copy/NN_copy.srcs/sources_1/bd/design_1/ip/design_1_processing_system7_0_0/design_1_processing_system7_0_0.xdc]. These constraints will be ignored for synthesis but will be used in implementation. Impacted constraints are listed in the file [.Xil/design_1_wrapper_propImpl.xdc].
Resolution: To avoid this warning, move constraints listed in [.Xil/design_1_wrapper_propImpl.xdc] to another XDC file and exclude this new file from synthesis with the used_in_synthesis property (File Properties dialog in GUI) and re-run elaboration/synthesis.
Parsing XDC File [c:/projects/NN_copy/NN_copy.srcs/sources_1/bd/design_1/ip/design_1_axi_dma_0_0/design_1_axi_dma_0_0.xdc] for cell 'design_1_i/axi_dma_0/U0'
Finished Parsing XDC File [c:/projects/NN_copy/NN_copy.srcs/sources_1/bd/design_1/ip/design_1_axi_dma_0_0/design_1_axi_dma_0_0.xdc] for cell 'design_1_i/axi_dma_0/U0'
INFO: [Project 1-236] Implementation specific constraints were found while reading constraint file [c:/projects/NN_copy/NN_copy.srcs/sources_1/bd/design_1/ip/design_1_axi_dma_0_0/design_1_axi_dma_0_0.xdc]. These constraints will be ignored for synthesis but will be used in implementation. Impacted constraints are listed in the file [.Xil/design_1_wrapper_propImpl.xdc].
Resolution: To avoid this warning, move constraints listed in [.Xil/design_1_wrapper_propImpl.xdc] to another XDC file and exclude this new file from synthesis with the used_in_synthesis property (File Properties dialog in GUI) and re-run elaboration/synthesis.
Parsing XDC File [c:/projects/NN_copy/NN_copy.srcs/sources_1/bd/design_1/ip/design_1_proc_sys_reset_0_0/design_1_proc_sys_reset_0_0_board.xdc] for cell 'design_1_i/proc_sys_reset_0/U0'
Finished Parsing XDC File [c:/projects/NN_copy/NN_copy.srcs/sources_1/bd/design_1/ip/design_1_proc_sys_reset_0_0/design_1_proc_sys_reset_0_0_board.xdc] for cell 'design_1_i/proc_sys_reset_0/U0'
Parsing XDC File [c:/projects/NN_copy/NN_copy.srcs/sources_1/bd/design_1/ip/design_1_proc_sys_reset_0_0/design_1_proc_sys_reset_0_0.xdc] for cell 'design_1_i/proc_sys_reset_0/U0'
Finished Parsing XDC File [c:/projects/NN_copy/NN_copy.srcs/sources_1/bd/design_1/ip/design_1_proc_sys_reset_0_0/design_1_proc_sys_reset_0_0.xdc] for cell 'design_1_i/proc_sys_reset_0/U0'
Parsing XDC File [c:/projects/NN_copy/NN_copy.srcs/sources_1/bd/design_1/ip/design_1_smartconnect_0_0/bd_0/ip/ip_1/bd_48ac_psr_aclk_0_board.xdc] for cell 'design_1_i/smartconnect_0/inst/clk_map/psr_aclk/U0'
Finished Parsing XDC File [c:/projects/NN_copy/NN_copy.srcs/sources_1/bd/design_1/ip/design_1_smartconnect_0_0/bd_0/ip/ip_1/bd_48ac_psr_aclk_0_board.xdc] for cell 'design_1_i/smartconnect_0/inst/clk_map/psr_aclk/U0'
Parsing XDC File [c:/projects/NN_copy/NN_copy.srcs/sources_1/bd/design_1/ip/design_1_smartconnect_0_0/bd_0/ip/ip_1/bd_48ac_psr_aclk_0.xdc] for cell 'design_1_i/smartconnect_0/inst/clk_map/psr_aclk/U0'
Finished Parsing XDC File [c:/projects/NN_copy/NN_copy.srcs/sources_1/bd/design_1/ip/design_1_smartconnect_0_0/bd_0/ip/ip_1/bd_48ac_psr_aclk_0.xdc] for cell 'design_1_i/smartconnect_0/inst/clk_map/psr_aclk/U0'
Parsing XDC File [C:/projects/NN_copy/NN_copy.srcs/constrs_1/new/NN.xdc]
WARNING: [Vivado 12-584] No ports matched 'm_axis_tdata[63]'. [C:/projects/NN_copy/NN_copy.srcs/constrs_1/new/NN.xdc:1]
CRITICAL WARNING: [Common 17-55] 'set_property' expects at least one object. [C:/projects/NN_copy/NN_copy.srcs/constrs_1/new/NN.xdc:1]
Resolution: If [get_<value>] was used to populate the object, check to make sure this command returns at least one valid object.
WARNING: [Vivado 12-584] No ports matched 'm_axis_tdata[62]'. [C:/projects/NN_copy/NN_copy.srcs/constrs_1/new/NN.xdc:2]
CRITICAL WARNING: [Common 17-55] 'set_property' expects at least one object. [C:/projects/NN_copy/NN_copy.srcs/constrs_1/new/NN.xdc:2]
Resolution: If [get_<value>] was used to populate the object, check to make sure this command returns at least one valid object.
WARNING: [Vivado 12-584] No ports matched 'm_axis_tdata[61]'. [C:/projects/NN_copy/NN_copy.srcs/constrs_1/new/NN.xdc:3]
CRITICAL WARNING: [Common 17-55] 'set_property' expects at least one object. [C:/projects/NN_copy/NN_copy.srcs/constrs_1/new/NN.xdc:3]
Resolution: If [get_<value>] was used to populate the object, check to make sure this command returns at least one valid object.
WARNING: [Vivado 12-584] No ports matched 'm_axis_tdata[60]'. [C:/projects/NN_copy/NN_copy.srcs/constrs_1/new/NN.xdc:4]
CRITICAL WARNING: [Common 17-55] 'set_property' expects at least one object. [C:/projects/NN_copy/NN_copy.srcs/constrs_1/new/NN.xdc:4]
Resolution: If [get_<value>] was used to populate the object, check to make sure this command returns at least one valid object.
WARNING: [Vivado 12-584] No ports matched 'm_axis_tdata[59]'. [C:/projects/NN_copy/NN_copy.srcs/constrs_1/new/NN.xdc:5]
CRITICAL WARNING: [Common 17-55] 'set_property' expects at least one object. [C:/projects/NN_copy/NN_copy.srcs/constrs_1/new/NN.xdc:5]
Resolution: If [get_<value>] was used to populate the object, check to make sure this command returns at least one valid object.
WARNING: [Vivado 12-584] No ports matched 'm_axis_tdata[58]'. [C:/projects/NN_copy/NN_copy.srcs/constrs_1/new/NN.xdc:6]
CRITICAL WARNING: [Common 17-55] 'set_property' expects at least one object. [C:/projects/NN_copy/NN_copy.srcs/constrs_1/new/NN.xdc:6]
Resolution: If [get_<value>] was used to populate the object, check to make sure this command returns at least one valid object.
WARNING: [Vivado 12-584] No ports matched 'm_axis_tdata[57]'. [C:/projects/NN_copy/NN_copy.srcs/constrs_1/new/NN.xdc:7]
CRITICAL WARNING: [Common 17-55] 'set_property' expects at least one object. [C:/projects/NN_copy/NN_copy.srcs/constrs_1/new/NN.xdc:7]
Resolution: If [get_<value>] was used to populate the object, check to make sure this command returns at least one valid object.
WARNING: [Vivado 12-584] No ports matched 'm_axis_tdata[56]'. [C:/projects/NN_copy/NN_copy.srcs/constrs_1/new/NN.xdc:8]
CRITICAL WARNING: [Common 17-55] 'set_property' expects at least one object. [C:/projects/NN_copy/NN_copy.srcs/constrs_1/new/NN.xdc:8]
Resolution: If [get_<value>] was used to populate the object, check to make sure this command returns at least one valid object.
WARNING: [Vivado 12-584] No ports matched 'm_axis_tdata[55]'. [C:/projects/NN_copy/NN_copy.srcs/constrs_1/new/NN.xdc:9]
CRITICAL WARNING: [Common 17-55] 'set_property' expects at least one object. [C:/projects/NN_copy/NN_copy.srcs/constrs_1/new/NN.xdc:9]
Resolution: If [get_<value>] was used to populate the object, check to make sure this command returns at least one valid object.
WARNING: [Vivado 12-584] No ports matched 'm_axis_tdata[54]'. [C:/projects/NN_copy/NN_copy.srcs/constrs_1/new/NN.xdc:10]
CRITICAL WARNING: [Common 17-55] 'set_property' expects at least one object. [C:/projects/NN_copy/NN_copy.srcs/constrs_1/new/NN.xdc:10]
Resolution: If [get_<value>] was used to populate the object, check to make sure this command returns at least one valid object.
WARNING: [Vivado 12-584] No ports matched 'm_axis_tdata[53]'. [C:/projects/NN_copy/NN_copy.srcs/constrs_1/new/NN.xdc:11]
CRITICAL WARNING: [Common 17-55] 'set_property' expects at least one object. [C:/projects/NN_copy/NN_copy.srcs/constrs_1/new/NN.xdc:11]
Resolution: If [get_<value>] was used to populate the object, check to make sure this command returns at least one valid object.
WARNING: [Vivado 12-584] No ports matched 'm_axis_tdata[52]'. [C:/projects/NN_copy/NN_copy.srcs/constrs_1/new/NN.xdc:12]
CRITICAL WARNING: [Common 17-55] 'set_property' expects at least one object. [C:/projects/NN_copy/NN_copy.srcs/constrs_1/new/NN.xdc:12]
Resolution: If [get_<value>] was used to populate the object, check to make sure this command returns at least one valid object.
WARNING: [Vivado 12-584] No ports matched 'm_axis_tdata[51]'. [C:/projects/NN_copy/NN_copy.srcs/constrs_1/new/NN.xdc:13]
CRITICAL WARNING: [Common 17-55] 'set_property' expects at least one object. [C:/projects/NN_copy/NN_copy.srcs/constrs_1/new/NN.xdc:13]
Resolution: If [get_<value>] was used to populate the object, check to make sure this command returns at least one valid object.
WARNING: [Vivado 12-584] No ports matched 'm_axis_tdata[50]'. [C:/projects/NN_copy/NN_copy.srcs/constrs_1/new/NN.xdc:14]
CRITICAL WARNING: [Common 17-55] 'set_property' expects at least one object. [C:/projects/NN_copy/NN_copy.srcs/constrs_1/new/NN.xdc:14]
Resolution: If [get_<value>] was used to populate the object, check to make sure this command returns at least one valid object.
WARNING: [Vivado 12-584] No ports matched 'm_axis_tdata[49]'. [C:/projects/NN_copy/NN_copy.srcs/constrs_1/new/NN.xdc:15]
CRITICAL WARNING: [Common 17-55] 'set_property' expects at least one object. [C:/projects/NN_copy/NN_copy.srcs/constrs_1/new/NN.xdc:15]
Resolution: If [get_<value>] was used to populate the object, check to make sure this command returns at least one valid object.
WARNING: [Vivado 12-584] No ports matched 'm_axis_tdata[48]'. [C:/projects/NN_copy/NN_copy.srcs/constrs_1/new/NN.xdc:16]
CRITICAL WARNING: [Common 17-55] 'set_property' expects at least one object. [C:/projects/NN_copy/NN_copy.srcs/constrs_1/new/NN.xdc:16]
Resolution: If [get_<value>] was used to populate the object, check to make sure this command returns at least one valid object.
WARNING: [Vivado 12-584] No ports matched 'm_axis_tdata[47]'. [C:/projects/NN_copy/NN_copy.srcs/constrs_1/new/NN.xdc:17]
CRITICAL WARNING: [Common 17-55] 'set_property' expects at least one object. [C:/projects/NN_copy/NN_copy.srcs/constrs_1/new/NN.xdc:17]
Resolution: If [get_<value>] was used to populate the object, check to make sure this command returns at least one valid object.
WARNING: [Vivado 12-584] No ports matched 'm_axis_tdata[46]'. [C:/projects/NN_copy/NN_copy.srcs/constrs_1/new/NN.xdc:18]
CRITICAL WARNING: [Common 17-55] 'set_property' expects at least one object. [C:/projects/NN_copy/NN_copy.srcs/constrs_1/new/NN.xdc:18]
Resolution: If [get_<value>] was used to populate the object, check to make sure this command returns at least one valid object.
WARNING: [Vivado 12-584] No ports matched 'm_axis_tdata[45]'. [C:/projects/NN_copy/NN_copy.srcs/constrs_1/new/NN.xdc:19]
CRITICAL WARNING: [Common 17-55] 'set_property' expects at least one object. [C:/projects/NN_copy/NN_copy.srcs/constrs_1/new/NN.xdc:19]
Resolution: If [get_<value>] was used to populate the object, check to make sure this command returns at least one valid object.
WARNING: [Vivado 12-584] No ports matched 'm_axis_tdata[44]'. [C:/projects/NN_copy/NN_copy.srcs/constrs_1/new/NN.xdc:20]
CRITICAL WARNING: [Common 17-55] 'set_property' expects at least one object. [C:/projects/NN_copy/NN_copy.srcs/constrs_1/new/NN.xdc:20]
Resolution: If [get_<value>] was used to populate the object, check to make sure this command returns at least one valid object.
WARNING: [Vivado 12-584] No ports matched 'm_axis_tdata[43]'. [C:/projects/NN_copy/NN_copy.srcs/constrs_1/new/NN.xdc:21]
CRITICAL WARNING: [Common 17-55] 'set_property' expects at least one object. [C:/projects/NN_copy/NN_copy.srcs/constrs_1/new/NN.xdc:21]
Resolution: If [get_<value>] was used to populate the object, check to make sure this command returns at least one valid object.
WARNING: [Vivado 12-584] No ports matched 'm_axis_tdata[42]'. [C:/projects/NN_copy/NN_copy.srcs/constrs_1/new/NN.xdc:22]
CRITICAL WARNING: [Common 17-55] 'set_property' expects at least one object. [C:/projects/NN_copy/NN_copy.srcs/constrs_1/new/NN.xdc:22]
Resolution: If [get_<value>] was used to populate the object, check to make sure this command returns at least one valid object.
WARNING: [Vivado 12-584] No ports matched 'm_axis_tdata[41]'. [C:/projects/NN_copy/NN_copy.srcs/constrs_1/new/NN.xdc:23]
CRITICAL WARNING: [Common 17-55] 'set_property' expects at least one object. [C:/projects/NN_copy/NN_copy.srcs/constrs_1/new/NN.xdc:23]
Resolution: If [get_<value>] was used to populate the object, check to make sure this command returns at least one valid object.
WARNING: [Vivado 12-584] No ports matched 'm_axis_tdata[40]'. [C:/projects/NN_copy/NN_copy.srcs/constrs_1/new/NN.xdc:24]
CRITICAL WARNING: [Common 17-55] 'set_property' expects at least one object. [C:/projects/NN_copy/NN_copy.srcs/constrs_1/new/NN.xdc:24]
Resolution: If [get_<value>] was used to populate the object, check to make sure this command returns at least one valid object.
WARNING: [Vivado 12-584] No ports matched 'm_axis_tdata[39]'. [C:/projects/NN_copy/NN_copy.srcs/constrs_1/new/NN.xdc:25]
CRITICAL WARNING: [Common 17-55] 'set_property' expects at least one object. [C:/projects/NN_copy/NN_copy.srcs/constrs_1/new/NN.xdc:25]
Resolution: If [get_<value>] was used to populate the object, check to make sure this command returns at least one valid object.
WARNING: [Vivado 12-584] No ports matched 'm_axis_tdata[38]'. [C:/projects/NN_copy/NN_copy.srcs/constrs_1/new/NN.xdc:26]
CRITICAL WARNING: [Common 17-55] 'set_property' expects at least one object. [C:/projects/NN_copy/NN_copy.srcs/constrs_1/new/NN.xdc:26]
Resolution: If [get_<value>] was used to populate the object, check to make sure this command returns at least one valid object.
WARNING: [Vivado 12-584] No ports matched 'm_axis_tdata[37]'. [C:/projects/NN_copy/NN_copy.srcs/constrs_1/new/NN.xdc:27]
CRITICAL WARNING: [Common 17-55] 'set_property' expects at least one object. [C:/projects/NN_copy/NN_copy.srcs/constrs_1/new/NN.xdc:27]
Resolution: If [get_<value>] was used to populate the object, check to make sure this command returns at least one valid object.
WARNING: [Vivado 12-584] No ports matched 'm_axis_tdata[36]'. [C:/projects/NN_copy/NN_copy.srcs/constrs_1/new/NN.xdc:28]
CRITICAL WARNING: [Common 17-55] 'set_property' expects at least one object. [C:/projects/NN_copy/NN_copy.srcs/constrs_1/new/NN.xdc:28]
Resolution: If [get_<value>] was used to populate the object, check to make sure this command returns at least one valid object.
WARNING: [Vivado 12-584] No ports matched 'm_axis_tdata[35]'. [C:/projects/NN_copy/NN_copy.srcs/constrs_1/new/NN.xdc:29]
CRITICAL WARNING: [Common 17-55] 'set_property' expects at least one object. [C:/projects/NN_copy/NN_copy.srcs/constrs_1/new/NN.xdc:29]
Resolution: If [get_<value>] was used to populate the object, check to make sure this command returns at least one valid object.
WARNING: [Vivado 12-584] No ports matched 'm_axis_tdata[34]'. [C:/projects/NN_copy/NN_copy.srcs/constrs_1/new/NN.xdc:30]
CRITICAL WARNING: [Common 17-55] 'set_property' expects at least one object. [C:/projects/NN_copy/NN_copy.srcs/constrs_1/new/NN.xdc:30]
Resolution: If [get_<value>] was used to populate the object, check to make sure this command returns at least one valid object.
WARNING: [Vivado 12-584] No ports matched 'm_axis_tdata[33]'. [C:/projects/NN_copy/NN_copy.srcs/constrs_1/new/NN.xdc:31]
CRITICAL WARNING: [Common 17-55] 'set_property' expects at least one object. [C:/projects/NN_copy/NN_copy.srcs/constrs_1/new/NN.xdc:31]
Resolution: If [get_<value>] was used to populate the object, check to make sure this command returns at least one valid object.
WARNING: [Vivado 12-584] No ports matched 'm_axis_tdata[32]'. [C:/projects/NN_copy/NN_copy.srcs/constrs_1/new/NN.xdc:32]
CRITICAL WARNING: [Common 17-55] 'set_property' expects at least one object. [C:/projects/NN_copy/NN_copy.srcs/constrs_1/new/NN.xdc:32]
Resolution: If [get_<value>] was used to populate the object, check to make sure this command returns at least one valid object.
WARNING: [Vivado 12-584] No ports matched 'm_axis_tdata[31]'. [C:/projects/NN_copy/NN_copy.srcs/constrs_1/new/NN.xdc:33]
CRITICAL WARNING: [Common 17-55] 'set_property' expects at least one object. [C:/projects/NN_copy/NN_copy.srcs/constrs_1/new/NN.xdc:33]
Resolution: If [get_<value>] was used to populate the object, check to make sure this command returns at least one valid object.
WARNING: [Vivado 12-584] No ports matched 'm_axis_tdata[30]'. [C:/projects/NN_copy/NN_copy.srcs/constrs_1/new/NN.xdc:34]
CRITICAL WARNING: [Common 17-55] 'set_property' expects at least one object. [C:/projects/NN_copy/NN_copy.srcs/constrs_1/new/NN.xdc:34]
Resolution: If [get_<value>] was used to populate the object, check to make sure this command returns at least one valid object.
WARNING: [Vivado 12-584] No ports matched 'm_axis_tdata[29]'. [C:/projects/NN_copy/NN_copy.srcs/constrs_1/new/NN.xdc:35]
CRITICAL WARNING: [Common 17-55] 'set_property' expects at least one object. [C:/projects/NN_copy/NN_copy.srcs/constrs_1/new/NN.xdc:35]
Resolution: If [get_<value>] was used to populate the object, check to make sure this command returns at least one valid object.
WARNING: [Vivado 12-584] No ports matched 'm_axis_tdata[28]'. [C:/projects/NN_copy/NN_copy.srcs/constrs_1/new/NN.xdc:36]
CRITICAL WARNING: [Common 17-55] 'set_property' expects at least one object. [C:/projects/NN_copy/NN_copy.srcs/constrs_1/new/NN.xdc:36]
Resolution: If [get_<value>] was used to populate the object, check to make sure this command returns at least one valid object.
WARNING: [Vivado 12-584] No ports matched 'm_axis_tdata[27]'. [C:/projects/NN_copy/NN_copy.srcs/constrs_1/new/NN.xdc:37]
CRITICAL WARNING: [Common 17-55] 'set_property' expects at least one object. [C:/projects/NN_copy/NN_copy.srcs/constrs_1/new/NN.xdc:37]
Resolution: If [get_<value>] was used to populate the object, check to make sure this command returns at least one valid object.
WARNING: [Vivado 12-584] No ports matched 'm_axis_tdata[26]'. [C:/projects/NN_copy/NN_copy.srcs/constrs_1/new/NN.xdc:38]
CRITICAL WARNING: [Common 17-55] 'set_property' expects at least one object. [C:/projects/NN_copy/NN_copy.srcs/constrs_1/new/NN.xdc:38]
Resolution: If [get_<value>] was used to populate the object, check to make sure this command returns at least one valid object.
WARNING: [Vivado 12-584] No ports matched 'm_axis_tdata[25]'. [C:/projects/NN_copy/NN_copy.srcs/constrs_1/new/NN.xdc:39]
CRITICAL WARNING: [Common 17-55] 'set_property' expects at least one object. [C:/projects/NN_copy/NN_copy.srcs/constrs_1/new/NN.xdc:39]
Resolution: If [get_<value>] was used to populate the object, check to make sure this command returns at least one valid object.
WARNING: [Vivado 12-584] No ports matched 'm_axis_tdata[24]'. [C:/projects/NN_copy/NN_copy.srcs/constrs_1/new/NN.xdc:40]
CRITICAL WARNING: [Common 17-55] 'set_property' expects at least one object. [C:/projects/NN_copy/NN_copy.srcs/constrs_1/new/NN.xdc:40]
Resolution: If [get_<value>] was used to populate the object, check to make sure this command returns at least one valid object.
WARNING: [Vivado 12-584] No ports matched 'm_axis_tdata[23]'. [C:/projects/NN_copy/NN_copy.srcs/constrs_1/new/NN.xdc:41]
CRITICAL WARNING: [Common 17-55] 'set_property' expects at least one object. [C:/projects/NN_copy/NN_copy.srcs/constrs_1/new/NN.xdc:41]
Resolution: If [get_<value>] was used to populate the object, check to make sure this command returns at least one valid object.
WARNING: [Vivado 12-584] No ports matched 'm_axis_tdata[22]'. [C:/projects/NN_copy/NN_copy.srcs/constrs_1/new/NN.xdc:42]
CRITICAL WARNING: [Common 17-55] 'set_property' expects at least one object. [C:/projects/NN_copy/NN_copy.srcs/constrs_1/new/NN.xdc:42]
Resolution: If [get_<value>] was used to populate the object, check to make sure this command returns at least one valid object.
WARNING: [Vivado 12-584] No ports matched 'm_axis_tdata[21]'. [C:/projects/NN_copy/NN_copy.srcs/constrs_1/new/NN.xdc:43]
CRITICAL WARNING: [Common 17-55] 'set_property' expects at least one object. [C:/projects/NN_copy/NN_copy.srcs/constrs_1/new/NN.xdc:43]
Resolution: If [get_<value>] was used to populate the object, check to make sure this command returns at least one valid object.
WARNING: [Vivado 12-584] No ports matched 'm_axis_tdata[20]'. [C:/projects/NN_copy/NN_copy.srcs/constrs_1/new/NN.xdc:44]
CRITICAL WARNING: [Common 17-55] 'set_property' expects at least one object. [C:/projects/NN_copy/NN_copy.srcs/constrs_1/new/NN.xdc:44]
Resolution: If [get_<value>] was used to populate the object, check to make sure this command returns at least one valid object.
WARNING: [Vivado 12-584] No ports matched 'm_axis_tdata[19]'. [C:/projects/NN_copy/NN_copy.srcs/constrs_1/new/NN.xdc:45]
CRITICAL WARNING: [Common 17-55] 'set_property' expects at least one object. [C:/projects/NN_copy/NN_copy.srcs/constrs_1/new/NN.xdc:45]
Resolution: If [get_<value>] was used to populate the object, check to make sure this command returns at least one valid object.
WARNING: [Vivado 12-584] No ports matched 'm_axis_tdata[18]'. [C:/projects/NN_copy/NN_copy.srcs/constrs_1/new/NN.xdc:46]
CRITICAL WARNING: [Common 17-55] 'set_property' expects at least one object. [C:/projects/NN_copy/NN_copy.srcs/constrs_1/new/NN.xdc:46]
Resolution: If [get_<value>] was used to populate the object, check to make sure this command returns at least one valid object.
WARNING: [Vivado 12-584] No ports matched 'm_axis_tdata[17]'. [C:/projects/NN_copy/NN_copy.srcs/constrs_1/new/NN.xdc:47]
CRITICAL WARNING: [Common 17-55] 'set_property' expects at least one object. [C:/projects/NN_copy/NN_copy.srcs/constrs_1/new/NN.xdc:47]
Resolution: If [get_<value>] was used to populate the object, check to make sure this command returns at least one valid object.
WARNING: [Vivado 12-584] No ports matched 'm_axis_tdata[16]'. [C:/projects/NN_copy/NN_copy.srcs/constrs_1/new/NN.xdc:48]
CRITICAL WARNING: [Common 17-55] 'set_property' expects at least one object. [C:/projects/NN_copy/NN_copy.srcs/constrs_1/new/NN.xdc:48]
Resolution: If [get_<value>] was used to populate the object, check to make sure this command returns at least one valid object.
WARNING: [Vivado 12-584] No ports matched 'm_axis_tdata[15]'. [C:/projects/NN_copy/NN_copy.srcs/constrs_1/new/NN.xdc:49]
CRITICAL WARNING: [Common 17-55] 'set_property' expects at least one object. [C:/projects/NN_copy/NN_copy.srcs/constrs_1/new/NN.xdc:49]
Resolution: If [get_<value>] was used to populate the object, check to make sure this command returns at least one valid object.
WARNING: [Vivado 12-584] No ports matched 'm_axis_tdata[14]'. [C:/projects/NN_copy/NN_copy.srcs/constrs_1/new/NN.xdc:50]
CRITICAL WARNING: [Common 17-55] 'set_property' expects at least one object. [C:/projects/NN_copy/NN_copy.srcs/constrs_1/new/NN.xdc:50]
Resolution: If [get_<value>] was used to populate the object, check to make sure this command returns at least one valid object.
WARNING: [Vivado 12-584] No ports matched 'm_axis_tdata[13]'. [C:/projects/NN_copy/NN_copy.srcs/constrs_1/new/NN.xdc:51]
CRITICAL WARNING: [Common 17-55] 'set_property' expects at least one object. [C:/projects/NN_copy/NN_copy.srcs/constrs_1/new/NN.xdc:51]
Resolution: If [get_<value>] was used to populate the object, check to make sure this command returns at least one valid object.
WARNING: [Vivado 12-584] No ports matched 'm_axis_tdata[12]'. [C:/projects/NN_copy/NN_copy.srcs/constrs_1/new/NN.xdc:52]
CRITICAL WARNING: [Common 17-55] 'set_property' expects at least one object. [C:/projects/NN_copy/NN_copy.srcs/constrs_1/new/NN.xdc:52]
Resolution: If [get_<value>] was used to populate the object, check to make sure this command returns at least one valid object.
WARNING: [Vivado 12-584] No ports matched 'm_axis_tdata[11]'. [C:/projects/NN_copy/NN_copy.srcs/constrs_1/new/NN.xdc:53]
CRITICAL WARNING: [Common 17-55] 'set_property' expects at least one object. [C:/projects/NN_copy/NN_copy.srcs/constrs_1/new/NN.xdc:53]
Resolution: If [get_<value>] was used to populate the object, check to make sure this command returns at least one valid object.
WARNING: [Vivado 12-584] No ports matched 'm_axis_tdata[10]'. [C:/projects/NN_copy/NN_copy.srcs/constrs_1/new/NN.xdc:54]
CRITICAL WARNING: [Common 17-55] 'set_property' expects at least one object. [C:/projects/NN_copy/NN_copy.srcs/constrs_1/new/NN.xdc:54]
Resolution: If [get_<value>] was used to populate the object, check to make sure this command returns at least one valid object.
WARNING: [Vivado 12-584] No ports matched 'm_axis_tdata[9]'. [C:/projects/NN_copy/NN_copy.srcs/constrs_1/new/NN.xdc:55]
CRITICAL WARNING: [Common 17-55] 'set_property' expects at least one object. [C:/projects/NN_copy/NN_copy.srcs/constrs_1/new/NN.xdc:55]
Resolution: If [get_<value>] was used to populate the object, check to make sure this command returns at least one valid object.
WARNING: [Vivado 12-584] No ports matched 'm_axis_tdata[8]'. [C:/projects/NN_copy/NN_copy.srcs/constrs_1/new/NN.xdc:56]
CRITICAL WARNING: [Common 17-55] 'set_property' expects at least one object. [C:/projects/NN_copy/NN_copy.srcs/constrs_1/new/NN.xdc:56]
Resolution: If [get_<value>] was used to populate the object, check to make sure this command returns at least one valid object.
WARNING: [Vivado 12-584] No ports matched 'm_axis_tdata[7]'. [C:/projects/NN_copy/NN_copy.srcs/constrs_1/new/NN.xdc:57]
CRITICAL WARNING: [Common 17-55] 'set_property' expects at least one object. [C:/projects/NN_copy/NN_copy.srcs/constrs_1/new/NN.xdc:57]
Resolution: If [get_<value>] was used to populate the object, check to make sure this command returns at least one valid object.
WARNING: [Vivado 12-584] No ports matched 'm_axis_tdata[6]'. [C:/projects/NN_copy/NN_copy.srcs/constrs_1/new/NN.xdc:58]
CRITICAL WARNING: [Common 17-55] 'set_property' expects at least one object. [C:/projects/NN_copy/NN_copy.srcs/constrs_1/new/NN.xdc:58]
Resolution: If [get_<value>] was used to populate the object, check to make sure this command returns at least one valid object.
WARNING: [Vivado 12-584] No ports matched 'm_axis_tdata[5]'. [C:/projects/NN_copy/NN_copy.srcs/constrs_1/new/NN.xdc:59]
CRITICAL WARNING: [Common 17-55] 'set_property' expects at least one object. [C:/projects/NN_copy/NN_copy.srcs/constrs_1/new/NN.xdc:59]
Resolution: If [get_<value>] was used to populate the object, check to make sure this command returns at least one valid object.
WARNING: [Vivado 12-584] No ports matched 'm_axis_tdata[4]'. [C:/projects/NN_copy/NN_copy.srcs/constrs_1/new/NN.xdc:60]
CRITICAL WARNING: [Common 17-55] 'set_property' expects at least one object. [C:/projects/NN_copy/NN_copy.srcs/constrs_1/new/NN.xdc:60]
Resolution: If [get_<value>] was used to populate the object, check to make sure this command returns at least one valid object.
WARNING: [Vivado 12-584] No ports matched 'm_axis_tdata[3]'. [C:/projects/NN_copy/NN_copy.srcs/constrs_1/new/NN.xdc:61]
CRITICAL WARNING: [Common 17-55] 'set_property' expects at least one object. [C:/projects/NN_copy/NN_copy.srcs/constrs_1/new/NN.xdc:61]
Resolution: If [get_<value>] was used to populate the object, check to make sure this command returns at least one valid object.
WARNING: [Vivado 12-584] No ports matched 'm_axis_tdata[2]'. [C:/projects/NN_copy/NN_copy.srcs/constrs_1/new/NN.xdc:62]
CRITICAL WARNING: [Common 17-55] 'set_property' expects at least one object. [C:/projects/NN_copy/NN_copy.srcs/constrs_1/new/NN.xdc:62]
Resolution: If [get_<value>] was used to populate the object, check to make sure this command returns at least one valid object.
WARNING: [Vivado 12-584] No ports matched 'm_axis_tdata[1]'. [C:/projects/NN_copy/NN_copy.srcs/constrs_1/new/NN.xdc:63]
CRITICAL WARNING: [Common 17-55] 'set_property' expects at least one object. [C:/projects/NN_copy/NN_copy.srcs/constrs_1/new/NN.xdc:63]
Resolution: If [get_<value>] was used to populate the object, check to make sure this command returns at least one valid object.
WARNING: [Vivado 12-584] No ports matched 'm_axis_tdata[0]'. [C:/projects/NN_copy/NN_copy.srcs/constrs_1/new/NN.xdc:64]
CRITICAL WARNING: [Common 17-55] 'set_property' expects at least one object. [C:/projects/NN_copy/NN_copy.srcs/constrs_1/new/NN.xdc:64]
Resolution: If [get_<value>] was used to populate the object, check to make sure this command returns at least one valid object.
WARNING: [Vivado 12-584] No ports matched 's_axis_tdata[63]'. [C:/projects/NN_copy/NN_copy.srcs/constrs_1/new/NN.xdc:65]
CRITICAL WARNING: [Common 17-55] 'set_property' expects at least one object. [C:/projects/NN_copy/NN_copy.srcs/constrs_1/new/NN.xdc:65]
Resolution: If [get_<value>] was used to populate the object, check to make sure this command returns at least one valid object.
WARNING: [Vivado 12-584] No ports matched 's_axis_tdata[62]'. [C:/projects/NN_copy/NN_copy.srcs/constrs_1/new/NN.xdc:66]
CRITICAL WARNING: [Common 17-55] 'set_property' expects at least one object. [C:/projects/NN_copy/NN_copy.srcs/constrs_1/new/NN.xdc:66]
Resolution: If [get_<value>] was used to populate the object, check to make sure this command returns at least one valid object.
WARNING: [Vivado 12-584] No ports matched 's_axis_tdata[61]'. [C:/projects/NN_copy/NN_copy.srcs/constrs_1/new/NN.xdc:67]
CRITICAL WARNING: [Common 17-55] 'set_property' expects at least one object. [C:/projects/NN_copy/NN_copy.srcs/constrs_1/new/NN.xdc:67]
Resolution: If [get_<value>] was used to populate the object, check to make sure this command returns at least one valid object.
WARNING: [Vivado 12-584] No ports matched 's_axis_tdata[60]'. [C:/projects/NN_copy/NN_copy.srcs/constrs_1/new/NN.xdc:68]
CRITICAL WARNING: [Common 17-55] 'set_property' expects at least one object. [C:/projects/NN_copy/NN_copy.srcs/constrs_1/new/NN.xdc:68]
Resolution: If [get_<value>] was used to populate the object, check to make sure this command returns at least one valid object.
WARNING: [Vivado 12-584] No ports matched 's_axis_tdata[59]'. [C:/projects/NN_copy/NN_copy.srcs/constrs_1/new/NN.xdc:69]
CRITICAL WARNING: [Common 17-55] 'set_property' expects at least one object. [C:/projects/NN_copy/NN_copy.srcs/constrs_1/new/NN.xdc:69]
Resolution: If [get_<value>] was used to populate the object, check to make sure this command returns at least one valid object.
WARNING: [Vivado 12-584] No ports matched 's_axis_tdata[58]'. [C:/projects/NN_copy/NN_copy.srcs/constrs_1/new/NN.xdc:70]
CRITICAL WARNING: [Common 17-55] 'set_property' expects at least one object. [C:/projects/NN_copy/NN_copy.srcs/constrs_1/new/NN.xdc:70]
Resolution: If [get_<value>] was used to populate the object, check to make sure this command returns at least one valid object.
WARNING: [Vivado 12-584] No ports matched 's_axis_tdata[57]'. [C:/projects/NN_copy/NN_copy.srcs/constrs_1/new/NN.xdc:71]
CRITICAL WARNING: [Common 17-55] 'set_property' expects at least one object. [C:/projects/NN_copy/NN_copy.srcs/constrs_1/new/NN.xdc:71]
Resolution: If [get_<value>] was used to populate the object, check to make sure this command returns at least one valid object.
WARNING: [Vivado 12-584] No ports matched 's_axis_tdata[56]'. [C:/projects/NN_copy/NN_copy.srcs/constrs_1/new/NN.xdc:72]
CRITICAL WARNING: [Common 17-55] 'set_property' expects at least one object. [C:/projects/NN_copy/NN_copy.srcs/constrs_1/new/NN.xdc:72]
Resolution: If [get_<value>] was used to populate the object, check to make sure this command returns at least one valid object.
WARNING: [Vivado 12-584] No ports matched 's_axis_tdata[55]'. [C:/projects/NN_copy/NN_copy.srcs/constrs_1/new/NN.xdc:73]
CRITICAL WARNING: [Common 17-55] 'set_property' expects at least one object. [C:/projects/NN_copy/NN_copy.srcs/constrs_1/new/NN.xdc:73]
Resolution: If [get_<value>] was used to populate the object, check to make sure this command returns at least one valid object.
WARNING: [Vivado 12-584] No ports matched 's_axis_tdata[54]'. [C:/projects/NN_copy/NN_copy.srcs/constrs_1/new/NN.xdc:74]
CRITICAL WARNING: [Common 17-55] 'set_property' expects at least one object. [C:/projects/NN_copy/NN_copy.srcs/constrs_1/new/NN.xdc:74]
Resolution: If [get_<value>] was used to populate the object, check to make sure this command returns at least one valid object.
WARNING: [Vivado 12-584] No ports matched 's_axis_tdata[53]'. [C:/projects/NN_copy/NN_copy.srcs/constrs_1/new/NN.xdc:75]
CRITICAL WARNING: [Common 17-55] 'set_property' expects at least one object. [C:/projects/NN_copy/NN_copy.srcs/constrs_1/new/NN.xdc:75]
Resolution: If [get_<value>] was used to populate the object, check to make sure this command returns at least one valid object.
WARNING: [Vivado 12-584] No ports matched 's_axis_tdata[52]'. [C:/projects/NN_copy/NN_copy.srcs/constrs_1/new/NN.xdc:76]
CRITICAL WARNING: [Common 17-55] 'set_property' expects at least one object. [C:/projects/NN_copy/NN_copy.srcs/constrs_1/new/NN.xdc:76]
Resolution: If [get_<value>] was used to populate the object, check to make sure this command returns at least one valid object.
WARNING: [Vivado 12-584] No ports matched 's_axis_tdata[51]'. [C:/projects/NN_copy/NN_copy.srcs/constrs_1/new/NN.xdc:77]
CRITICAL WARNING: [Common 17-55] 'set_property' expects at least one object. [C:/projects/NN_copy/NN_copy.srcs/constrs_1/new/NN.xdc:77]
Resolution: If [get_<value>] was used to populate the object, check to make sure this command returns at least one valid object.
WARNING: [Vivado 12-584] No ports matched 's_axis_tdata[50]'. [C:/projects/NN_copy/NN_copy.srcs/constrs_1/new/NN.xdc:78]
CRITICAL WARNING: [Common 17-55] 'set_property' expects at least one object. [C:/projects/NN_copy/NN_copy.srcs/constrs_1/new/NN.xdc:78]
Resolution: If [get_<value>] was used to populate the object, check to make sure this command returns at least one valid object.
WARNING: [Vivado 12-584] No ports matched 's_axis_tdata[49]'. [C:/projects/NN_copy/NN_copy.srcs/constrs_1/new/NN.xdc:79]
CRITICAL WARNING: [Common 17-55] 'set_property' expects at least one object. [C:/projects/NN_copy/NN_copy.srcs/constrs_1/new/NN.xdc:79]
Resolution: If [get_<value>] was used to populate the object, check to make sure this command returns at least one valid object.
WARNING: [Vivado 12-584] No ports matched 's_axis_tdata[48]'. [C:/projects/NN_copy/NN_copy.srcs/constrs_1/new/NN.xdc:80]
CRITICAL WARNING: [Common 17-55] 'set_property' expects at least one object. [C:/projects/NN_copy/NN_copy.srcs/constrs_1/new/NN.xdc:80]
Resolution: If [get_<value>] was used to populate the object, check to make sure this command returns at least one valid object.
WARNING: [Vivado 12-584] No ports matched 's_axis_tdata[47]'. [C:/projects/NN_copy/NN_copy.srcs/constrs_1/new/NN.xdc:81]
CRITICAL WARNING: [Common 17-55] 'set_property' expects at least one object. [C:/projects/NN_copy/NN_copy.srcs/constrs_1/new/NN.xdc:81]
Resolution: If [get_<value>] was used to populate the object, check to make sure this command returns at least one valid object.
WARNING: [Vivado 12-584] No ports matched 's_axis_tdata[46]'. [C:/projects/NN_copy/NN_copy.srcs/constrs_1/new/NN.xdc:82]
CRITICAL WARNING: [Common 17-55] 'set_property' expects at least one object. [C:/projects/NN_copy/NN_copy.srcs/constrs_1/new/NN.xdc:82]
Resolution: If [get_<value>] was used to populate the object, check to make sure this command returns at least one valid object.
WARNING: [Vivado 12-584] No ports matched 's_axis_tdata[45]'. [C:/projects/NN_copy/NN_copy.srcs/constrs_1/new/NN.xdc:83]
CRITICAL WARNING: [Common 17-55] 'set_property' expects at least one object. [C:/projects/NN_copy/NN_copy.srcs/constrs_1/new/NN.xdc:83]
Resolution: If [get_<value>] was used to populate the object, check to make sure this command returns at least one valid object.
WARNING: [Vivado 12-584] No ports matched 's_axis_tdata[44]'. [C:/projects/NN_copy/NN_copy.srcs/constrs_1/new/NN.xdc:84]
CRITICAL WARNING: [Common 17-55] 'set_property' expects at least one object. [C:/projects/NN_copy/NN_copy.srcs/constrs_1/new/NN.xdc:84]
Resolution: If [get_<value>] was used to populate the object, check to make sure this command returns at least one valid object.
WARNING: [Vivado 12-584] No ports matched 's_axis_tdata[43]'. [C:/projects/NN_copy/NN_copy.srcs/constrs_1/new/NN.xdc:85]
CRITICAL WARNING: [Common 17-55] 'set_property' expects at least one object. [C:/projects/NN_copy/NN_copy.srcs/constrs_1/new/NN.xdc:85]
Resolution: If [get_<value>] was used to populate the object, check to make sure this command returns at least one valid object.
WARNING: [Vivado 12-584] No ports matched 's_axis_tdata[42]'. [C:/projects/NN_copy/NN_copy.srcs/constrs_1/new/NN.xdc:86]
CRITICAL WARNING: [Common 17-55] 'set_property' expects at least one object. [C:/projects/NN_copy/NN_copy.srcs/constrs_1/new/NN.xdc:86]
Resolution: If [get_<value>] was used to populate the object, check to make sure this command returns at least one valid object.
WARNING: [Vivado 12-584] No ports matched 's_axis_tdata[41]'. [C:/projects/NN_copy/NN_copy.srcs/constrs_1/new/NN.xdc:87]
CRITICAL WARNING: [Common 17-55] 'set_property' expects at least one object. [C:/projects/NN_copy/NN_copy.srcs/constrs_1/new/NN.xdc:87]
Resolution: If [get_<value>] was used to populate the object, check to make sure this command returns at least one valid object.
WARNING: [Vivado 12-584] No ports matched 's_axis_tdata[40]'. [C:/projects/NN_copy/NN_copy.srcs/constrs_1/new/NN.xdc:88]
CRITICAL WARNING: [Common 17-55] 'set_property' expects at least one object. [C:/projects/NN_copy/NN_copy.srcs/constrs_1/new/NN.xdc:88]
Resolution: If [get_<value>] was used to populate the object, check to make sure this command returns at least one valid object.
WARNING: [Vivado 12-584] No ports matched 's_axis_tdata[39]'. [C:/projects/NN_copy/NN_copy.srcs/constrs_1/new/NN.xdc:89]
CRITICAL WARNING: [Common 17-55] 'set_property' expects at least one object. [C:/projects/NN_copy/NN_copy.srcs/constrs_1/new/NN.xdc:89]
Resolution: If [get_<value>] was used to populate the object, check to make sure this command returns at least one valid object.
WARNING: [Vivado 12-584] No ports matched 's_axis_tdata[38]'. [C:/projects/NN_copy/NN_copy.srcs/constrs_1/new/NN.xdc:90]
CRITICAL WARNING: [Common 17-55] 'set_property' expects at least one object. [C:/projects/NN_copy/NN_copy.srcs/constrs_1/new/NN.xdc:90]
Resolution: If [get_<value>] was used to populate the object, check to make sure this command returns at least one valid object.
WARNING: [Vivado 12-584] No ports matched 's_axis_tdata[37]'. [C:/projects/NN_copy/NN_copy.srcs/constrs_1/new/NN.xdc:91]
CRITICAL WARNING: [Common 17-55] 'set_property' expects at least one object. [C:/projects/NN_copy/NN_copy.srcs/constrs_1/new/NN.xdc:91]
Resolution: If [get_<value>] was used to populate the object, check to make sure this command returns at least one valid object.
WARNING: [Vivado 12-584] No ports matched 's_axis_tdata[36]'. [C:/projects/NN_copy/NN_copy.srcs/constrs_1/new/NN.xdc:92]
CRITICAL WARNING: [Common 17-55] 'set_property' expects at least one object. [C:/projects/NN_copy/NN_copy.srcs/constrs_1/new/NN.xdc:92]
Resolution: If [get_<value>] was used to populate the object, check to make sure this command returns at least one valid object.
WARNING: [Vivado 12-584] No ports matched 's_axis_tdata[35]'. [C:/projects/NN_copy/NN_copy.srcs/constrs_1/new/NN.xdc:93]
CRITICAL WARNING: [Common 17-55] 'set_property' expects at least one object. [C:/projects/NN_copy/NN_copy.srcs/constrs_1/new/NN.xdc:93]
Resolution: If [get_<value>] was used to populate the object, check to make sure this command returns at least one valid object.
WARNING: [Vivado 12-584] No ports matched 's_axis_tdata[34]'. [C:/projects/NN_copy/NN_copy.srcs/constrs_1/new/NN.xdc:94]
CRITICAL WARNING: [Common 17-55] 'set_property' expects at least one object. [C:/projects/NN_copy/NN_copy.srcs/constrs_1/new/NN.xdc:94]
Resolution: If [get_<value>] was used to populate the object, check to make sure this command returns at least one valid object.
WARNING: [Vivado 12-584] No ports matched 's_axis_tdata[33]'. [C:/projects/NN_copy/NN_copy.srcs/constrs_1/new/NN.xdc:95]
CRITICAL WARNING: [Common 17-55] 'set_property' expects at least one object. [C:/projects/NN_copy/NN_copy.srcs/constrs_1/new/NN.xdc:95]
Resolution: If [get_<value>] was used to populate the object, check to make sure this command returns at least one valid object.
WARNING: [Vivado 12-584] No ports matched 's_axis_tdata[32]'. [C:/projects/NN_copy/NN_copy.srcs/constrs_1/new/NN.xdc:96]
CRITICAL WARNING: [Common 17-55] 'set_property' expects at least one object. [C:/projects/NN_copy/NN_copy.srcs/constrs_1/new/NN.xdc:96]
Resolution: If [get_<value>] was used to populate the object, check to make sure this command returns at least one valid object.
WARNING: [Vivado 12-584] No ports matched 's_axis_tdata[31]'. [C:/projects/NN_copy/NN_copy.srcs/constrs_1/new/NN.xdc:97]
CRITICAL WARNING: [Common 17-55] 'set_property' expects at least one object. [C:/projects/NN_copy/NN_copy.srcs/constrs_1/new/NN.xdc:97]
Resolution: If [get_<value>] was used to populate the object, check to make sure this command returns at least one valid object.
WARNING: [Vivado 12-584] No ports matched 's_axis_tdata[30]'. [C:/projects/NN_copy/NN_copy.srcs/constrs_1/new/NN.xdc:98]
CRITICAL WARNING: [Common 17-55] 'set_property' expects at least one object. [C:/projects/NN_copy/NN_copy.srcs/constrs_1/new/NN.xdc:98]
Resolution: If [get_<value>] was used to populate the object, check to make sure this command returns at least one valid object.
WARNING: [Vivado 12-584] No ports matched 's_axis_tdata[29]'. [C:/projects/NN_copy/NN_copy.srcs/constrs_1/new/NN.xdc:99]
CRITICAL WARNING: [Common 17-55] 'set_property' expects at least one object. [C:/projects/NN_copy/NN_copy.srcs/constrs_1/new/NN.xdc:99]
Resolution: If [get_<value>] was used to populate the object, check to make sure this command returns at least one valid object.
WARNING: [Vivado 12-584] No ports matched 's_axis_tdata[28]'. [C:/projects/NN_copy/NN_copy.srcs/constrs_1/new/NN.xdc:100]
INFO: [Common 17-14] Message 'Vivado 12-584' appears 100 times and further instances of the messages will be disabled. Use the Tcl command set_msg_config to change the current settings. [C:/projects/NN_copy/NN_copy.srcs/constrs_1/new/NN.xdc:100]
CRITICAL WARNING: [Common 17-55] 'set_property' expects at least one object. [C:/projects/NN_copy/NN_copy.srcs/constrs_1/new/NN.xdc:100]
Resolution: If [get_<value>] was used to populate the object, check to make sure this command returns at least one valid object.
Finished Parsing XDC File [C:/projects/NN_copy/NN_copy.srcs/constrs_1/new/NN.xdc]
Parsing XDC File [C:/projects/NN_copy/NN_copy.runs/synth_1/dont_touch.xdc]
Finished Parsing XDC File [C:/projects/NN_copy/NN_copy.runs/synth_1/dont_touch.xdc]
INFO: [Project 1-236] Implementation specific constraints were found while reading constraint file [C:/projects/NN_copy/NN_copy.runs/synth_1/dont_touch.xdc]. These constraints will be ignored for synthesis but will be used in implementation. Impacted constraints are listed in the file [.Xil/design_1_wrapper_propImpl.xdc].
Resolution: To avoid this warning, move constraints listed in [.Xil/design_1_wrapper_propImpl.xdc] to another XDC file and exclude this new file from synthesis with the used_in_synthesis property (File Properties dialog in GUI) and re-run elaboration/synthesis.
Parsing XDC File [c:/projects/NN_copy/NN_copy.srcs/sources_1/bd/design_1/ip/design_1_axi_dma_0_0/design_1_axi_dma_0_0_clocks.xdc] for cell 'design_1_i/axi_dma_0/U0'
Finished Parsing XDC File [c:/projects/NN_copy/NN_copy.srcs/sources_1/bd/design_1/ip/design_1_axi_dma_0_0/design_1_axi_dma_0_0_clocks.xdc] for cell 'design_1_i/axi_dma_0/U0'
Sourcing Tcl File [C:/Xilinx/Vivado/2020.1/data/ip/xpm/xpm_cdc/tcl/xpm_cdc_async_rst.tcl] for cell 'design_1_i/axi_interconnect_1/s00_couplers/auto_pc/inst/gen_axi4_axi3.axi3_conv_inst/USE_READ.USE_SPLIT_R.read_addr_inst/USE_R_CHANNEL.cmd_queue/inst/fifo_gen_inst/inst_fifo_gen/gconvfifo.rf/grf.rf/rstblk/ngwrdrst.grst.g7serrst.gnsckt_wrst.rst_wr_reg2_inst'
Finished Sourcing Tcl File [C:/Xilinx/Vivado/2020.1/data/ip/xpm/xpm_cdc/tcl/xpm_cdc_async_rst.tcl] for cell 'design_1_i/axi_interconnect_1/s00_couplers/auto_pc/inst/gen_axi4_axi3.axi3_conv_inst/USE_READ.USE_SPLIT_R.read_addr_inst/USE_R_CHANNEL.cmd_queue/inst/fifo_gen_inst/inst_fifo_gen/gconvfifo.rf/grf.rf/rstblk/ngwrdrst.grst.g7serrst.gnsckt_wrst.rst_wr_reg2_inst'
Sourcing Tcl File [C:/Xilinx/Vivado/2020.1/data/ip/xpm/xpm_cdc/tcl/xpm_cdc_sync_rst.tcl] for cell 'design_1_i/axis_nn_0/inst/xpm_fifo_axis_0/gaxis_rst_sync.xpm_cdc_sync_rst_inst'
Finished Sourcing Tcl File [C:/Xilinx/Vivado/2020.1/data/ip/xpm/xpm_cdc/tcl/xpm_cdc_sync_rst.tcl] for cell 'design_1_i/axis_nn_0/inst/xpm_fifo_axis_0/gaxis_rst_sync.xpm_cdc_sync_rst_inst'
Sourcing Tcl File [C:/Xilinx/Vivado/2020.1/data/ip/xpm/xpm_cdc/tcl/xpm_cdc_sync_rst.tcl] for cell 'design_1_i/axis_nn_0/inst/xpm_fifo_axis_1/gaxis_rst_sync.xpm_cdc_sync_rst_inst'
Finished Sourcing Tcl File [C:/Xilinx/Vivado/2020.1/data/ip/xpm/xpm_cdc/tcl/xpm_cdc_sync_rst.tcl] for cell 'design_1_i/axis_nn_0/inst/xpm_fifo_axis_1/gaxis_rst_sync.xpm_cdc_sync_rst_inst'
Sourcing Tcl File [C:/Xilinx/Vivado/2020.1/data/ip/xpm/xpm_fifo/tcl/xpm_fifo_rst_axis.tcl] for cell 'design_1_i/axis_nn_0/inst/xpm_fifo_axis_0'
Finished Sourcing Tcl File [C:/Xilinx/Vivado/2020.1/data/ip/xpm/xpm_fifo/tcl/xpm_fifo_rst_axis.tcl] for cell 'design_1_i/axis_nn_0/inst/xpm_fifo_axis_0'
Sourcing Tcl File [C:/Xilinx/Vivado/2020.1/data/ip/xpm/xpm_fifo/tcl/xpm_fifo_rst_axis.tcl] for cell 'design_1_i/axis_nn_0/inst/xpm_fifo_axis_1'
Finished Sourcing Tcl File [C:/Xilinx/Vivado/2020.1/data/ip/xpm/xpm_fifo/tcl/xpm_fifo_rst_axis.tcl] for cell 'design_1_i/axis_nn_0/inst/xpm_fifo_axis_1'
INFO: [Project 1-236] Implementation specific constraints were found while reading constraint file [C:/Xilinx/Vivado/2020.1/data/ip/xpm/xpm_fifo/tcl/xpm_fifo_rst_axis.tcl]. These constraints will be ignored for synthesis but will be used in implementation. Impacted constraints are listed in the file [.Xil/design_1_wrapper_propImpl.xdc].
Resolution: To avoid this warning, move constraints listed in [.Xil/design_1_wrapper_propImpl.xdc] to another XDC file and exclude this new file from synthesis with the used_in_synthesis property (File Properties dialog in GUI) and re-run elaboration/synthesis.
Sourcing Tcl File [C:/Xilinx/Vivado/2020.1/data/ip/xpm/xpm_fifo/tcl/xpm_fifo_rst.tcl] for cell 'design_1_i/axi_dma_0/U0/I_PRMRY_DATAMOVER/GEN_MM2S_FULL.I_MM2S_FULL_WRAPPER/GEN_INCLUDE_MM2S_SF.I_RD_SF/I_DATA_FIFO/BLK_MEM.I_SYNC_FIFOGEN_FIFO/xpm_fifo_instance.xpm_fifo_sync_inst'
Finished Sourcing Tcl File [C:/Xilinx/Vivado/2020.1/data/ip/xpm/xpm_fifo/tcl/xpm_fifo_rst.tcl] for cell 'design_1_i/axi_dma_0/U0/I_PRMRY_DATAMOVER/GEN_MM2S_FULL.I_MM2S_FULL_WRAPPER/GEN_INCLUDE_MM2S_SF.I_RD_SF/I_DATA_FIFO/BLK_MEM.I_SYNC_FIFOGEN_FIFO/xpm_fifo_instance.xpm_fifo_sync_inst'
Sourcing Tcl File [C:/Xilinx/Vivado/2020.1/data/ip/xpm/xpm_fifo/tcl/xpm_fifo_rst.tcl] for cell 'design_1_i/axi_dma_0/U0/I_PRMRY_DATAMOVER/GEN_S2MM_FULL.I_S2MM_FULL_WRAPPER/GEN_ENABLE_INDET_BTT_SF.I_INDET_BTT/I_XD_FIFO/NON_BLK_MEM.I_SYNC_FIFOGEN_FIFO/xpm_fifo_instance.xpm_fifo_sync_inst'
Finished Sourcing Tcl File [C:/Xilinx/Vivado/2020.1/data/ip/xpm/xpm_fifo/tcl/xpm_fifo_rst.tcl] for cell 'design_1_i/axi_dma_0/U0/I_PRMRY_DATAMOVER/GEN_S2MM_FULL.I_S2MM_FULL_WRAPPER/GEN_ENABLE_INDET_BTT_SF.I_INDET_BTT/I_XD_FIFO/NON_BLK_MEM.I_SYNC_FIFOGEN_FIFO/xpm_fifo_instance.xpm_fifo_sync_inst'
Sourcing Tcl File [C:/Xilinx/Vivado/2020.1/data/ip/xpm/xpm_fifo/tcl/xpm_fifo_rst.tcl] for cell 'design_1_i/axi_dma_0/U0/I_PRMRY_DATAMOVER/GEN_S2MM_FULL.I_S2MM_FULL_WRAPPER/GEN_ENABLE_INDET_BTT_SF.I_INDET_BTT/I_DATA_FIFO/BLK_MEM.I_SYNC_FIFOGEN_FIFO/xpm_fifo_instance.xpm_fifo_sync_inst'
Finished Sourcing Tcl File [C:/Xilinx/Vivado/2020.1/data/ip/xpm/xpm_fifo/tcl/xpm_fifo_rst.tcl] for cell 'design_1_i/axi_dma_0/U0/I_PRMRY_DATAMOVER/GEN_S2MM_FULL.I_S2MM_FULL_WRAPPER/GEN_ENABLE_INDET_BTT_SF.I_INDET_BTT/I_DATA_FIFO/BLK_MEM.I_SYNC_FIFOGEN_FIFO/xpm_fifo_instance.xpm_fifo_sync_inst'
INFO: [Project 1-236] Implementation specific constraints were found while reading constraint file [C:/Xilinx/Vivado/2020.1/data/ip/xpm/xpm_fifo/tcl/xpm_fifo_rst.tcl]. These constraints will be ignored for synthesis but will be used in implementation. Impacted constraints are listed in the file [.Xil/design_1_wrapper_propImpl.xdc].
Resolution: To avoid this warning, move constraints listed in [.Xil/design_1_wrapper_propImpl.xdc] to another XDC file and exclude this new file from synthesis with the used_in_synthesis property (File Properties dialog in GUI) and re-run elaboration/synthesis.
Sourcing Tcl File [C:/Xilinx/Vivado/2020.1/data/ip/xpm/xpm_memory/tcl/xpm_memory_xdc.tcl] for cell 'design_1_i/smartconnect_0/inst/s00_nodes/s00_aw_node/inst/inst_mi_handler/gen_normal_area.inst_fifo_node_payld/gen_xpm_memory_fifo.inst_fifo/gen_mem_rep[0].inst_xpm_memory'
WARNING: [Vivado 12-180] No cells matched 'get_cells -hier -filter {PRIMITIVE_SUBGROUP==LUTRAM || PRIMITIVE_SUBGROUP==dram || PRIMITIVE_SUBGROUP==uram || PRIMITIVE_SUBGROUP==BRAM}'. [C:/Xilinx/Vivado/2020.1/data/ip/xpm/xpm_memory/tcl/xpm_memory_xdc.tcl:3]
Finished Sourcing Tcl File [C:/Xilinx/Vivado/2020.1/data/ip/xpm/xpm_memory/tcl/xpm_memory_xdc.tcl] for cell 'design_1_i/smartconnect_0/inst/s00_nodes/s00_aw_node/inst/inst_mi_handler/gen_normal_area.inst_fifo_node_payld/gen_xpm_memory_fifo.inst_fifo/gen_mem_rep[0].inst_xpm_memory'
Sourcing Tcl File [C:/Xilinx/Vivado/2020.1/data/ip/xpm/xpm_memory/tcl/xpm_memory_xdc.tcl] for cell 'design_1_i/smartconnect_0/inst/s00_nodes/s00_b_node/inst/inst_mi_handler/gen_normal_area.inst_fifo_node_payld/gen_xpm_memory_fifo.inst_fifo/gen_mem_rep[0].inst_xpm_memory'
WARNING: [Vivado 12-180] No cells matched 'get_cells -hier -filter {PRIMITIVE_SUBGROUP==LUTRAM || PRIMITIVE_SUBGROUP==dram || PRIMITIVE_SUBGROUP==uram || PRIMITIVE_SUBGROUP==BRAM}'. [C:/Xilinx/Vivado/2020.1/data/ip/xpm/xpm_memory/tcl/xpm_memory_xdc.tcl:3]
Finished Sourcing Tcl File [C:/Xilinx/Vivado/2020.1/data/ip/xpm/xpm_memory/tcl/xpm_memory_xdc.tcl] for cell 'design_1_i/smartconnect_0/inst/s00_nodes/s00_b_node/inst/inst_mi_handler/gen_normal_area.inst_fifo_node_payld/gen_xpm_memory_fifo.inst_fifo/gen_mem_rep[0].inst_xpm_memory'
Sourcing Tcl File [C:/Xilinx/Vivado/2020.1/data/ip/xpm/xpm_memory/tcl/xpm_memory_xdc.tcl] for cell 'design_1_i/smartconnect_0/inst/s00_nodes/s00_w_node/inst/inst_mi_handler/gen_normal_area.inst_fifo_node_payld/gen_xpm_memory_fifo.inst_fifo/gen_mem_rep[0].inst_xpm_memory'
WARNING: [Vivado 12-180] No cells matched 'get_cells -hier -filter {PRIMITIVE_SUBGROUP==LUTRAM || PRIMITIVE_SUBGROUP==dram || PRIMITIVE_SUBGROUP==uram || PRIMITIVE_SUBGROUP==BRAM}'. [C:/Xilinx/Vivado/2020.1/data/ip/xpm/xpm_memory/tcl/xpm_memory_xdc.tcl:3]
Finished Sourcing Tcl File [C:/Xilinx/Vivado/2020.1/data/ip/xpm/xpm_memory/tcl/xpm_memory_xdc.tcl] for cell 'design_1_i/smartconnect_0/inst/s00_nodes/s00_w_node/inst/inst_mi_handler/gen_normal_area.inst_fifo_node_payld/gen_xpm_memory_fifo.inst_fifo/gen_mem_rep[0].inst_xpm_memory'
INFO: [Project 1-236] Implementation specific constraints were found while reading constraint file [C:/Xilinx/Vivado/2020.1/data/ip/xpm/xpm_memory/tcl/xpm_memory_xdc.tcl]. These constraints will be ignored for synthesis but will be used in implementation. Impacted constraints are listed in the file [.Xil/design_1_wrapper_propImpl.xdc].
Resolution: To avoid this warning, move constraints listed in [.Xil/design_1_wrapper_propImpl.xdc] to another XDC file and exclude this new file from synthesis with the used_in_synthesis property (File Properties dialog in GUI) and re-run elaboration/synthesis.
Sourcing Tcl File [C:/Xilinx/Vivado/2020.1/data/ip/xpm/xpm_memory/tcl/xpm_memory_xdc.tcl] for cell 'design_1_i/axis_nn_0/inst/nn_0/xpm_memory_tdpram_wb'
WARNING: [Vivado 12-180] No cells matched 'get_cells -hier -filter {PRIMITIVE_SUBGROUP==LUTRAM || PRIMITIVE_SUBGROUP==dram || PRIMITIVE_SUBGROUP==uram || PRIMITIVE_SUBGROUP==BRAM}'. [C:/Xilinx/Vivado/2020.1/data/ip/xpm/xpm_memory/tcl/xpm_memory_xdc.tcl:3]
Finished Sourcing Tcl File [C:/Xilinx/Vivado/2020.1/data/ip/xpm/xpm_memory/tcl/xpm_memory_xdc.tcl] for cell 'design_1_i/axis_nn_0/inst/nn_0/xpm_memory_tdpram_wb'
Sourcing Tcl File [C:/Xilinx/Vivado/2020.1/data/ip/xpm/xpm_memory/tcl/xpm_memory_xdc.tcl] for cell 'design_1_i/axis_nn_0/inst/nn_0/xpm_memory_tdpram_a'
WARNING: [Vivado 12-180] No cells matched 'get_cells -hier -filter {PRIMITIVE_SUBGROUP==LUTRAM || PRIMITIVE_SUBGROUP==dram || PRIMITIVE_SUBGROUP==uram || PRIMITIVE_SUBGROUP==BRAM}'. [C:/Xilinx/Vivado/2020.1/data/ip/xpm/xpm_memory/tcl/xpm_memory_xdc.tcl:3]
Finished Sourcing Tcl File [C:/Xilinx/Vivado/2020.1/data/ip/xpm/xpm_memory/tcl/xpm_memory_xdc.tcl] for cell 'design_1_i/axis_nn_0/inst/nn_0/xpm_memory_tdpram_a'
Sourcing Tcl File [C:/Xilinx/Vivado/2020.1/data/ip/xpm/xpm_memory/tcl/xpm_memory_xdc.tcl] for cell 'design_1_i/axis_nn_0/inst/nn_0/xpm_memory_tdpram_k'
WARNING: [Vivado 12-180] No cells matched 'get_cells -hier -filter {PRIMITIVE_SUBGROUP==LUTRAM || PRIMITIVE_SUBGROUP==dram || PRIMITIVE_SUBGROUP==uram || PRIMITIVE_SUBGROUP==BRAM}'. [C:/Xilinx/Vivado/2020.1/data/ip/xpm/xpm_memory/tcl/xpm_memory_xdc.tcl:3]
Finished Sourcing Tcl File [C:/Xilinx/Vivado/2020.1/data/ip/xpm/xpm_memory/tcl/xpm_memory_xdc.tcl] for cell 'design_1_i/axis_nn_0/inst/nn_0/xpm_memory_tdpram_k'
INFO: [Project 1-236] Implementation specific constraints were found while reading constraint file [C:/Xilinx/Vivado/2020.1/data/ip/xpm/xpm_memory/tcl/xpm_memory_xdc.tcl]. These constraints will be ignored for synthesis but will be used in implementation. Impacted constraints are listed in the file [.Xil/design_1_wrapper_propImpl.xdc].
Resolution: To avoid this warning, move constraints listed in [.Xil/design_1_wrapper_propImpl.xdc] to another XDC file and exclude this new file from synthesis with the used_in_synthesis property (File Properties dialog in GUI) and re-run elaboration/synthesis.
Completed Processing XDC Constraints

Netlist sorting complete. Time (s): cpu = 00:00:00 ; elapsed = 00:00:00.021 . Memory (MB): peak = 1711.867 ; gain = 0.000
INFO: [Project 1-111] Unisim Transformation Summary:
  A total of 38 instances were transformed.
  FDR => FDRE: 36 instances
  SRL16 => SRL16E: 2 instances

Constraint Validation Runtime : Time (s): cpu = 00:00:01 ; elapsed = 00:00:00.596 . Memory (MB): peak = 1711.867 ; gain = 0.000
---------------------------------------------------------------------------------
Finished Constraint Validation : Time (s): cpu = 00:01:44 ; elapsed = 00:02:09 . Memory (MB): peak = 1711.867 ; gain = 651.043
---------------------------------------------------------------------------------
---------------------------------------------------------------------------------
Start Loading Part and Timing Information
---------------------------------------------------------------------------------
Loading part: xc7z020clg484-1
---------------------------------------------------------------------------------
Finished Loading Part and Timing Information : Time (s): cpu = 00:01:44 ; elapsed = 00:02:09 . Memory (MB): peak = 1711.867 ; gain = 651.043
---------------------------------------------------------------------------------
---------------------------------------------------------------------------------
Start Applying 'set_property' XDC Constraints
---------------------------------------------------------------------------------
Applied set_property DONT_TOUCH = true for design_1_i/processing_system7_0/inst. (constraint file  C:/projects/NN_copy/NN_copy.runs/synth_1/dont_touch.xdc, line 73).
Applied set_property DONT_TOUCH = true for design_1_i/axi_dma_0/U0. (constraint file  C:/projects/NN_copy/NN_copy.runs/synth_1/dont_touch.xdc, line 76).
Applied set_property DONT_TOUCH = true for design_1_i/proc_sys_reset_0/U0. (constraint file  C:/projects/NN_copy/NN_copy.runs/synth_1/dont_touch.xdc, line 82).
Applied set_property DONT_TOUCH = true for design_1_i. (constraint file  auto generated constraint, line ).
Applied set_property DONT_TOUCH = true for design_1_i/axis_nn_0. (constraint file  auto generated constraint, line ).
Applied set_property DONT_TOUCH = true for design_1_i/processing_system7_0. (constraint file  auto generated constraint, line ).
Applied set_property DONT_TOUCH = true for design_1_i/axi_interconnect_0. (constraint file  auto generated constraint, line ).
Applied set_property DONT_TOUCH = true for design_1_i/axi_interconnect_1. (constraint file  auto generated constraint, line ).
Applied set_property DONT_TOUCH = true for design_1_i/axi_dma_0. (constraint file  auto generated constraint, line ).
Applied set_property DONT_TOUCH = true for design_1_i/proc_sys_reset_0. (constraint file  auto generated constraint, line ).
Applied set_property DONT_TOUCH = true for design_1_i/axi_interconnect_0/s00_couplers/auto_pc. (constraint file  auto generated constraint, line ).
Applied set_property DONT_TOUCH = true for design_1_i/axi_interconnect_1/s00_couplers/auto_pc. (constraint file  auto generated constraint, line ).
Applied set_property DONT_TOUCH = true for design_1_i/smartconnect_0. (constraint file  auto generated constraint, line ).
Applied set_property DONT_TOUCH = true for design_1_i/axi_interconnect_1/s00_couplers/auto_pc/inst/\gen_axi4_axi3.axi3_conv_inst /\USE_READ.USE_SPLIT_R.read_addr_inst /\USE_R_CHANNEL.cmd_queue /inst/fifo_gen_inst/inst_fifo_gen/\gconvfifo.rf /\grf.rf /rstblk/\ngwrdrst.grst.g7serrst.gnsckt_wrst.rst_wr_reg2_inst . (constraint file  auto generated constraint, line ).
Applied set_property DONT_TOUCH = true for design_1_i/axis_nn_0/inst/xpm_fifo_axis_0/\gaxis_rst_sync.xpm_cdc_sync_rst_inst . (constraint file  auto generated constraint, line ).
Applied set_property DONT_TOUCH = true for design_1_i/axis_nn_0/inst/xpm_fifo_axis_1/\gaxis_rst_sync.xpm_cdc_sync_rst_inst . (constraint file  auto generated constraint, line ).
Applied set_property DONT_TOUCH = true for design_1_i/axis_nn_0/inst/xpm_fifo_axis_0. (constraint file  auto generated constraint, line ).
Applied set_property DONT_TOUCH = true for design_1_i/axis_nn_0/inst/xpm_fifo_axis_1. (constraint file  auto generated constraint, line ).
Applied set_property DONT_TOUCH = true for design_1_i/axi_dma_0/U0/I_PRMRY_DATAMOVER/\GEN_MM2S_FULL.I_MM2S_FULL_WRAPPER /\GEN_INCLUDE_MM2S_SF.I_RD_SF /I_DATA_FIFO/\BLK_MEM.I_SYNC_FIFOGEN_FIFO /\xpm_fifo_instance.xpm_fifo_sync_inst . (constraint file  auto generated constraint, line ).
Applied set_property DONT_TOUCH = true for design_1_i/axi_dma_0/U0/I_PRMRY_DATAMOVER/\GEN_S2MM_FULL.I_S2MM_FULL_WRAPPER /\GEN_ENABLE_INDET_BTT_SF.I_INDET_BTT /I_DATA_FIFO/\BLK_MEM.I_SYNC_FIFOGEN_FIFO /\xpm_fifo_instance.xpm_fifo_sync_inst . (constraint file  auto generated constraint, line ).
Applied set_property DONT_TOUCH = true for design_1_i/axi_dma_0/U0/I_PRMRY_DATAMOVER/\GEN_S2MM_FULL.I_S2MM_FULL_WRAPPER /\GEN_ENABLE_INDET_BTT_SF.I_INDET_BTT /I_XD_FIFO/\NON_BLK_MEM.I_SYNC_FIFOGEN_FIFO /\xpm_fifo_instance.xpm_fifo_sync_inst . (constraint file  auto generated constraint, line ).
Applied set_property DONT_TOUCH = true for design_1_i/smartconnect_0/inst/s00_nodes/s00_aw_node/inst/inst_mi_handler/\gen_normal_area.inst_fifo_node_payld /\gen_xpm_memory_fifo.inst_fifo /\gen_mem_rep[0].inst_xpm_memory . (constraint file  auto generated constraint, line ).
Applied set_property DONT_TOUCH = true for design_1_i/smartconnect_0/inst/s00_nodes/s00_b_node/inst/inst_mi_handler/\gen_normal_area.inst_fifo_node_payld /\gen_xpm_memory_fifo.inst_fifo /\gen_mem_rep[0].inst_xpm_memory . (constraint file  auto generated constraint, line ).
Applied set_property DONT_TOUCH = true for design_1_i/smartconnect_0/inst/s00_nodes/s00_w_node/inst/inst_mi_handler/\gen_normal_area.inst_fifo_node_payld /\gen_xpm_memory_fifo.inst_fifo /\gen_mem_rep[0].inst_xpm_memory . (constraint file  auto generated constraint, line ).
Applied set_property DONT_TOUCH = true for design_1_i/axis_nn_0/inst/nn_0/xpm_memory_tdpram_wb. (constraint file  auto generated constraint, line ).
Applied set_property DONT_TOUCH = true for design_1_i/axis_nn_0/inst/nn_0/xpm_memory_tdpram_a. (constraint file  auto generated constraint, line ).
Applied set_property DONT_TOUCH = true for design_1_i/axis_nn_0/inst/nn_0/xpm_memory_tdpram_k. (constraint file  auto generated constraint, line ).
---------------------------------------------------------------------------------
Finished applying 'set_property' XDC Constraints : Time (s): cpu = 00:01:45 ; elapsed = 00:02:11 . Memory (MB): peak = 1711.867 ; gain = 651.043
---------------------------------------------------------------------------------
INFO: [Synth 8-802] inferred FSM for state register 'smpl_cs_reg' in module 'axi_dma_smple_sm'
INFO: [Synth 8-802] inferred FSM for state register 'sig_pcc_sm_state_reg' in module 'axi_datamover_pcc'
INFO: [Synth 8-802] inferred FSM for state register 'gen_fwft.curr_fwft_state_reg' in module 'xpm_fifo_base'
INFO: [Synth 8-802] inferred FSM for state register 'sig_psm_state_reg' in module 'axi_datamover_ibttcc'
INFO: [Synth 8-802] inferred FSM for state register 'sig_csm_state_reg' in module 'axi_datamover_ibttcc'
INFO: [Synth 8-802] inferred FSM for state register 'sig_cmdcntl_sm_state_reg' in module 'axi_datamover_s2mm_realign'
INFO: [Synth 8-802] inferred FSM for state register 'gen_fwft.curr_fwft_state_reg' in module 'xpm_fifo_base__parameterized0'
INFO: [Synth 8-802] inferred FSM for state register 'gen_fwft.curr_fwft_state_reg' in module 'xpm_fifo_base__parameterized1'
INFO: [Synth 8-802] inferred FSM for state register 'state_reg' in module 'axi_protocol_converter_v2_1_21_b2s_wr_cmd_fsm'
INFO: [Synth 8-802] inferred FSM for state register 'state_reg' in module 'axi_protocol_converter_v2_1_21_b2s_rd_cmd_fsm'
INFO: [Synth 8-802] inferred FSM for state register 'gen_fwft.curr_fwft_state_reg' in module 'xpm_fifo_base__parameterized2'
INFO: [Synth 8-802] inferred FSM for state register 'state_reg_reg' in module 'axis_nn'
INFO: [Synth 8-4490] FSM extraction disabled for register 'gen_pipelined.state_reg' through user attribute
INFO: [Synth 8-4490] FSM extraction disabled for register 'gen_pipelined.state_reg' through user attribute
INFO: [Synth 8-4490] FSM extraction disabled for register 'gen_pipelined.state_reg' through user attribute
INFO: [Synth 8-4490] FSM extraction disabled for register 'gen_pipelined.state_reg' through user attribute
INFO: [Synth 8-4490] FSM extraction disabled for register 'gen_pipelined.state_reg' through user attribute
INFO: [Synth 8-4490] FSM extraction disabled for register 'gen_pipelined.state_reg' through user attribute
---------------------------------------------------------------------------------------------------
                   State |                     New Encoding |                Previous Encoding 
---------------------------------------------------------------------------------------------------
                    idle |                               00 |                               00
            execute_xfer |                               01 |                               01
             wait_status |                               10 |                               10
---------------------------------------------------------------------------------------------------
INFO: [Synth 8-3354] encoded FSM with state register 'smpl_cs_reg' using encoding 'sequential' in module 'axi_dma_smple_sm'
---------------------------------------------------------------------------------------------------
                   State |                     New Encoding |                Previous Encoding 
---------------------------------------------------------------------------------------------------
                    init |                         00000001 |                              000
            wait_for_cmd |                         00000010 |                              001
                  calc_1 |                         00000100 |                              010
                  calc_2 |                         00001000 |                              011
                  calc_3 |                         00010000 |                              100
       wait_on_xfer_push |                         00100000 |                              101
             chk_if_done |                         01000000 |                              110
              error_trap |                         10000000 |                              111
---------------------------------------------------------------------------------------------------
INFO: [Synth 8-3354] encoded FSM with state register 'sig_pcc_sm_state_reg' using encoding 'one-hot' in module 'axi_datamover_pcc'
INFO: [Synth 8-5775] Found 'rw_addr_collision' attribute set to 'no' on SDP RAM gen_wr_a.gen_word_narrow.mem_reg. Setting write mode to NO_CHANGE 
---------------------------------------------------------------------------------------------------
                   State |                     New Encoding |                Previous Encoding 
---------------------------------------------------------------------------------------------------
                 invalid |                               00 |                               00
            stage1_valid |                               01 |                               10
       both_stages_valid |                               10 |                               11
            stage2_valid |                               11 |                               01
---------------------------------------------------------------------------------------------------
INFO: [Synth 8-3354] encoded FSM with state register 'gen_fwft.curr_fwft_state_reg' using encoding 'sequential' in module 'xpm_fifo_base'
---------------------------------------------------------------------------------------------------
                   State |                     New Encoding |                Previous Encoding 
---------------------------------------------------------------------------------------------------
                 ch_init |                          0000001 |                              000
           wait_for_pcmd |                          0000010 |                              001
          ch_error_trap1 |                          0000100 |                              101
          ch_error_trap2 |                          0001000 |                              110
      ch_wait_for_sf_cmd |                          0010000 |                              010
         ch_ld_child_cmd |                          0100000 |                              011
          ch_chk_if_done |                          1000000 |                              100
---------------------------------------------------------------------------------------------------
INFO: [Synth 8-3354] encoded FSM with state register 'sig_csm_state_reg' using encoding 'one-hot' in module 'axi_datamover_ibttcc'
---------------------------------------------------------------------------------------------------
                   State |                     New Encoding |                Previous Encoding 
---------------------------------------------------------------------------------------------------
                  p_init |                              000 |                              000
          p_wait_for_cmd |                              001 |                              001
          p_ld_first_cmd |                              010 |                              010
          p_ld_child_cmd |                              011 |                              011
            p_error_trap |                              100 |                              111
           p_ld_last_cmd |                              101 |                              100
---------------------------------------------------------------------------------------------------
INFO: [Synth 8-3354] encoded FSM with state register 'sig_psm_state_reg' using encoding 'sequential' in module 'axi_datamover_ibttcc'
---------------------------------------------------------------------------------------------------
                   State |                     New Encoding |                Previous Encoding 
---------------------------------------------------------------------------------------------------
                    init |                              000 |                              000
    ld_dre_scatter_first |                              001 |                              001
           chk_pop_first |                              010 |                              010
   ld_dre_scatter_second |                              011 |                              011
              error_trap |                              100 |                              101
          chk_pop_second |                              101 |                              100
---------------------------------------------------------------------------------------------------
INFO: [Synth 8-3354] encoded FSM with state register 'sig_cmdcntl_sm_state_reg' using encoding 'sequential' in module 'axi_datamover_s2mm_realign'
---------------------------------------------------------------------------------------------------
                   State |                     New Encoding |                Previous Encoding 
---------------------------------------------------------------------------------------------------
                 invalid |                               00 |                               00
            stage1_valid |                               01 |                               10
       both_stages_valid |                               10 |                               11
            stage2_valid |                               11 |                               01
---------------------------------------------------------------------------------------------------
INFO: [Synth 8-3354] encoded FSM with state register 'gen_fwft.curr_fwft_state_reg' using encoding 'sequential' in module 'xpm_fifo_base__parameterized0'
INFO: [Synth 8-5775] Found 'rw_addr_collision' attribute set to 'no' on SDP RAM gen_wr_a.gen_word_narrow.mem_reg. Setting write mode to NO_CHANGE 
---------------------------------------------------------------------------------------------------
                   State |                     New Encoding |                Previous Encoding 
---------------------------------------------------------------------------------------------------
                 invalid |                               00 |                               00
            stage1_valid |                               01 |                               10
       both_stages_valid |                               10 |                               11
            stage2_valid |                               11 |                               01
---------------------------------------------------------------------------------------------------
INFO: [Synth 8-3354] encoded FSM with state register 'gen_fwft.curr_fwft_state_reg' using encoding 'sequential' in module 'xpm_fifo_base__parameterized1'
---------------------------------------------------------------------------------------------------
                   State |                     New Encoding |                Previous Encoding 
---------------------------------------------------------------------------------------------------
                 SM_IDLE |                               01 |                               00
               SM_CMD_EN |                               11 |                               01
         SM_CMD_ACCEPTED |                               10 |                               10
            SM_DONE_WAIT |                               00 |                               11
---------------------------------------------------------------------------------------------------
INFO: [Synth 8-3354] encoded FSM with state register 'state_reg' using encoding 'sequential' in module 'axi_protocol_converter_v2_1_21_b2s_wr_cmd_fsm'
---------------------------------------------------------------------------------------------------
                   State |                     New Encoding |                Previous Encoding 
---------------------------------------------------------------------------------------------------
                 SM_IDLE |                               01 |                               00
               SM_CMD_EN |                               11 |                               01
         SM_CMD_ACCEPTED |                               10 |                               10
                 SM_DONE |                               00 |                               11
---------------------------------------------------------------------------------------------------
INFO: [Synth 8-3354] encoded FSM with state register 'state_reg' using encoding 'sequential' in module 'axi_protocol_converter_v2_1_21_b2s_rd_cmd_fsm'
---------------------------------------------------------------------------------------------------
                   State |                     New Encoding |                Previous Encoding 
---------------------------------------------------------------------------------------------------
                 invalid |                               00 |                               00
            stage1_valid |                               01 |                               10
       both_stages_valid |                               10 |                               11
            stage2_valid |                               11 |                               01
---------------------------------------------------------------------------------------------------
INFO: [Synth 8-3354] encoded FSM with state register 'gen_fwft.curr_fwft_state_reg' using encoding 'sequential' in module 'xpm_fifo_base__parameterized2'
INFO: [Synth 8-3971] The signal "xpm_memory_base__parameterized3:/gen_wr_b.gen_byte_narrow.for_mem_cols[1].mem_reg" was recognized as a true dual port RAM template.
INFO: [Synth 8-3971] The signal "xpm_memory_base__parameterized4:/gen_wr_b.gen_byte_narrow.for_mem_cols[1].mem_reg" was recognized as a true dual port RAM template.
---------------------------------------------------------------------------------------------------
                   State |                     New Encoding |                Previous Encoding 
---------------------------------------------------------------------------------------------------
                  iSTATE |                           000001 |                              000
                 iSTATE0 |                           000010 |                              001
                 iSTATE1 |                           000100 |                              010
                 iSTATE2 |                           001000 |                              011
                 iSTATE3 |                           010000 |                              100
                 iSTATE4 |                           100000 |                              101
---------------------------------------------------------------------------------------------------
INFO: [Synth 8-3354] encoded FSM with state register 'state_reg_reg' using encoding 'one-hot' in module 'axis_nn'
---------------------------------------------------------------------------------
Finished RTL Optimization Phase 2 : Time (s): cpu = 00:02:04 ; elapsed = 00:02:32 . Memory (MB): peak = 1711.867 ; gain = 651.043
---------------------------------------------------------------------------------
---------------------------------------------------------------------------------
Start RTL Component Statistics 
---------------------------------------------------------------------------------
Detailed RTL Component Info : 
+---Adders : 
	   2 Input   32 Bit       Adders := 3     
	   3 Input   26 Bit       Adders := 1     
	   2 Input   16 Bit       Adders := 19    
	   2 Input   12 Bit       Adders := 8     
	   2 Input    9 Bit       Adders := 2     
	   4 Input    9 Bit       Adders := 6     
	   2 Input    8 Bit       Adders := 16    
	   4 Input    8 Bit       Adders := 14    
	   3 Input    8 Bit       Adders := 2     
	   2 Input    7 Bit       Adders := 3     
	   4 Input    7 Bit       Adders := 10    
	   3 Input    7 Bit       Adders := 2     
	   2 Input    6 Bit       Adders := 22    
	   2 Input    5 Bit       Adders := 15    
	   3 Input    5 Bit       Adders := 1     
	   4 Input    5 Bit       Adders := 4     
	   3 Input    4 Bit       Adders := 6     
	   2 Input    4 Bit       Adders := 25    
	   4 Input    4 Bit       Adders := 5     
	   2 Input    3 Bit       Adders := 7     
	   3 Input    3 Bit       Adders := 6     
	   4 Input    2 Bit       Adders := 5     
	   2 Input    2 Bit       Adders := 2     
	   3 Input    1 Bit       Adders := 1     
+---XORs : 
	   2 Input      1 Bit         XORs := 41    
+---Registers : 
	             2178 Bit    Registers := 3     
	              512 Bit    Registers := 2     
	              156 Bit    Registers := 1     
	              153 Bit    Registers := 2     
	              106 Bit    Registers := 1     
	               84 Bit    Registers := 4     
	               75 Bit    Registers := 2     
	               74 Bit    Registers := 2     
	               72 Bit    Registers := 2     
	               71 Bit    Registers := 2     
	               66 Bit    Registers := 4     
	               64 Bit    Registers := 12    
	               47 Bit    Registers := 3     
	               35 Bit    Registers := 1     
	               33 Bit    Registers := 1     
	               32 Bit    Registers := 13    
	               26 Bit    Registers := 12    
	               23 Bit    Registers := 3     
	               16 Bit    Registers := 85    
	               14 Bit    Registers := 4     
	               12 Bit    Registers := 10    
	               10 Bit    Registers := 5     
	                9 Bit    Registers := 12    
	                8 Bit    Registers := 100   
	                7 Bit    Registers := 16    
	                6 Bit    Registers := 15    
	                5 Bit    Registers := 19    
	                4 Bit    Registers := 69    
	                3 Bit    Registers := 42    
	                2 Bit    Registers := 27    
	                1 Bit    Registers := 700   
+---RAMs : 
	              21K Bit	(256 X 84 bit)          RAMs := 2     
	               9K Bit	(128 X 75 bit)          RAMs := 1     
	               9K Bit	(128 X 74 bit)          RAMs := 1     
	              512 Bit	(8 X 64 bit)          RAMs := 1     
	              256 Bit	(4 X 64 bit)          RAMs := 2     
	              160 Bit	(16 X 10 bit)          RAMs := 1     
+---Muxes : 
	   2 Input 2178 Bit        Muxes := 3     
	   2 Input  512 Bit        Muxes := 2     
	   2 Input  153 Bit        Muxes := 2     
	   2 Input   72 Bit        Muxes := 1     
	   2 Input   66 Bit        Muxes := 4     
	   2 Input   64 Bit        Muxes := 57    
	   2 Input   47 Bit        Muxes := 3     
	   2 Input   33 Bit        Muxes := 1     
	   2 Input   32 Bit        Muxes := 19    
	   8 Input   32 Bit        Muxes := 1     
	   2 Input   26 Bit        Muxes := 7     
	   4 Input   26 Bit        Muxes := 2     
	   3 Input   26 Bit        Muxes := 1     
	   2 Input   23 Bit        Muxes := 3     
	   2 Input   16 Bit        Muxes := 37    
	   3 Input   16 Bit        Muxes := 1     
	   2 Input   14 Bit        Muxes := 3     
	   2 Input   12 Bit        Muxes := 6     
	   8 Input   12 Bit        Muxes := 1     
	   2 Input   11 Bit        Muxes := 4     
	   2 Input    9 Bit        Muxes := 6     
	   2 Input    8 Bit        Muxes := 104   
	   8 Input    8 Bit        Muxes := 9     
	   3 Input    8 Bit        Muxes := 5     
	   2 Input    7 Bit        Muxes := 22    
	   7 Input    7 Bit        Muxes := 1     
	   4 Input    7 Bit        Muxes := 4     
	   2 Input    6 Bit        Muxes := 5     
	   2 Input    5 Bit        Muxes := 7     
	   2 Input    4 Bit        Muxes := 33    
	   3 Input    4 Bit        Muxes := 2     
	   9 Input    4 Bit        Muxes := 3     
	   2 Input    3 Bit        Muxes := 29    
	   6 Input    3 Bit        Muxes := 4     
	   4 Input    3 Bit        Muxes := 9     
	  11 Input    3 Bit        Muxes := 8     
	   2 Input    2 Bit        Muxes := 222   
	   3 Input    2 Bit        Muxes := 7     
	   4 Input    2 Bit        Muxes := 39    
	   5 Input    2 Bit        Muxes := 1     
	   2 Input    1 Bit        Muxes := 336   
	   3 Input    1 Bit        Muxes := 17    
	   8 Input    1 Bit        Muxes := 3     
	   4 Input    1 Bit        Muxes := 14    
	   7 Input    1 Bit        Muxes := 3     
	   6 Input    1 Bit        Muxes := 51    
	  12 Input    1 Bit        Muxes := 8     
	   5 Input    1 Bit        Muxes := 15    
---------------------------------------------------------------------------------
Finished RTL Component Statistics 
---------------------------------------------------------------------------------
---------------------------------------------------------------------------------
Start Part Resource Summary
---------------------------------------------------------------------------------
Part Resources:
DSPs: 220 (col length:60)
BRAMs: 280 (col length: RAMB18 60 RAMB36 30)
---------------------------------------------------------------------------------
Finished Part Resource Summary
---------------------------------------------------------------------------------
---------------------------------------------------------------------------------
Start Cross Boundary and Area Optimization
---------------------------------------------------------------------------------
DSP Report: Generating DSP inst/nn_0/dut/pe30/y_out_i, operation Mode is: A2*B2.
DSP Report: register inst/nn_0/reg_b30/q_reg is absorbed into DSP inst/nn_0/dut/pe30/y_out_i.
DSP Report: register inst/nn_0/dut/reg_a3_3/q_reg is absorbed into DSP inst/nn_0/dut/pe30/y_out_i.
DSP Report: operator inst/nn_0/dut/pe30/y_out_i is absorbed into DSP inst/nn_0/dut/pe30/y_out_i.
Why this net has no driver: _order_recur <const0>
DSP Report: Generating DSP inst/nn_0/dut/pe20/y_out_i, operation Mode is: A2*B2.
DSP Report: register inst/nn_0/reg_b20/q_reg is absorbed into DSP inst/nn_0/dut/pe20/y_out_i.
DSP Report: register inst/nn_0/dut/reg_a2_2/q_reg is absorbed into DSP inst/nn_0/dut/pe20/y_out_i.
DSP Report: operator inst/nn_0/dut/pe20/y_out_i is absorbed into DSP inst/nn_0/dut/pe20/y_out_i.
DSP Report: Generating DSP inst/nn_0/dut/pe10/y_out_i, operation Mode is: A2*B2.
DSP Report: register inst/nn_0/reg_b10/q_reg is absorbed into DSP inst/nn_0/dut/pe10/y_out_i.
DSP Report: register inst/nn_0/dut/reg_a1_1/q_reg is absorbed into DSP inst/nn_0/dut/pe10/y_out_i.
DSP Report: operator inst/nn_0/dut/pe10/y_out_i is absorbed into DSP inst/nn_0/dut/pe10/y_out_i.
DSP Report: Generating DSP inst/nn_0/dut/pe00/y_out_i, operation Mode is: A2*B2.
DSP Report: register inst/nn_0/reg_b00/q_reg is absorbed into DSP inst/nn_0/dut/pe00/y_out_i.
DSP Report: register inst/nn_0/dut/reg_a0_0/q_reg is absorbed into DSP inst/nn_0/dut/pe00/y_out_i.
DSP Report: operator inst/nn_0/dut/pe00/y_out_i is absorbed into DSP inst/nn_0/dut/pe00/y_out_i.
DSP Report: Generating DSP inst/nn_0/dut/pe31/y_out_i, operation Mode is: ACIN2*B2.
DSP Report: register inst/nn_0/reg_b31/q_reg is absorbed into DSP inst/nn_0/dut/pe31/y_out_i.
DSP Report: register inst/nn_0/dut/reg_a30/q_reg is absorbed into DSP inst/nn_0/dut/pe31/y_out_i.
DSP Report: operator inst/nn_0/dut/pe31/y_out_i is absorbed into DSP inst/nn_0/dut/pe31/y_out_i.
DSP Report: Generating DSP inst/nn_0/dut/pe21/y_out_i, operation Mode is: ACIN2*B2.
DSP Report: register inst/nn_0/reg_b21/q_reg is absorbed into DSP inst/nn_0/dut/pe21/y_out_i.
DSP Report: register inst/nn_0/dut/reg_a20/q_reg is absorbed into DSP inst/nn_0/dut/pe21/y_out_i.
DSP Report: operator inst/nn_0/dut/pe21/y_out_i is absorbed into DSP inst/nn_0/dut/pe21/y_out_i.
DSP Report: Generating DSP inst/nn_0/dut/pe11/y_out_i, operation Mode is: A2*B2.
DSP Report: register inst/nn_0/reg_b11/q_reg is absorbed into DSP inst/nn_0/dut/pe11/y_out_i.
DSP Report: register inst/nn_0/dut/reg_a10/q_reg is absorbed into DSP inst/nn_0/dut/pe11/y_out_i.
DSP Report: operator inst/nn_0/dut/pe11/y_out_i is absorbed into DSP inst/nn_0/dut/pe11/y_out_i.
DSP Report: Generating DSP inst/nn_0/dut/pe01/y_out_i, operation Mode is: A2*B2.
DSP Report: register inst/nn_0/reg_b01/q_reg is absorbed into DSP inst/nn_0/dut/pe01/y_out_i.
DSP Report: register inst/nn_0/dut/reg_a00/q_reg is absorbed into DSP inst/nn_0/dut/pe01/y_out_i.
DSP Report: operator inst/nn_0/dut/pe01/y_out_i is absorbed into DSP inst/nn_0/dut/pe01/y_out_i.
DSP Report: Generating DSP inst/nn_0/dut/pe32/y_out_i, operation Mode is: ACIN2*B2.
DSP Report: register inst/nn_0/reg_b32/q_reg is absorbed into DSP inst/nn_0/dut/pe32/y_out_i.
DSP Report: register inst/nn_0/dut/reg_a31/q_reg is absorbed into DSP inst/nn_0/dut/pe32/y_out_i.
DSP Report: operator inst/nn_0/dut/pe32/y_out_i is absorbed into DSP inst/nn_0/dut/pe32/y_out_i.
DSP Report: Generating DSP inst/nn_0/dut/pe22/y_out_i, operation Mode is: ACIN2*B2.
DSP Report: register inst/nn_0/reg_b22/q_reg is absorbed into DSP inst/nn_0/dut/pe22/y_out_i.
DSP Report: register inst/nn_0/dut/reg_a21/q_reg is absorbed into DSP inst/nn_0/dut/pe22/y_out_i.
DSP Report: operator inst/nn_0/dut/pe22/y_out_i is absorbed into DSP inst/nn_0/dut/pe22/y_out_i.
DSP Report: Generating DSP inst/nn_0/dut/pe12/y_out_i, operation Mode is: ACIN2*B2.
DSP Report: register inst/nn_0/reg_b12/q_reg is absorbed into DSP inst/nn_0/dut/pe12/y_out_i.
DSP Report: register inst/nn_0/dut/reg_a11/q_reg is absorbed into DSP inst/nn_0/dut/pe12/y_out_i.
DSP Report: operator inst/nn_0/dut/pe12/y_out_i is absorbed into DSP inst/nn_0/dut/pe12/y_out_i.
DSP Report: Generating DSP inst/nn_0/dut/pe02/y_out_i, operation Mode is: A2*B2.
DSP Report: register inst/nn_0/reg_b02/q_reg is absorbed into DSP inst/nn_0/dut/pe02/y_out_i.
DSP Report: register inst/nn_0/dut/reg_a01/q_reg is absorbed into DSP inst/nn_0/dut/pe02/y_out_i.
DSP Report: operator inst/nn_0/dut/pe02/y_out_i is absorbed into DSP inst/nn_0/dut/pe02/y_out_i.
DSP Report: Generating DSP inst/nn_0/dut/pe33/y_out_i, operation Mode is: ACIN2*B2.
DSP Report: register inst/nn_0/reg_b33/q_reg is absorbed into DSP inst/nn_0/dut/pe33/y_out_i.
DSP Report: register inst/nn_0/dut/reg_a32/q_reg is absorbed into DSP inst/nn_0/dut/pe33/y_out_i.
DSP Report: operator inst/nn_0/dut/pe33/y_out_i is absorbed into DSP inst/nn_0/dut/pe33/y_out_i.
DSP Report: Generating DSP inst/nn_0/dut/pe23/y_out_i, operation Mode is: ACIN2*B2.
DSP Report: register inst/nn_0/reg_b23/q_reg is absorbed into DSP inst/nn_0/dut/pe23/y_out_i.
DSP Report: register inst/nn_0/dut/reg_a22/q_reg is absorbed into DSP inst/nn_0/dut/pe23/y_out_i.
DSP Report: operator inst/nn_0/dut/pe23/y_out_i is absorbed into DSP inst/nn_0/dut/pe23/y_out_i.
DSP Report: Generating DSP inst/nn_0/dut/pe13/y_out_i, operation Mode is: ACIN2*B2.
DSP Report: register inst/nn_0/reg_b13/q_reg is absorbed into DSP inst/nn_0/dut/pe13/y_out_i.
DSP Report: register inst/nn_0/dut/reg_a12/q_reg is absorbed into DSP inst/nn_0/dut/pe13/y_out_i.
DSP Report: operator inst/nn_0/dut/pe13/y_out_i is absorbed into DSP inst/nn_0/dut/pe13/y_out_i.
DSP Report: Generating DSP inst/nn_0/dut/pe03/y_out_i, operation Mode is: ACIN2*B2.
DSP Report: register inst/nn_0/reg_b03/q_reg is absorbed into DSP inst/nn_0/dut/pe03/y_out_i.
DSP Report: register inst/nn_0/dut/reg_a02/q_reg is absorbed into DSP inst/nn_0/dut/pe03/y_out_i.
DSP Report: operator inst/nn_0/dut/pe03/y_out_i is absorbed into DSP inst/nn_0/dut/pe03/y_out_i.
INFO: [Synth 8-5775] Found 'rw_addr_collision' attribute set to 'no' on SDP RAM gen_wr_a.gen_word_narrow.mem_reg. Setting write mode to NO_CHANGE 
INFO: [Synth 8-5775] Found 'rw_addr_collision' attribute set to 'no' on SDP RAM gen_wr_a.gen_word_narrow.mem_reg. Setting write mode to NO_CHANGE 
INFO: [Synth 8-5775] Found 'rw_addr_collision' attribute set to 'no' on SDP RAM gen_wr_a.gen_word_narrow.mem_reg. Setting write mode to NO_CHANGE 
INFO: [Synth 8-5775] Found 'rw_addr_collision' attribute set to 'no' on SDP RAM gen_wr_a.gen_word_narrow.mem_reg. Setting write mode to NO_CHANGE 
INFO: [Synth 8-5784] Optimized 1 bits of RAM "gen_wr_a.gen_word_narrow.mem_reg" due to constant propagation. Old ram width 75 bits, new ram width 74 bits.
INFO: [Synth 8-5775] Found 'rw_addr_collision' attribute set to 'no' on SDP RAM gen_wr_a.gen_word_narrow.mem_reg. Setting write mode to NO_CHANGE 
INFO: [Synth 8-5775] Found 'rw_addr_collision' attribute set to 'no' on SDP RAM gen_wr_a.gen_word_narrow.mem_reg. Setting write mode to NO_CHANGE 
INFO: [Synth 8-5775] Found 'rw_addr_collision' attribute set to 'no' on SDP RAM gen_wr_a.gen_word_narrow.mem_reg. Setting write mode to NO_CHANGE 
INFO: [Synth 8-5775] Found 'rw_addr_collision' attribute set to 'no' on SDP RAM gen_wr_a.gen_word_narrow.mem_reg. Setting write mode to NO_CHANGE 
INFO: [Synth 8-5775] Found 'rw_addr_collision' attribute set to 'no' on SDP RAM gen_wr_a.gen_word_narrow.mem_reg. Setting write mode to NO_CHANGE 
INFO: [Synth 8-5775] Found 'rw_addr_collision' attribute set to 'no' on SDP RAM gen_wr_a.gen_word_narrow.mem_reg. Setting write mode to NO_CHANGE 
INFO: [Synth 8-6851] RAM (gen_wr_b.gen_byte_narrow.for_mem_cols[1].mem_reg) has partial Byte Wide Write Enable pattern, however no output register found in fanout of RAM. Recommended to use supported Byte Wide Write Enable template. 
INFO: [Synth 8-6851] RAM (gen_wr_a.gen_byte_narrow.for_mem_cols[1].mem_reg) has partial Byte Wide Write Enable pattern, however no output register found in fanout of RAM. Recommended to use supported Byte Wide Write Enable template. 
INFO: [Synth 8-6851] RAM (gen_wr_b.gen_byte_narrow.for_mem_cols[1].mem_reg) has partial Byte Wide Write Enable pattern, however no output register found in fanout of RAM. Recommended to use supported Byte Wide Write Enable template. 
INFO: [Synth 8-6851] RAM (gen_wr_a.gen_byte_narrow.for_mem_cols[1].mem_reg) has partial Byte Wide Write Enable pattern, however no output register found in fanout of RAM. Recommended to use supported Byte Wide Write Enable template. 
INFO: [Synth 8-5775] Found 'rw_addr_collision' attribute set to 'no' on SDP RAM gen_wr_a.gen_word_narrow.mem_reg. Setting write mode to NO_CHANGE 
INFO: [Synth 8-5775] Found 'rw_addr_collision' attribute set to 'no' on SDP RAM gen_wr_a.gen_word_narrow.mem_reg. Setting write mode to NO_CHANGE 
---------------------------------------------------------------------------------
Finished Cross Boundary and Area Optimization : Time (s): cpu = 00:03:05 ; elapsed = 00:03:42 . Memory (MB): peak = 1711.867 ; gain = 651.043
---------------------------------------------------------------------------------
INFO: [Synth 8-5775] Found 'rw_addr_collision' attribute set to 'no' on SDP RAM gen_wr_a.gen_word_narrow.mem_reg. Setting write mode to NO_CHANGE 
INFO: [Synth 8-5775] Found 'rw_addr_collision' attribute set to 'no' on SDP RAM gen_wr_a.gen_word_narrow.mem_reg. Setting write mode to NO_CHANGE 
---------------------------------------------------------------------------------
Start ROM, RAM, DSP and Shift Register Reporting
---------------------------------------------------------------------------------

ROM: Preliminary Mapping	Report
+---------------------+------------+---------------+----------------+
|Module Name          | RTL Object | Depth x Width | Implemented As | 
+---------------------+------------+---------------+----------------+
|sigmoid              | p_0_out    | 256x25        | LUT            | 
|design_1_axis_nn_0_0 | p_0_out    | 256x25        | LUT            | 
|design_1_axis_nn_0_0 | p_0_out    | 256x25        | LUT            | 
|design_1_axis_nn_0_0 | p_0_out    | 256x25        | LUT            | 
|design_1_axis_nn_0_0 | p_0_out    | 256x25        | LUT            | 
+---------------------+------------+---------------+----------------+


Block RAM: Preliminary Mapping	Report (see note below)
+----------------------------------------------------------------------------------------------------------------------------------------------------------------------------------------------------------------------------------------------------+--------------------------------------------------+------------------------+---+---+------------------------+---+---+------------------+--------+--------+
|Module Name                                                                                                                                                                                                                                         | RTL Object                                       | PORT A (Depth x Width) | W | R | PORT B (Depth x Width) | W | R | Ports driving FF | RAMB18 | RAMB36 | 
+----------------------------------------------------------------------------------------------------------------------------------------------------------------------------------------------------------------------------------------------------+--------------------------------------------------+------------------------+---+---+------------------------+---+---+------------------+--------+--------+
|design_1_i/axi_dma_0/U0/I_PRMRY_DATAMOVER/\GEN_MM2S_FULL.I_MM2S_FULL_WRAPPER/GEN_INCLUDE_MM2S_SF.I_RD_SF/I_DATA_FIFO/BLK_MEM.I_SYNC_FIFOGEN_FIFO/xpm_fifo_instance.xpm_fifo_sync_inst /xpm_fifo_base_inst/\gen_sdpram.xpm_memory_base_inst          | gen_wr_a.gen_word_narrow.mem_reg                 | 128 x 75(NO_CHANGE)    | W |   | 128 x 75(NO_CHANGE)    |   | R | Port A and B     | 1      | 1      | 
|design_1_i/axi_dma_0/U0/I_PRMRY_DATAMOVER/\GEN_S2MM_FULL.I_S2MM_FULL_WRAPPER/GEN_ENABLE_INDET_BTT_SF.I_INDET_BTT/I_DATA_FIFO/BLK_MEM.I_SYNC_FIFOGEN_FIFO/xpm_fifo_instance.xpm_fifo_sync_inst /xpm_fifo_base_inst/\gen_sdpram.xpm_memory_base_inst  | gen_wr_a.gen_word_narrow.mem_reg                 | 128 x 74(NO_CHANGE)    | W |   | 128 x 74(NO_CHANGE)    |   | R | Port A and B     | 1      | 1      | 
|xpm_fifo_base__parameterized2:/\gen_sdpram.xpm_memory_base_inst                                                                                                                                                                                     | gen_wr_a.gen_word_narrow.mem_reg                 | 256 x 84(READ_FIRST)   | W |   | 256 x 84(WRITE_FIRST)  |   | R | Port A and B     | 1      | 1      | 
|xpm_memory_base__parameterized3:                                                                                                                                                                                                                    | gen_wr_b.gen_byte_narrow.for_mem_cols[1].mem_reg | 8 x 64(WRITE_FIRST)    | W | R | 8 x 64(WRITE_FIRST)    | W | R | Port A and B     | 0      | 2      | 
|xpm_memory_base__parameterized4:                                                                                                                                                                                                                    | gen_wr_b.gen_byte_narrow.for_mem_cols[1].mem_reg | 4 x 64(WRITE_FIRST)    | W | R | 4 x 64(WRITE_FIRST)    | W | R | Port A and B     | 0      | 2      | 
|xpm_memory_base__parameterized4:                                                                                                                                                                                                                    | gen_wr_b.gen_byte_narrow.for_mem_cols[1].mem_reg | 4 x 64(WRITE_FIRST)    | W | R | 4 x 64(WRITE_FIRST)    | W | R | Port A and B     | 0      | 2      | 
|xpm_fifo_base__parameterized2:/\gen_sdpram.xpm_memory_base_inst                                                                                                                                                                                     | gen_wr_a.gen_word_narrow.mem_reg                 | 256 x 84(READ_FIRST)   | W |   | 256 x 84(WRITE_FIRST)  |   | R | Port A and B     | 1      | 1      | 
+----------------------------------------------------------------------------------------------------------------------------------------------------------------------------------------------------------------------------------------------------+--------------------------------------------------+------------------------+---+---+------------------------+---+---+------------------+--------+--------+

Note: The table above is a preliminary report that shows the Block RAMs at the current stage of the synthesis flow. Some Block RAMs may be reimplemented as non Block RAM primitives later in the synthesis flow. Multiple instantiated Block RAMs are reported only once. 

Distributed RAM: Preliminary Mapping	Report (see note below)
+------------------------------------------------------------------------------------------------------------------------------------------------------------------------------------------------------------------------------------------------------+-------------------------------------------------------------------------------+----------------+----------------------+---------------+
|Module Name                                                                                                                                                                                                                                           | RTL Object                                                                    | Inference      | Size (Depth x Width) | Primitives    | 
+------------------------------------------------------------------------------------------------------------------------------------------------------------------------------------------------------------------------------------------------------+-------------------------------------------------------------------------------+----------------+----------------------+---------------+
|design_1_i/axi_dma_0/U0/I_PRMRY_DATAMOVER/\GEN_S2MM_FULL.I_S2MM_FULL_WRAPPER/GEN_ENABLE_INDET_BTT_SF.I_INDET_BTT/I_XD_FIFO/NON_BLK_MEM.I_SYNC_FIFOGEN_FIFO/xpm_fifo_instance.xpm_fifo_sync_inst /xpm_fifo_base_inst/\gen_sdpram.xpm_memory_base_inst  | gen_wr_a.gen_word_narrow.mem_reg                                              | Implied        | 16 x 10              | RAM32M x 2	   | 
|design_1_i/axi_interconnect_1/\s00_couplers/auto_pc /\inst/gen_axi4_axi3.axi3_conv_inst/USE_READ.USE_SPLIT_R.read_addr_inst/USE_R_CHANNEL.cmd_queue/inst/fifo_gen_inst                                                                                | inst_fifo_gen/gconvfifo.rf/grf.rf/gntv_or_sync_fifo.mem/gdm.dm_gen.dm/RAM_reg | User Attribute | 32 x 1               | RAM32X1D x 1	 | 
|design_1_i/smartconnect_0/\inst/s00_nodes/s00_aw_node/inst /\inst_mi_handler/gen_normal_area.inst_fifo_node_payld/gen_xpm_memory_fifo.inst_fifo/gen_mem_rep[0].inst_xpm_memory /xpm_memory_base_inst                                                  | gen_wr_a.gen_word_narrow.mem_reg                                              | User Attribute | 32 x 156             | RAM32M x 26	  | 
|design_1_i/smartconnect_0/\inst/s00_nodes/s00_b_node/inst /\inst_mi_handler/gen_normal_area.inst_fifo_node_payld/gen_xpm_memory_fifo.inst_fifo/gen_mem_rep[0].inst_xpm_memory /xpm_memory_base_inst                                                   | gen_wr_a.gen_word_narrow.mem_reg                                              | User Attribute | 32 x 23              | RAM32M x 4	   | 
|design_1_i/smartconnect_0/\inst/s00_nodes/s00_w_node/inst /\inst_mi_handler/gen_normal_area.inst_fifo_node_payld/gen_xpm_memory_fifo.inst_fifo/gen_mem_rep[0].inst_xpm_memory /xpm_memory_base_inst                                                   | gen_wr_a.gen_word_narrow.mem_reg                                              | User Attribute | 32 x 106             | RAM32M x 18	  | 
+------------------------------------------------------------------------------------------------------------------------------------------------------------------------------------------------------------------------------------------------------+-------------------------------------------------------------------------------+----------------+----------------------+---------------+

Note: The table above is a preliminary report that shows the Distributed RAMs at the current stage of the synthesis flow. Some Distributed RAMs may be reimplemented as non Distributed RAM primitives later in the synthesis flow. Multiple instantiated RAMs are reported only once.

DSP: Preliminary Mapping	Report (see note below)
+---------------------+-------------+--------+--------+--------+--------+--------+------+------+------+------+-------+------+------+
|Module Name          | DSP Mapping | A Size | B Size | C Size | D Size | P Size | AREG | BREG | CREG | DREG | ADREG | MREG | PREG | 
+---------------------+-------------+--------+--------+--------+--------+--------+------+------+------+------+-------+------+------+
|design_1_axis_nn_0_0 | A2*B2       | 16     | 16     | -      | -      | 32     | 1    | 1    | -    | -    | -     | 0    | 0    | 
|design_1_axis_nn_0_0 | A2*B2       | 16     | 16     | -      | -      | 32     | 1    | 1    | -    | -    | -     | 0    | 0    | 
|design_1_axis_nn_0_0 | A2*B2       | 16     | 16     | -      | -      | 32     | 1    | 1    | -    | -    | -     | 0    | 0    | 
|design_1_axis_nn_0_0 | A2*B2       | 16     | 16     | -      | -      | 32     | 1    | 1    | -    | -    | -     | 0    | 0    | 
|design_1_axis_nn_0_0 | ACIN2*B2    | 16     | 16     | -      | -      | 32     | 1    | 1    | -    | -    | -     | 0    | 0    | 
|design_1_axis_nn_0_0 | ACIN2*B2    | 16     | 16     | -      | -      | 32     | 1    | 1    | -    | -    | -     | 0    | 0    | 
|design_1_axis_nn_0_0 | A2*B2       | 16     | 16     | -      | -      | 32     | 1    | 1    | -    | -    | -     | 0    | 0    | 
|design_1_axis_nn_0_0 | A2*B2       | 16     | 16     | -      | -      | 32     | 1    | 1    | -    | -    | -     | 0    | 0    | 
|design_1_axis_nn_0_0 | ACIN2*B2    | 16     | 16     | -      | -      | 32     | 1    | 1    | -    | -    | -     | 0    | 0    | 
|design_1_axis_nn_0_0 | ACIN2*B2    | 16     | 16     | -      | -      | 32     | 1    | 1    | -    | -    | -     | 0    | 0    | 
|design_1_axis_nn_0_0 | ACIN2*B2    | 16     | 16     | -      | -      | 32     | 1    | 1    | -    | -    | -     | 0    | 0    | 
|design_1_axis_nn_0_0 | A2*B2       | 16     | 16     | -      | -      | 32     | 1    | 1    | -    | -    | -     | 0    | 0    | 
|design_1_axis_nn_0_0 | ACIN2*B2    | 16     | 16     | -      | -      | 32     | 1    | 1    | -    | -    | -     | 0    | 0    | 
|design_1_axis_nn_0_0 | ACIN2*B2    | 16     | 16     | -      | -      | 32     | 1    | 1    | -    | -    | -     | 0    | 0    | 
|design_1_axis_nn_0_0 | ACIN2*B2    | 16     | 16     | -      | -      | 32     | 1    | 1    | -    | -    | -     | 0    | 0    | 
|design_1_axis_nn_0_0 | ACIN2*B2    | 16     | 16     | -      | -      | 32     | 1    | 1    | -    | -    | -     | 0    | 0    | 
+---------------------+-------------+--------+--------+--------+--------+--------+------+------+------+------+-------+------+------+

Note: The table above is a preliminary report that shows the DSPs inferred at the current stage of the synthesis flow. Some DSP may be reimplemented as non DSP primitives later in the synthesis flow. Multiple instantiated DSPs are reported only once.
---------------------------------------------------------------------------------
Finished ROM, RAM, DSP and Shift Register Reporting
---------------------------------------------------------------------------------
---------------------------------------------------------------------------------
Start Applying XDC Timing Constraints
---------------------------------------------------------------------------------
---------------------------------------------------------------------------------
Finished Applying XDC Timing Constraints : Time (s): cpu = 00:03:34 ; elapsed = 00:04:13 . Memory (MB): peak = 1711.867 ; gain = 651.043
---------------------------------------------------------------------------------
---------------------------------------------------------------------------------
Start Timing Optimization
---------------------------------------------------------------------------------
INFO: [Synth 8-5775] Found 'rw_addr_collision' attribute set to 'no' on SDP RAM gen_wr_a.gen_word_narrow.mem_reg. Setting write mode to NO_CHANGE 
INFO: [Synth 8-5775] Found 'rw_addr_collision' attribute set to 'no' on SDP RAM gen_wr_a.gen_word_narrow.mem_reg. Setting write mode to NO_CHANGE 
---------------------------------------------------------------------------------
Finished Timing Optimization : Time (s): cpu = 00:03:49 ; elapsed = 00:04:30 . Memory (MB): peak = 1711.867 ; gain = 651.043
---------------------------------------------------------------------------------
---------------------------------------------------------------------------------
Start ROM, RAM, DSP and Shift Register Reporting
---------------------------------------------------------------------------------

Block RAM: Final Mapping	Report
+----------------------------------------------------------------------------------------------------------------------------------------------------------------------------------------------------------------------------------------------------+--------------------------------------------------+------------------------+---+---+------------------------+---+---+------------------+--------+--------+
|Module Name                                                                                                                                                                                                                                         | RTL Object                                       | PORT A (Depth x Width) | W | R | PORT B (Depth x Width) | W | R | Ports driving FF | RAMB18 | RAMB36 | 
+----------------------------------------------------------------------------------------------------------------------------------------------------------------------------------------------------------------------------------------------------+--------------------------------------------------+------------------------+---+---+------------------------+---+---+------------------+--------+--------+
|design_1_i/axi_dma_0/U0/I_PRMRY_DATAMOVER/\GEN_MM2S_FULL.I_MM2S_FULL_WRAPPER/GEN_INCLUDE_MM2S_SF.I_RD_SF/I_DATA_FIFO/BLK_MEM.I_SYNC_FIFOGEN_FIFO/xpm_fifo_instance.xpm_fifo_sync_inst /xpm_fifo_base_inst/\gen_sdpram.xpm_memory_base_inst          | gen_wr_a.gen_word_narrow.mem_reg                 | 128 x 75(NO_CHANGE)    | W |   | 128 x 75(NO_CHANGE)    |   | R | Port A and B     | 1      | 1      | 
|design_1_i/axi_dma_0/U0/I_PRMRY_DATAMOVER/\GEN_S2MM_FULL.I_S2MM_FULL_WRAPPER/GEN_ENABLE_INDET_BTT_SF.I_INDET_BTT/I_DATA_FIFO/BLK_MEM.I_SYNC_FIFOGEN_FIFO/xpm_fifo_instance.xpm_fifo_sync_inst /xpm_fifo_base_inst/\gen_sdpram.xpm_memory_base_inst  | gen_wr_a.gen_word_narrow.mem_reg                 | 128 x 74(NO_CHANGE)    | W |   | 128 x 74(NO_CHANGE)    |   | R | Port A and B     | 1      | 1      | 
|xpm_fifo_base__parameterized2:/\gen_sdpram.xpm_memory_base_inst                                                                                                                                                                                     | gen_wr_a.gen_word_narrow.mem_reg                 | 256 x 84(READ_FIRST)   | W |   | 256 x 84(WRITE_FIRST)  |   | R | Port A and B     | 1      | 1      | 
|xpm_memory_base__parameterized3:                                                                                                                                                                                                                    | gen_wr_b.gen_byte_narrow.for_mem_cols[1].mem_reg | 8 x 64(WRITE_FIRST)    | W | R | 8 x 64(WRITE_FIRST)    | W | R | Port A and B     | 0      | 2      | 
|xpm_memory_base__parameterized4:                                                                                                                                                                                                                    | gen_wr_b.gen_byte_narrow.for_mem_cols[1].mem_reg | 4 x 64(WRITE_FIRST)    | W | R | 4 x 64(WRITE_FIRST)    | W | R | Port A and B     | 0      | 2      | 
|xpm_memory_base__parameterized4:                                                                                                                                                                                                                    | gen_wr_b.gen_byte_narrow.for_mem_cols[1].mem_reg | 4 x 64(WRITE_FIRST)    | W | R | 4 x 64(WRITE_FIRST)    | W | R | Port A and B     | 0      | 2      | 
|xpm_fifo_base__parameterized2:/\gen_sdpram.xpm_memory_base_inst                                                                                                                                                                                     | gen_wr_a.gen_word_narrow.mem_reg                 | 256 x 84(READ_FIRST)   | W |   | 256 x 84(WRITE_FIRST)  |   | R | Port A and B     | 1      | 1      | 
+----------------------------------------------------------------------------------------------------------------------------------------------------------------------------------------------------------------------------------------------------+--------------------------------------------------+------------------------+---+---+------------------------+---+---+------------------+--------+--------+


Distributed RAM: Final Mapping	Report
+------------------------------------------------------------------------------------------------------------------------------------------------------------------------------------------------------------------------------------------------------+-------------------------------------------------------------------------------+----------------+----------------------+---------------+
|Module Name                                                                                                                                                                                                                                           | RTL Object                                                                    | Inference      | Size (Depth x Width) | Primitives    | 
+------------------------------------------------------------------------------------------------------------------------------------------------------------------------------------------------------------------------------------------------------+-------------------------------------------------------------------------------+----------------+----------------------+---------------+
|design_1_i/axi_dma_0/U0/I_PRMRY_DATAMOVER/\GEN_S2MM_FULL.I_S2MM_FULL_WRAPPER/GEN_ENABLE_INDET_BTT_SF.I_INDET_BTT/I_XD_FIFO/NON_BLK_MEM.I_SYNC_FIFOGEN_FIFO/xpm_fifo_instance.xpm_fifo_sync_inst /xpm_fifo_base_inst/\gen_sdpram.xpm_memory_base_inst  | gen_wr_a.gen_word_narrow.mem_reg                                              | Implied        | 16 x 10              | RAM32M x 2	   | 
|design_1_i/axi_interconnect_1/\s00_couplers/auto_pc /\inst/gen_axi4_axi3.axi3_conv_inst/USE_READ.USE_SPLIT_R.read_addr_inst/USE_R_CHANNEL.cmd_queue/inst/fifo_gen_inst                                                                                | inst_fifo_gen/gconvfifo.rf/grf.rf/gntv_or_sync_fifo.mem/gdm.dm_gen.dm/RAM_reg | User Attribute | 32 x 1               | RAM32X1D x 1	 | 
|design_1_i/smartconnect_0/\inst/s00_nodes/s00_aw_node/inst /\inst_mi_handler/gen_normal_area.inst_fifo_node_payld/gen_xpm_memory_fifo.inst_fifo/gen_mem_rep[0].inst_xpm_memory /xpm_memory_base_inst                                                  | gen_wr_a.gen_word_narrow.mem_reg                                              | User Attribute | 32 x 156             | RAM32M x 26	  | 
|design_1_i/smartconnect_0/\inst/s00_nodes/s00_b_node/inst /\inst_mi_handler/gen_normal_area.inst_fifo_node_payld/gen_xpm_memory_fifo.inst_fifo/gen_mem_rep[0].inst_xpm_memory /xpm_memory_base_inst                                                   | gen_wr_a.gen_word_narrow.mem_reg                                              | User Attribute | 32 x 23              | RAM32M x 4	   | 
|design_1_i/smartconnect_0/\inst/s00_nodes/s00_w_node/inst /\inst_mi_handler/gen_normal_area.inst_fifo_node_payld/gen_xpm_memory_fifo.inst_fifo/gen_mem_rep[0].inst_xpm_memory /xpm_memory_base_inst                                                   | gen_wr_a.gen_word_narrow.mem_reg                                              | User Attribute | 32 x 106             | RAM32M x 18	  | 
+------------------------------------------------------------------------------------------------------------------------------------------------------------------------------------------------------------------------------------------------------+-------------------------------------------------------------------------------+----------------+----------------------+---------------+

---------------------------------------------------------------------------------
Finished ROM, RAM, DSP and Shift Register Reporting
---------------------------------------------------------------------------------
---------------------------------------------------------------------------------
Start Technology Mapping
---------------------------------------------------------------------------------
INFO: [Synth 8-7052] The timing for the instance design_1_i/axis_nn_0/inst/xpm_fifo_axis_0/xpm_fifo_base_inst/gen_sdpram.xpm_memory_base_inst/gen_wr_a.gen_word_narrow.mem_reg_1 (implemented as a Block RAM) might be sub-optimal as no optional output register could be merged into the ram block. Providing additional output register may help in improving timing.
INFO: [Synth 8-7052] The timing for the instance design_1_i/axis_nn_0/inst/nn_0/xpm_memory_tdpram_wb/xpm_memory_base_inst/gen_wr_b.gen_byte_narrow.for_mem_cols[1].mem_reg_0 (implemented as a Block RAM) might be sub-optimal as no optional output register could be merged into the ram block. Providing additional output register may help in improving timing.
INFO: [Synth 8-7052] The timing for the instance design_1_i/axis_nn_0/inst/nn_0/xpm_memory_tdpram_wb/xpm_memory_base_inst/gen_wr_b.gen_byte_narrow.for_mem_cols[1].mem_reg_0 (implemented as a Block RAM) might be sub-optimal as no optional output register could be merged into the ram block. Providing additional output register may help in improving timing.
INFO: [Synth 8-7052] The timing for the instance design_1_i/axis_nn_0/inst/nn_0/xpm_memory_tdpram_wb/xpm_memory_base_inst/gen_wr_b.gen_byte_narrow.for_mem_cols[1].mem_reg_1 (implemented as a Block RAM) might be sub-optimal as no optional output register could be merged into the ram block. Providing additional output register may help in improving timing.
INFO: [Synth 8-7052] The timing for the instance design_1_i/axis_nn_0/inst/nn_0/xpm_memory_tdpram_wb/xpm_memory_base_inst/gen_wr_b.gen_byte_narrow.for_mem_cols[1].mem_reg_1 (implemented as a Block RAM) might be sub-optimal as no optional output register could be merged into the ram block. Providing additional output register may help in improving timing.
INFO: [Synth 8-7052] The timing for the instance design_1_i/axis_nn_0/inst/nn_0/xpm_memory_tdpram_k/xpm_memory_base_inst/gen_wr_b.gen_byte_narrow.for_mem_cols[1].mem_reg_0 (implemented as a Block RAM) might be sub-optimal as no optional output register could be merged into the ram block. Providing additional output register may help in improving timing.
INFO: [Synth 8-7052] The timing for the instance design_1_i/axis_nn_0/inst/nn_0/xpm_memory_tdpram_k/xpm_memory_base_inst/gen_wr_b.gen_byte_narrow.for_mem_cols[1].mem_reg_0 (implemented as a Block RAM) might be sub-optimal as no optional output register could be merged into the ram block. Providing additional output register may help in improving timing.
INFO: [Synth 8-7052] The timing for the instance design_1_i/axis_nn_0/inst/nn_0/xpm_memory_tdpram_k/xpm_memory_base_inst/gen_wr_b.gen_byte_narrow.for_mem_cols[1].mem_reg_1 (implemented as a Block RAM) might be sub-optimal as no optional output register could be merged into the ram block. Providing additional output register may help in improving timing.
INFO: [Synth 8-7052] The timing for the instance design_1_i/axis_nn_0/inst/nn_0/xpm_memory_tdpram_k/xpm_memory_base_inst/gen_wr_b.gen_byte_narrow.for_mem_cols[1].mem_reg_1 (implemented as a Block RAM) might be sub-optimal as no optional output register could be merged into the ram block. Providing additional output register may help in improving timing.
INFO: [Synth 8-7052] The timing for the instance design_1_i/axis_nn_0/inst/nn_0/xpm_memory_tdpram_a/xpm_memory_base_inst/gen_wr_b.gen_byte_narrow.for_mem_cols[1].mem_reg_0 (implemented as a Block RAM) might be sub-optimal as no optional output register could be merged into the ram block. Providing additional output register may help in improving timing.
INFO: [Synth 8-7052] The timing for the instance design_1_i/axis_nn_0/inst/nn_0/xpm_memory_tdpram_a/xpm_memory_base_inst/gen_wr_b.gen_byte_narrow.for_mem_cols[1].mem_reg_0 (implemented as a Block RAM) might be sub-optimal as no optional output register could be merged into the ram block. Providing additional output register may help in improving timing.
INFO: [Synth 8-7052] The timing for the instance design_1_i/axis_nn_0/inst/nn_0/xpm_memory_tdpram_a/xpm_memory_base_inst/gen_wr_b.gen_byte_narrow.for_mem_cols[1].mem_reg_1 (implemented as a Block RAM) might be sub-optimal as no optional output register could be merged into the ram block. Providing additional output register may help in improving timing.
INFO: [Synth 8-7052] The timing for the instance design_1_i/axis_nn_0/inst/nn_0/xpm_memory_tdpram_a/xpm_memory_base_inst/gen_wr_b.gen_byte_narrow.for_mem_cols[1].mem_reg_1 (implemented as a Block RAM) might be sub-optimal as no optional output register could be merged into the ram block. Providing additional output register may help in improving timing.
---------------------------------------------------------------------------------
Finished Technology Mapping : Time (s): cpu = 00:04:05 ; elapsed = 00:04:47 . Memory (MB): peak = 1711.867 ; gain = 651.043
---------------------------------------------------------------------------------
---------------------------------------------------------------------------------
Start IO Insertion
---------------------------------------------------------------------------------
---------------------------------------------------------------------------------
Start Flattening Before IO Insertion
---------------------------------------------------------------------------------
---------------------------------------------------------------------------------
Finished Flattening Before IO Insertion
---------------------------------------------------------------------------------
---------------------------------------------------------------------------------
Start Final Netlist Cleanup
---------------------------------------------------------------------------------
---------------------------------------------------------------------------------
Finished Final Netlist Cleanup
---------------------------------------------------------------------------------
WARNING: [Synth 8-3295] tying undriven pin I_AXI_DMA_REG_MODULE/strm_valid_int2_inferred:in0 to constant 0
WARNING: [Synth 8-3295] tying undriven pin I_AXI_DMA_REG_MODULE/strm_valid_int_cdc_to_inferred:in0 to constant 0
---------------------------------------------------------------------------------
Finished IO Insertion : Time (s): cpu = 00:04:14 ; elapsed = 00:04:57 . Memory (MB): peak = 1711.867 ; gain = 651.043
---------------------------------------------------------------------------------
---------------------------------------------------------------------------------
Start Renaming Generated Instances
---------------------------------------------------------------------------------
---------------------------------------------------------------------------------
Finished Renaming Generated Instances : Time (s): cpu = 00:04:14 ; elapsed = 00:04:57 . Memory (MB): peak = 1711.867 ; gain = 651.043
---------------------------------------------------------------------------------
---------------------------------------------------------------------------------
Start Rebuilding User Hierarchy
---------------------------------------------------------------------------------
---------------------------------------------------------------------------------
Finished Rebuilding User Hierarchy : Time (s): cpu = 00:04:18 ; elapsed = 00:05:01 . Memory (MB): peak = 1711.867 ; gain = 651.043
---------------------------------------------------------------------------------
---------------------------------------------------------------------------------
Start Renaming Generated Ports
---------------------------------------------------------------------------------
---------------------------------------------------------------------------------
Finished Renaming Generated Ports : Time (s): cpu = 00:04:18 ; elapsed = 00:05:01 . Memory (MB): peak = 1711.867 ; gain = 651.043
---------------------------------------------------------------------------------
---------------------------------------------------------------------------------
Start Handling Custom Attributes
---------------------------------------------------------------------------------
---------------------------------------------------------------------------------
Finished Handling Custom Attributes : Time (s): cpu = 00:04:18 ; elapsed = 00:05:02 . Memory (MB): peak = 1711.867 ; gain = 651.043
---------------------------------------------------------------------------------
---------------------------------------------------------------------------------
Start Renaming Generated Nets
---------------------------------------------------------------------------------
---------------------------------------------------------------------------------
Finished Renaming Generated Nets : Time (s): cpu = 00:04:18 ; elapsed = 00:05:02 . Memory (MB): peak = 1711.867 ; gain = 651.043
---------------------------------------------------------------------------------
---------------------------------------------------------------------------------
Start ROM, RAM, DSP and Shift Register Reporting
---------------------------------------------------------------------------------

Static Shift Register Report:
+---------------------+----------------------------------+--------+-------+--------------+--------------------+-------------------+--------+---------+
|Module Name          | RTL Name                         | Length | Width | Reset Signal | Pull out first Reg | Pull out last Reg | SRL16E | SRLC32E | 
+---------------------+----------------------------------+--------+-------+--------------+--------------------+-------------------+--------+---------+
|design_1_axis_nn_0_0 | inst/nn_0/dut/reg_y0_3/q_reg[15] | 5      | 10    | YES          | NO                 | YES               | 10     | 0       | 
|design_1_axis_nn_0_0 | inst/nn_0/dut/reg_y1_2/q_reg[15] | 4      | 10    | YES          | NO                 | YES               | 10     | 0       | 
+---------------------+----------------------------------+--------+-------+--------------+--------------------+-------------------+--------+---------+


Dynamic Shift Register Report:
+------------+---------------------------+--------+------------+--------+---------+--------+--------+--------+
|Module Name | RTL Name                  | Length | Data Width | SRL16E | SRLC32E | Mux F7 | Mux F8 | Mux F9 | 
+------------+---------------------------+--------+------------+--------+---------+--------+--------+--------+
|dsrl        | INFERRED_GEN.data_reg[3]  | 59     | 59         | 59     | 0       | 0      | 0      | 0      | 
|dsrl__1     | INFERRED_GEN.data_reg[3]  | 38     | 38         | 38     | 0       | 0      | 0      | 0      | 
|dsrl__2     | INFERRED_GEN.data_reg[3]  | 8      | 8          | 8      | 0       | 0      | 0      | 0      | 
|dsrl__3     | INFERRED_GEN.data_reg[5]  | 2      | 2          | 2      | 0       | 0      | 0      | 0      | 
|dsrl__4     | INFERRED_GEN.data_reg[5]  | 33     | 33         | 33     | 0       | 0      | 0      | 0      | 
|dsrl__5     | INFERRED_GEN.data_reg[3]  | 37     | 37         | 37     | 0       | 0      | 0      | 0      | 
|dsrl__6     | INFERRED_GEN.data_reg[15] | 14     | 14         | 14     | 0       | 0      | 0      | 0      | 
|dsrl__7     | INFERRED_GEN.data_reg[3]  | 36     | 36         | 36     | 0       | 0      | 0      | 0      | 
|dsrl__8     | memory_reg[3]             | 20     | 20         | 20     | 0       | 0      | 0      | 0      | 
|dsrl__9     | memory_reg[3]             | 2      | 2          | 2      | 0       | 0      | 0      | 0      | 
|dsrl__10    | memory_reg[31]            | 34     | 34         | 0      | 34      | 0      | 0      | 0      | 
|dsrl__11    | memory_reg[31]            | 13     | 13         | 0      | 13      | 0      | 0      | 0      | 
|dsrl__12    | shift_reg_reg             | 16     | 1          | 1      | 0       | 0      | 0      | 0      | 
+------------+---------------------------+--------+------------+--------+---------+--------+--------+--------+

---------------------------------------------------------------------------------
Finished ROM, RAM, DSP and Shift Register Reporting
---------------------------------------------------------------------------------
---------------------------------------------------------------------------------
Start Writing Synthesis Report
---------------------------------------------------------------------------------

Report BlackBoxes: 
+-+--------------+----------+
| |BlackBox name |Instances |
+-+--------------+----------+
+-+--------------+----------+

Report Cell Usage: 
+------+---------+------+
|      |Cell     |Count |
+------+---------+------+
|1     |BIBUF    |   130|
|2     |BUFG     |     1|
|3     |CARRY4   |   164|
|4     |DSP48E1  |    16|
|10    |LUT1     |   268|
|11    |LUT2     |   927|
|12    |LUT3     |  1112|
|13    |LUT4     |   670|
|14    |LUT5     |   636|
|15    |LUT6     |   993|
|16    |MUXF7    |    45|
|17    |MUXF8    |    20|
|18    |PS7      |     1|
|19    |RAM32M   |    50|
|20    |RAM32X1D |     1|
|21    |RAMB18E1 |     4|
|24    |RAMB36E1 |    10|
|27    |SRL16    |     2|
|28    |SRL16E   |   253|
|29    |SRLC32E  |    47|
|30    |FDCE     |    23|
|31    |FDPE     |    11|
|32    |FDR      |    20|
|33    |FDRE     |  4544|
|34    |FDSE     |   154|
+------+---------+------+
---------------------------------------------------------------------------------
Finished Writing Synthesis Report : Time (s): cpu = 00:04:18 ; elapsed = 00:05:02 . Memory (MB): peak = 1711.867 ; gain = 651.043
---------------------------------------------------------------------------------
Synthesis finished with 0 errors, 0 critical warnings and 2 warnings.
Synthesis Optimization Runtime : Time (s): cpu = 00:02:47 ; elapsed = 00:04:18 . Memory (MB): peak = 1711.867 ; gain = 422.766
Synthesis Optimization Complete : Time (s): cpu = 00:04:19 ; elapsed = 00:05:03 . Memory (MB): peak = 1711.867 ; gain = 651.043
INFO: [Project 1-571] Translating synthesized netlist
Netlist sorting complete. Time (s): cpu = 00:00:00 ; elapsed = 00:00:00.930 . Memory (MB): peak = 1711.867 ; gain = 0.000
INFO: [Netlist 29-17] Analyzing 332 Unisim elements for replacement
INFO: [Netlist 29-28] Unisim Transformation completed in 0 CPU seconds
INFO: [Project 1-570] Preparing netlist for logic optimization
INFO: [Opt 31-138] Pushed 0 inverter(s) to 0 load pin(s).
Netlist sorting complete. Time (s): cpu = 00:00:00 ; elapsed = 00:00:00.011 . Memory (MB): peak = 1720.023 ; gain = 0.000
INFO: [Project 1-111] Unisim Transformation Summary:
  A total of 73 instances were transformed.
  FDR => FDRE: 20 instances
  RAM32M => RAM32M (RAMD32(x6), RAMS32(x2)): 50 instances
  RAM32X1D => RAM32X1D (RAMD32(x2)): 1 instance 
  SRL16 => SRL16E: 2 instances

INFO: [Common 17-83] Releasing license: Synthesis
556 Infos, 176 Warnings, 100 Critical Warnings and 0 Errors encountered.
synth_design completed successfully
synth_design: Time (s): cpu = 00:04:41 ; elapsed = 00:05:31 . Memory (MB): peak = 1720.023 ; gain = 659.199
INFO: [Common 17-1381] The checkpoint 'C:/projects/NN_copy/NN_copy.runs/synth_1/design_1_wrapper.dcp' has been generated.
write_checkpoint: Time (s): cpu = 00:00:07 ; elapsed = 00:00:07 . Memory (MB): peak = 1720.023 ; gain = 0.000
INFO: [runtcl-4] Executing : report_utilization -file design_1_wrapper_utilization_synth.rpt -pb design_1_wrapper_utilization_synth.pb
INFO: [Common 17-206] Exiting Vivado at Wed Aug  5 09:44:26 2026...
