
*** Running vivado
    with args -log design_1_wrapper.vdi -applog -m64 -product Vivado -messageDb vivado.pb -mode batch -source design_1_wrapper.tcl -notrace



****** Vivado v2020.1 (64-bit)
  **** SW Build 2902540 on Wed May 27 19:54:49 MDT 2020
  **** IP Build 2902112 on Wed May 27 22:43:36 MDT 2020
    ** Copyright 1986-2020 Xilinx, Inc. All Rights Reserved.

source design_1_wrapper.tcl -notrace
create_project: Time (s): cpu = 00:00:04 ; elapsed = 00:00:15 . Memory (MB): peak = 1050.043 ; gain = 0.000
INFO: [IP_Flow 19-234] Refreshing IP repositories
INFO: [IP_Flow 19-1704] No user IP repositories specified
INFO: [IP_Flow 19-2313] Loaded Vivado IP repository 'C:/Xilinx/Vivado/2020.1/data/ip'.
add_files: Time (s): cpu = 00:00:06 ; elapsed = 00:00:17 . Memory (MB): peak = 1050.043 ; gain = 0.000
Command: link_design -top design_1_wrapper -part xc7z020clg484-1
Design is defaulting to srcset: sources_1
Design is defaulting to constrset: constrs_1
INFO: [Device 21-403] Loading part xc7z020clg484-1
Netlist sorting complete. Time (s): cpu = 00:00:00 ; elapsed = 00:00:00.739 . Memory (MB): peak = 1050.043 ; gain = 0.000
INFO: [Netlist 29-17] Analyzing 310 Unisim elements for replacement
INFO: [Netlist 29-28] Unisim Transformation completed in 1 CPU seconds
INFO: [Project 1-479] Netlist was created with Vivado 2020.1
INFO: [Project 1-570] Preparing netlist for logic optimization
Parsing XDC File [c:/projects/NN_copy/NN_copy.srcs/sources_1/bd/design_1/ip/design_1_processing_system7_0_0/design_1_processing_system7_0_0.xdc] for cell 'design_1_i/processing_system7_0/inst'
Finished Parsing XDC File [c:/projects/NN_copy/NN_copy.srcs/sources_1/bd/design_1/ip/design_1_processing_system7_0_0/design_1_processing_system7_0_0.xdc] for cell 'design_1_i/processing_system7_0/inst'
Parsing XDC File [c:/projects/NN_copy/NN_copy.srcs/sources_1/bd/design_1/ip/design_1_axi_dma_0_0/design_1_axi_dma_0_0.xdc] for cell 'design_1_i/axi_dma_0/U0'
WARNING: [Vivado_Tcl 4-921] Waiver ID 'CDC-1' -to list should not be empty. [c:/projects/NN_copy/NN_copy.srcs/sources_1/bd/design_1/ip/design_1_axi_dma_0_0/design_1_axi_dma_0_0.xdc:52]
WARNING: [Vivado_Tcl 4-921] Waiver ID 'CDC-1' -to list should not be empty. [c:/projects/NN_copy/NN_copy.srcs/sources_1/bd/design_1/ip/design_1_axi_dma_0_0/design_1_axi_dma_0_0.xdc:56]
WARNING: [Vivado_Tcl 4-919] Waiver ID 'CDC-1' -from list should not be empty. [c:/projects/NN_copy/NN_copy.srcs/sources_1/bd/design_1/ip/design_1_axi_dma_0_0/design_1_axi_dma_0_0.xdc:61]
Finished Parsing XDC File [c:/projects/NN_copy/NN_copy.srcs/sources_1/bd/design_1/ip/design_1_axi_dma_0_0/design_1_axi_dma_0_0.xdc] for cell 'design_1_i/axi_dma_0/U0'
Parsing XDC File [c:/projects/NN_copy/NN_copy.srcs/sources_1/bd/design_1/ip/design_1_proc_sys_reset_0_0/design_1_proc_sys_reset_0_0_board.xdc] for cell 'design_1_i/proc_sys_reset_0/U0'
Finished Parsing XDC File [c:/projects/NN_copy/NN_copy.srcs/sources_1/bd/design_1/ip/design_1_proc_sys_reset_0_0/design_1_proc_sys_reset_0_0_board.xdc] for cell 'design_1_i/proc_sys_reset_0/U0'
Parsing XDC File [c:/projects/NN_copy/NN_copy.srcs/sources_1/bd/design_1/ip/design_1_proc_sys_reset_0_0/design_1_proc_sys_reset_0_0.xdc] for cell 'design_1_i/proc_sys_reset_0/U0'
Finished Parsing XDC File [c:/projects/NN_copy/NN_copy.srcs/sources_1/bd/design_1/ip/design_1_proc_sys_reset_0_0/design_1_proc_sys_reset_0_0.xdc] for cell 'design_1_i/proc_sys_reset_0/U0'
Parsing XDC File [c:/projects/NN_copy/NN_copy.srcs/sources_1/bd/design_1/ip/design_1_smartconnect_0_0/bd_0/ip/ip_1/bd_48ac_psr_aclk_0_board.xdc] for cell 'design_1_i/smartconnect_0/inst/clk_map/psr_aclk/U0'
Finished Parsing XDC File [c:/projects/NN_copy/NN_copy.srcs/sources_1/bd/design_1/ip/design_1_smartconnect_0_0/bd_0/ip/ip_1/bd_48ac_psr_aclk_0_board.xdc] for cell 'design_1_i/smartconnect_0/inst/clk_map/psr_aclk/U0'
Parsing XDC File [c:/projects/NN_copy/NN_copy.srcs/sources_1/bd/design_1/ip/design_1_smartconnect_0_0/bd_0/ip/ip_1/bd_48ac_psr_aclk_0.xdc] for cell 'design_1_i/smartconnect_0/inst/clk_map/psr_aclk/U0'
Finished Parsing XDC File [c:/projects/NN_copy/NN_copy.srcs/sources_1/bd/design_1/ip/design_1_smartconnect_0_0/bd_0/ip/ip_1/bd_48ac_psr_aclk_0.xdc] for cell 'design_1_i/smartconnect_0/inst/clk_map/psr_aclk/U0'
Parsing XDC File [C:/projects/NN_copy/NN_copy.srcs/constrs_1/new/NN.xdc]
WARNING: [Vivado 12-584] No ports matched 'm_axis_tdata[63]'. [C:/projects/NN_copy/NN_copy.srcs/constrs_1/new/NN.xdc:1]
CRITICAL WARNING: [Common 17-55] 'set_property' expects at least one object. [C:/projects/NN_copy/NN_copy.srcs/constrs_1/new/NN.xdc:1]
Resolution: If [get_<value>] was used to populate the object, check to make sure this command returns at least one valid object.
WARNING: [Vivado 12-584] No ports matched 'm_axis_tdata[62]'. [C:/projects/NN_copy/NN_copy.srcs/constrs_1/new/NN.xdc:2]
CRITICAL WARNING: [Common 17-55] 'set_property' expects at least one object. [C:/projects/NN_copy/NN_copy.srcs/constrs_1/new/NN.xdc:2]
Resolution: If [get_<value>] was used to populate the object, check to make sure this command returns at least one valid object.
WARNING: [Vivado 12-584] No ports matched 'm_axis_tdata[61]'. [C:/projects/NN_copy/NN_copy.srcs/constrs_1/new/NN.xdc:3]
CRITICAL WARNING: [Common 17-55] 'set_property' expects at least one object. [C:/projects/NN_copy/NN_copy.srcs/constrs_1/new/NN.xdc:3]
Resolution: If [get_<value>] was used to populate the object, check to make sure this command returns at least one valid object.
WARNING: [Vivado 12-584] No ports matched 'm_axis_tdata[60]'. [C:/projects/NN_copy/NN_copy.srcs/constrs_1/new/NN.xdc:4]
CRITICAL WARNING: [Common 17-55] 'set_property' expects at least one object. [C:/projects/NN_copy/NN_copy.srcs/constrs_1/new/NN.xdc:4]
Resolution: If [get_<value>] was used to populate the object, check to make sure this command returns at least one valid object.
WARNING: [Vivado 12-584] No ports matched 'm_axis_tdata[59]'. [C:/projects/NN_copy/NN_copy.srcs/constrs_1/new/NN.xdc:5]
CRITICAL WARNING: [Common 17-55] 'set_property' expects at least one object. [C:/projects/NN_copy/NN_copy.srcs/constrs_1/new/NN.xdc:5]
Resolution: If [get_<value>] was used to populate the object, check to make sure this command returns at least one valid object.
WARNING: [Vivado 12-584] No ports matched 'm_axis_tdata[58]'. [C:/projects/NN_copy/NN_copy.srcs/constrs_1/new/NN.xdc:6]
CRITICAL WARNING: [Common 17-55] 'set_property' expects at least one object. [C:/projects/NN_copy/NN_copy.srcs/constrs_1/new/NN.xdc:6]
Resolution: If [get_<value>] was used to populate the object, check to make sure this command returns at least one valid object.
WARNING: [Vivado 12-584] No ports matched 'm_axis_tdata[57]'. [C:/projects/NN_copy/NN_copy.srcs/constrs_1/new/NN.xdc:7]
CRITICAL WARNING: [Common 17-55] 'set_property' expects at least one object. [C:/projects/NN_copy/NN_copy.srcs/constrs_1/new/NN.xdc:7]
Resolution: If [get_<value>] was used to populate the object, check to make sure this command returns at least one valid object.
WARNING: [Vivado 12-584] No ports matched 'm_axis_tdata[56]'. [C:/projects/NN_copy/NN_copy.srcs/constrs_1/new/NN.xdc:8]
CRITICAL WARNING: [Common 17-55] 'set_property' expects at least one object. [C:/projects/NN_copy/NN_copy.srcs/constrs_1/new/NN.xdc:8]
Resolution: If [get_<value>] was used to populate the object, check to make sure this command returns at least one valid object.
WARNING: [Vivado 12-584] No ports matched 'm_axis_tdata[55]'. [C:/projects/NN_copy/NN_copy.srcs/constrs_1/new/NN.xdc:9]
CRITICAL WARNING: [Common 17-55] 'set_property' expects at least one object. [C:/projects/NN_copy/NN_copy.srcs/constrs_1/new/NN.xdc:9]
Resolution: If [get_<value>] was used to populate the object, check to make sure this command returns at least one valid object.
WARNING: [Vivado 12-584] No ports matched 'm_axis_tdata[54]'. [C:/projects/NN_copy/NN_copy.srcs/constrs_1/new/NN.xdc:10]
CRITICAL WARNING: [Common 17-55] 'set_property' expects at least one object. [C:/projects/NN_copy/NN_copy.srcs/constrs_1/new/NN.xdc:10]
Resolution: If [get_<value>] was used to populate the object, check to make sure this command returns at least one valid object.
WARNING: [Vivado 12-584] No ports matched 'm_axis_tdata[53]'. [C:/projects/NN_copy/NN_copy.srcs/constrs_1/new/NN.xdc:11]
CRITICAL WARNING: [Common 17-55] 'set_property' expects at least one object. [C:/projects/NN_copy/NN_copy.srcs/constrs_1/new/NN.xdc:11]
Resolution: If [get_<value>] was used to populate the object, check to make sure this command returns at least one valid object.
WARNING: [Vivado 12-584] No ports matched 'm_axis_tdata[52]'. [C:/projects/NN_copy/NN_copy.srcs/constrs_1/new/NN.xdc:12]
CRITICAL WARNING: [Common 17-55] 'set_property' expects at least one object. [C:/projects/NN_copy/NN_copy.srcs/constrs_1/new/NN.xdc:12]
Resolution: If [get_<value>] was used to populate the object, check to make sure this command returns at least one valid object.
WARNING: [Vivado 12-584] No ports matched 'm_axis_tdata[51]'. [C:/projects/NN_copy/NN_copy.srcs/constrs_1/new/NN.xdc:13]
CRITICAL WARNING: [Common 17-55] 'set_property' expects at least one object. [C:/projects/NN_copy/NN_copy.srcs/constrs_1/new/NN.xdc:13]
Resolution: If [get_<value>] was used to populate the object, check to make sure this command returns at least one valid object.
WARNING: [Vivado 12-584] No ports matched 'm_axis_tdata[50]'. [C:/projects/NN_copy/NN_copy.srcs/constrs_1/new/NN.xdc:14]
CRITICAL WARNING: [Common 17-55] 'set_property' expects at least one object. [C:/projects/NN_copy/NN_copy.srcs/constrs_1/new/NN.xdc:14]
Resolution: If [get_<value>] was used to populate the object, check to make sure this command returns at least one valid object.
WARNING: [Vivado 12-584] No ports matched 'm_axis_tdata[49]'. [C:/projects/NN_copy/NN_copy.srcs/constrs_1/new/NN.xdc:15]
CRITICAL WARNING: [Common 17-55] 'set_property' expects at least one object. [C:/projects/NN_copy/NN_copy.srcs/constrs_1/new/NN.xdc:15]
Resolution: If [get_<value>] was used to populate the object, check to make sure this command returns at least one valid object.
WARNING: [Vivado 12-584] No ports matched 'm_axis_tdata[48]'. [C:/projects/NN_copy/NN_copy.srcs/constrs_1/new/NN.xdc:16]
CRITICAL WARNING: [Common 17-55] 'set_property' expects at least one object. [C:/projects/NN_copy/NN_copy.srcs/constrs_1/new/NN.xdc:16]
Resolution: If [get_<value>] was used to populate the object, check to make sure this command returns at least one valid object.
WARNING: [Vivado 12-584] No ports matched 'm_axis_tdata[47]'. [C:/projects/NN_copy/NN_copy.srcs/constrs_1/new/NN.xdc:17]
CRITICAL WARNING: [Common 17-55] 'set_property' expects at least one object. [C:/projects/NN_copy/NN_copy.srcs/constrs_1/new/NN.xdc:17]
Resolution: If [get_<value>] was used to populate the object, check to make sure this command returns at least one valid object.
WARNING: [Vivado 12-584] No ports matched 'm_axis_tdata[46]'. [C:/projects/NN_copy/NN_copy.srcs/constrs_1/new/NN.xdc:18]
CRITICAL WARNING: [Common 17-55] 'set_property' expects at least one object. [C:/projects/NN_copy/NN_copy.srcs/constrs_1/new/NN.xdc:18]
Resolution: If [get_<value>] was used to populate the object, check to make sure this command returns at least one valid object.
WARNING: [Vivado 12-584] No ports matched 'm_axis_tdata[45]'. [C:/projects/NN_copy/NN_copy.srcs/constrs_1/new/NN.xdc:19]
CRITICAL WARNING: [Common 17-55] 'set_property' expects at least one object. [C:/projects/NN_copy/NN_copy.srcs/constrs_1/new/NN.xdc:19]
Resolution: If [get_<value>] was used to populate the object, check to make sure this command returns at least one valid object.
WARNING: [Vivado 12-584] No ports matched 'm_axis_tdata[44]'. [C:/projects/NN_copy/NN_copy.srcs/constrs_1/new/NN.xdc:20]
CRITICAL WARNING: [Common 17-55] 'set_property' expects at least one object. [C:/projects/NN_copy/NN_copy.srcs/constrs_1/new/NN.xdc:20]
Resolution: If [get_<value>] was used to populate the object, check to make sure this command returns at least one valid object.
WARNING: [Vivado 12-584] No ports matched 'm_axis_tdata[43]'. [C:/projects/NN_copy/NN_copy.srcs/constrs_1/new/NN.xdc:21]
CRITICAL WARNING: [Common 17-55] 'set_property' expects at least one object. [C:/projects/NN_copy/NN_copy.srcs/constrs_1/new/NN.xdc:21]
Resolution: If [get_<value>] was used to populate the object, check to make sure this command returns at least one valid object.
WARNING: [Vivado 12-584] No ports matched 'm_axis_tdata[42]'. [C:/projects/NN_copy/NN_copy.srcs/constrs_1/new/NN.xdc:22]
CRITICAL WARNING: [Common 17-55] 'set_property' expects at least one object. [C:/projects/NN_copy/NN_copy.srcs/constrs_1/new/NN.xdc:22]
Resolution: If [get_<value>] was used to populate the object, check to make sure this command returns at least one valid object.
WARNING: [Vivado 12-584] No ports matched 'm_axis_tdata[41]'. [C:/projects/NN_copy/NN_copy.srcs/constrs_1/new/NN.xdc:23]
CRITICAL WARNING: [Common 17-55] 'set_property' expects at least one object. [C:/projects/NN_copy/NN_copy.srcs/constrs_1/new/NN.xdc:23]
Resolution: If [get_<value>] was used to populate the object, check to make sure this command returns at least one valid object.
WARNING: [Vivado 12-584] No ports matched 'm_axis_tdata[40]'. [C:/projects/NN_copy/NN_copy.srcs/constrs_1/new/NN.xdc:24]
CRITICAL WARNING: [Common 17-55] 'set_property' expects at least one object. [C:/projects/NN_copy/NN_copy.srcs/constrs_1/new/NN.xdc:24]
Resolution: If [get_<value>] was used to populate the object, check to make sure this command returns at least one valid object.
WARNING: [Vivado 12-584] No ports matched 'm_axis_tdata[39]'. [C:/projects/NN_copy/NN_copy.srcs/constrs_1/new/NN.xdc:25]
CRITICAL WARNING: [Common 17-55] 'set_property' expects at least one object. [C:/projects/NN_copy/NN_copy.srcs/constrs_1/new/NN.xdc:25]
Resolution: If [get_<value>] was used to populate the object, check to make sure this command returns at least one valid object.
WARNING: [Vivado 12-584] No ports matched 'm_axis_tdata[38]'. [C:/projects/NN_copy/NN_copy.srcs/constrs_1/new/NN.xdc:26]
CRITICAL WARNING: [Common 17-55] 'set_property' expects at least one object. [C:/projects/NN_copy/NN_copy.srcs/constrs_1/new/NN.xdc:26]
Resolution: If [get_<value>] was used to populate the object, check to make sure this command returns at least one valid object.
WARNING: [Vivado 12-584] No ports matched 'm_axis_tdata[37]'. [C:/projects/NN_copy/NN_copy.srcs/constrs_1/new/NN.xdc:27]
CRITICAL WARNING: [Common 17-55] 'set_property' expects at least one object. [C:/projects/NN_copy/NN_copy.srcs/constrs_1/new/NN.xdc:27]
Resolution: If [get_<value>] was used to populate the object, check to make sure this command returns at least one valid object.
WARNING: [Vivado 12-584] No ports matched 'm_axis_tdata[36]'. [C:/projects/NN_copy/NN_copy.srcs/constrs_1/new/NN.xdc:28]
CRITICAL WARNING: [Common 17-55] 'set_property' expects at least one object. [C:/projects/NN_copy/NN_copy.srcs/constrs_1/new/NN.xdc:28]
Resolution: If [get_<value>] was used to populate the object, check to make sure this command returns at least one valid object.
WARNING: [Vivado 12-584] No ports matched 'm_axis_tdata[35]'. [C:/projects/NN_copy/NN_copy.srcs/constrs_1/new/NN.xdc:29]
CRITICAL WARNING: [Common 17-55] 'set_property' expects at least one object. [C:/projects/NN_copy/NN_copy.srcs/constrs_1/new/NN.xdc:29]
Resolution: If [get_<value>] was used to populate the object, check to make sure this command returns at least one valid object.
WARNING: [Vivado 12-584] No ports matched 'm_axis_tdata[34]'. [C:/projects/NN_copy/NN_copy.srcs/constrs_1/new/NN.xdc:30]
CRITICAL WARNING: [Common 17-55] 'set_property' expects at least one object. [C:/projects/NN_copy/NN_copy.srcs/constrs_1/new/NN.xdc:30]
Resolution: If [get_<value>] was used to populate the object, check to make sure this command returns at least one valid object.
WARNING: [Vivado 12-584] No ports matched 'm_axis_tdata[33]'. [C:/projects/NN_copy/NN_copy.srcs/constrs_1/new/NN.xdc:31]
CRITICAL WARNING: [Common 17-55] 'set_property' expects at least one object. [C:/projects/NN_copy/NN_copy.srcs/constrs_1/new/NN.xdc:31]
Resolution: If [get_<value>] was used to populate the object, check to make sure this command returns at least one valid object.
WARNING: [Vivado 12-584] No ports matched 'm_axis_tdata[32]'. [C:/projects/NN_copy/NN_copy.srcs/constrs_1/new/NN.xdc:32]
CRITICAL WARNING: [Common 17-55] 'set_property' expects at least one object. [C:/projects/NN_copy/NN_copy.srcs/constrs_1/new/NN.xdc:32]
Resolution: If [get_<value>] was used to populate the object, check to make sure this command returns at least one valid object.
WARNING: [Vivado 12-584] No ports matched 'm_axis_tdata[31]'. [C:/projects/NN_copy/NN_copy.srcs/constrs_1/new/NN.xdc:33]
CRITICAL WARNING: [Common 17-55] 'set_property' expects at least one object. [C:/projects/NN_copy/NN_copy.srcs/constrs_1/new/NN.xdc:33]
Resolution: If [get_<value>] was used to populate the object, check to make sure this command returns at least one valid object.
WARNING: [Vivado 12-584] No ports matched 'm_axis_tdata[30]'. [C:/projects/NN_copy/NN_copy.srcs/constrs_1/new/NN.xdc:34]
CRITICAL WARNING: [Common 17-55] 'set_property' expects at least one object. [C:/projects/NN_copy/NN_copy.srcs/constrs_1/new/NN.xdc:34]
Resolution: If [get_<value>] was used to populate the object, check to make sure this command returns at least one valid object.
WARNING: [Vivado 12-584] No ports matched 'm_axis_tdata[29]'. [C:/projects/NN_copy/NN_copy.srcs/constrs_1/new/NN.xdc:35]
CRITICAL WARNING: [Common 17-55] 'set_property' expects at least one object. [C:/projects/NN_copy/NN_copy.srcs/constrs_1/new/NN.xdc:35]
Resolution: If [get_<value>] was used to populate the object, check to make sure this command returns at least one valid object.
WARNING: [Vivado 12-584] No ports matched 'm_axis_tdata[28]'. [C:/projects/NN_copy/NN_copy.srcs/constrs_1/new/NN.xdc:36]
CRITICAL WARNING: [Common 17-55] 'set_property' expects at least one object. [C:/projects/NN_copy/NN_copy.srcs/constrs_1/new/NN.xdc:36]
Resolution: If [get_<value>] was used to populate the object, check to make sure this command returns at least one valid object.
WARNING: [Vivado 12-584] No ports matched 'm_axis_tdata[27]'. [C:/projects/NN_copy/NN_copy.srcs/constrs_1/new/NN.xdc:37]
CRITICAL WARNING: [Common 17-55] 'set_property' expects at least one object. [C:/projects/NN_copy/NN_copy.srcs/constrs_1/new/NN.xdc:37]
Resolution: If [get_<value>] was used to populate the object, check to make sure this command returns at least one valid object.
WARNING: [Vivado 12-584] No ports matched 'm_axis_tdata[26]'. [C:/projects/NN_copy/NN_copy.srcs/constrs_1/new/NN.xdc:38]
CRITICAL WARNING: [Common 17-55] 'set_property' expects at least one object. [C:/projects/NN_copy/NN_copy.srcs/constrs_1/new/NN.xdc:38]
Resolution: If [get_<value>] was used to populate the object, check to make sure this command returns at least one valid object.
WARNING: [Vivado 12-584] No ports matched 'm_axis_tdata[25]'. [C:/projects/NN_copy/NN_copy.srcs/constrs_1/new/NN.xdc:39]
CRITICAL WARNING: [Common 17-55] 'set_property' expects at least one object. [C:/projects/NN_copy/NN_copy.srcs/constrs_1/new/NN.xdc:39]
Resolution: If [get_<value>] was used to populate the object, check to make sure this command returns at least one valid object.
WARNING: [Vivado 12-584] No ports matched 'm_axis_tdata[24]'. [C:/projects/NN_copy/NN_copy.srcs/constrs_1/new/NN.xdc:40]
CRITICAL WARNING: [Common 17-55] 'set_property' expects at least one object. [C:/projects/NN_copy/NN_copy.srcs/constrs_1/new/NN.xdc:40]
Resolution: If [get_<value>] was used to populate the object, check to make sure this command returns at least one valid object.
WARNING: [Vivado 12-584] No ports matched 'm_axis_tdata[23]'. [C:/projects/NN_copy/NN_copy.srcs/constrs_1/new/NN.xdc:41]
CRITICAL WARNING: [Common 17-55] 'set_property' expects at least one object. [C:/projects/NN_copy/NN_copy.srcs/constrs_1/new/NN.xdc:41]
Resolution: If [get_<value>] was used to populate the object, check to make sure this command returns at least one valid object.
WARNING: [Vivado 12-584] No ports matched 'm_axis_tdata[22]'. [C:/projects/NN_copy/NN_copy.srcs/constrs_1/new/NN.xdc:42]
CRITICAL WARNING: [Common 17-55] 'set_property' expects at least one object. [C:/projects/NN_copy/NN_copy.srcs/constrs_1/new/NN.xdc:42]
Resolution: If [get_<value>] was used to populate the object, check to make sure this command returns at least one valid object.
WARNING: [Vivado 12-584] No ports matched 'm_axis_tdata[21]'. [C:/projects/NN_copy/NN_copy.srcs/constrs_1/new/NN.xdc:43]
CRITICAL WARNING: [Common 17-55] 'set_property' expects at least one object. [C:/projects/NN_copy/NN_copy.srcs/constrs_1/new/NN.xdc:43]
Resolution: If [get_<value>] was used to populate the object, check to make sure this command returns at least one valid object.
WARNING: [Vivado 12-584] No ports matched 'm_axis_tdata[20]'. [C:/projects/NN_copy/NN_copy.srcs/constrs_1/new/NN.xdc:44]
CRITICAL WARNING: [Common 17-55] 'set_property' expects at least one object. [C:/projects/NN_copy/NN_copy.srcs/constrs_1/new/NN.xdc:44]
Resolution: If [get_<value>] was used to populate the object, check to make sure this command returns at least one valid object.
WARNING: [Vivado 12-584] No ports matched 'm_axis_tdata[19]'. [C:/projects/NN_copy/NN_copy.srcs/constrs_1/new/NN.xdc:45]
CRITICAL WARNING: [Common 17-55] 'set_property' expects at least one object. [C:/projects/NN_copy/NN_copy.srcs/constrs_1/new/NN.xdc:45]
Resolution: If [get_<value>] was used to populate the object, check to make sure this command returns at least one valid object.
WARNING: [Vivado 12-584] No ports matched 'm_axis_tdata[18]'. [C:/projects/NN_copy/NN_copy.srcs/constrs_1/new/NN.xdc:46]
CRITICAL WARNING: [Common 17-55] 'set_property' expects at least one object. [C:/projects/NN_copy/NN_copy.srcs/constrs_1/new/NN.xdc:46]
Resolution: If [get_<value>] was used to populate the object, check to make sure this command returns at least one valid object.
WARNING: [Vivado 12-584] No ports matched 'm_axis_tdata[17]'. [C:/projects/NN_copy/NN_copy.srcs/constrs_1/new/NN.xdc:47]
CRITICAL WARNING: [Common 17-55] 'set_property' expects at least one object. [C:/projects/NN_copy/NN_copy.srcs/constrs_1/new/NN.xdc:47]
Resolution: If [get_<value>] was used to populate the object, check to make sure this command returns at least one valid object.
WARNING: [Vivado 12-584] No ports matched 'm_axis_tdata[16]'. [C:/projects/NN_copy/NN_copy.srcs/constrs_1/new/NN.xdc:48]
CRITICAL WARNING: [Common 17-55] 'set_property' expects at least one object. [C:/projects/NN_copy/NN_copy.srcs/constrs_1/new/NN.xdc:48]
Resolution: If [get_<value>] was used to populate the object, check to make sure this command returns at least one valid object.
WARNING: [Vivado 12-584] No ports matched 'm_axis_tdata[15]'. [C:/projects/NN_copy/NN_copy.srcs/constrs_1/new/NN.xdc:49]
CRITICAL WARNING: [Common 17-55] 'set_property' expects at least one object. [C:/projects/NN_copy/NN_copy.srcs/constrs_1/new/NN.xdc:49]
Resolution: If [get_<value>] was used to populate the object, check to make sure this command returns at least one valid object.
WARNING: [Vivado 12-584] No ports matched 'm_axis_tdata[14]'. [C:/projects/NN_copy/NN_copy.srcs/constrs_1/new/NN.xdc:50]
CRITICAL WARNING: [Common 17-55] 'set_property' expects at least one object. [C:/projects/NN_copy/NN_copy.srcs/constrs_1/new/NN.xdc:50]
Resolution: If [get_<value>] was used to populate the object, check to make sure this command returns at least one valid object.
WARNING: [Vivado 12-584] No ports matched 'm_axis_tdata[13]'. [C:/projects/NN_copy/NN_copy.srcs/constrs_1/new/NN.xdc:51]
CRITICAL WARNING: [Common 17-55] 'set_property' expects at least one object. [C:/projects/NN_copy/NN_copy.srcs/constrs_1/new/NN.xdc:51]
Resolution: If [get_<value>] was used to populate the object, check to make sure this command returns at least one valid object.
WARNING: [Vivado 12-584] No ports matched 'm_axis_tdata[12]'. [C:/projects/NN_copy/NN_copy.srcs/constrs_1/new/NN.xdc:52]
CRITICAL WARNING: [Common 17-55] 'set_property' expects at least one object. [C:/projects/NN_copy/NN_copy.srcs/constrs_1/new/NN.xdc:52]
Resolution: If [get_<value>] was used to populate the object, check to make sure this command returns at least one valid object.
WARNING: [Vivado 12-584] No ports matched 'm_axis_tdata[11]'. [C:/projects/NN_copy/NN_copy.srcs/constrs_1/new/NN.xdc:53]
CRITICAL WARNING: [Common 17-55] 'set_property' expects at least one object. [C:/projects/NN_copy/NN_copy.srcs/constrs_1/new/NN.xdc:53]
Resolution: If [get_<value>] was used to populate the object, check to make sure this command returns at least one valid object.
WARNING: [Vivado 12-584] No ports matched 'm_axis_tdata[10]'. [C:/projects/NN_copy/NN_copy.srcs/constrs_1/new/NN.xdc:54]
CRITICAL WARNING: [Common 17-55] 'set_property' expects at least one object. [C:/projects/NN_copy/NN_copy.srcs/constrs_1/new/NN.xdc:54]
Resolution: If [get_<value>] was used to populate the object, check to make sure this command returns at least one valid object.
WARNING: [Vivado 12-584] No ports matched 'm_axis_tdata[9]'. [C:/projects/NN_copy/NN_copy.srcs/constrs_1/new/NN.xdc:55]
CRITICAL WARNING: [Common 17-55] 'set_property' expects at least one object. [C:/projects/NN_copy/NN_copy.srcs/constrs_1/new/NN.xdc:55]
Resolution: If [get_<value>] was used to populate the object, check to make sure this command returns at least one valid object.
WARNING: [Vivado 12-584] No ports matched 'm_axis_tdata[8]'. [C:/projects/NN_copy/NN_copy.srcs/constrs_1/new/NN.xdc:56]
CRITICAL WARNING: [Common 17-55] 'set_property' expects at least one object. [C:/projects/NN_copy/NN_copy.srcs/constrs_1/new/NN.xdc:56]
Resolution: If [get_<value>] was used to populate the object, check to make sure this command returns at least one valid object.
WARNING: [Vivado 12-584] No ports matched 'm_axis_tdata[7]'. [C:/projects/NN_copy/NN_copy.srcs/constrs_1/new/NN.xdc:57]
CRITICAL WARNING: [Common 17-55] 'set_property' expects at least one object. [C:/projects/NN_copy/NN_copy.srcs/constrs_1/new/NN.xdc:57]
Resolution: If [get_<value>] was used to populate the object, check to make sure this command returns at least one valid object.
WARNING: [Vivado 12-584] No ports matched 'm_axis_tdata[6]'. [C:/projects/NN_copy/NN_copy.srcs/constrs_1/new/NN.xdc:58]
CRITICAL WARNING: [Common 17-55] 'set_property' expects at least one object. [C:/projects/NN_copy/NN_copy.srcs/constrs_1/new/NN.xdc:58]
Resolution: If [get_<value>] was used to populate the object, check to make sure this command returns at least one valid object.
WARNING: [Vivado 12-584] No ports matched 'm_axis_tdata[5]'. [C:/projects/NN_copy/NN_copy.srcs/constrs_1/new/NN.xdc:59]
CRITICAL WARNING: [Common 17-55] 'set_property' expects at least one object. [C:/projects/NN_copy/NN_copy.srcs/constrs_1/new/NN.xdc:59]
Resolution: If [get_<value>] was used to populate the object, check to make sure this command returns at least one valid object.
WARNING: [Vivado 12-584] No ports matched 'm_axis_tdata[4]'. [C:/projects/NN_copy/NN_copy.srcs/constrs_1/new/NN.xdc:60]
CRITICAL WARNING: [Common 17-55] 'set_property' expects at least one object. [C:/projects/NN_copy/NN_copy.srcs/constrs_1/new/NN.xdc:60]
Resolution: If [get_<value>] was used to populate the object, check to make sure this command returns at least one valid object.
WARNING: [Vivado 12-584] No ports matched 'm_axis_tdata[3]'. [C:/projects/NN_copy/NN_copy.srcs/constrs_1/new/NN.xdc:61]
CRITICAL WARNING: [Common 17-55] 'set_property' expects at least one object. [C:/projects/NN_copy/NN_copy.srcs/constrs_1/new/NN.xdc:61]
Resolution: If [get_<value>] was used to populate the object, check to make sure this command returns at least one valid object.
WARNING: [Vivado 12-584] No ports matched 'm_axis_tdata[2]'. [C:/projects/NN_copy/NN_copy.srcs/constrs_1/new/NN.xdc:62]
CRITICAL WARNING: [Common 17-55] 'set_property' expects at least one object. [C:/projects/NN_copy/NN_copy.srcs/constrs_1/new/NN.xdc:62]
Resolution: If [get_<value>] was used to populate the object, check to make sure this command returns at least one valid object.
WARNING: [Vivado 12-584] No ports matched 'm_axis_tdata[1]'. [C:/projects/NN_copy/NN_copy.srcs/constrs_1/new/NN.xdc:63]
CRITICAL WARNING: [Common 17-55] 'set_property' expects at least one object. [C:/projects/NN_copy/NN_copy.srcs/constrs_1/new/NN.xdc:63]
Resolution: If [get_<value>] was used to populate the object, check to make sure this command returns at least one valid object.
WARNING: [Vivado 12-584] No ports matched 'm_axis_tdata[0]'. [C:/projects/NN_copy/NN_copy.srcs/constrs_1/new/NN.xdc:64]
CRITICAL WARNING: [Common 17-55] 'set_property' expects at least one object. [C:/projects/NN_copy/NN_copy.srcs/constrs_1/new/NN.xdc:64]
Resolution: If [get_<value>] was used to populate the object, check to make sure this command returns at least one valid object.
WARNING: [Vivado 12-584] No ports matched 's_axis_tdata[63]'. [C:/projects/NN_copy/NN_copy.srcs/constrs_1/new/NN.xdc:65]
CRITICAL WARNING: [Common 17-55] 'set_property' expects at least one object. [C:/projects/NN_copy/NN_copy.srcs/constrs_1/new/NN.xdc:65]
Resolution: If [get_<value>] was used to populate the object, check to make sure this command returns at least one valid object.
WARNING: [Vivado 12-584] No ports matched 's_axis_tdata[62]'. [C:/projects/NN_copy/NN_copy.srcs/constrs_1/new/NN.xdc:66]
CRITICAL WARNING: [Common 17-55] 'set_property' expects at least one object. [C:/projects/NN_copy/NN_copy.srcs/constrs_1/new/NN.xdc:66]
Resolution: If [get_<value>] was used to populate the object, check to make sure this command returns at least one valid object.
WARNING: [Vivado 12-584] No ports matched 's_axis_tdata[61]'. [C:/projects/NN_copy/NN_copy.srcs/constrs_1/new/NN.xdc:67]
CRITICAL WARNING: [Common 17-55] 'set_property' expects at least one object. [C:/projects/NN_copy/NN_copy.srcs/constrs_1/new/NN.xdc:67]
Resolution: If [get_<value>] was used to populate the object, check to make sure this command returns at least one valid object.
WARNING: [Vivado 12-584] No ports matched 's_axis_tdata[60]'. [C:/projects/NN_copy/NN_copy.srcs/constrs_1/new/NN.xdc:68]
CRITICAL WARNING: [Common 17-55] 'set_property' expects at least one object. [C:/projects/NN_copy/NN_copy.srcs/constrs_1/new/NN.xdc:68]
Resolution: If [get_<value>] was used to populate the object, check to make sure this command returns at least one valid object.
WARNING: [Vivado 12-584] No ports matched 's_axis_tdata[59]'. [C:/projects/NN_copy/NN_copy.srcs/constrs_1/new/NN.xdc:69]
CRITICAL WARNING: [Common 17-55] 'set_property' expects at least one object. [C:/projects/NN_copy/NN_copy.srcs/constrs_1/new/NN.xdc:69]
Resolution: If [get_<value>] was used to populate the object, check to make sure this command returns at least one valid object.
WARNING: [Vivado 12-584] No ports matched 's_axis_tdata[58]'. [C:/projects/NN_copy/NN_copy.srcs/constrs_1/new/NN.xdc:70]
CRITICAL WARNING: [Common 17-55] 'set_property' expects at least one object. [C:/projects/NN_copy/NN_copy.srcs/constrs_1/new/NN.xdc:70]
Resolution: If [get_<value>] was used to populate the object, check to make sure this command returns at least one valid object.
WARNING: [Vivado 12-584] No ports matched 's_axis_tdata[57]'. [C:/projects/NN_copy/NN_copy.srcs/constrs_1/new/NN.xdc:71]
CRITICAL WARNING: [Common 17-55] 'set_property' expects at least one object. [C:/projects/NN_copy/NN_copy.srcs/constrs_1/new/NN.xdc:71]
Resolution: If [get_<value>] was used to populate the object, check to make sure this command returns at least one valid object.
WARNING: [Vivado 12-584] No ports matched 's_axis_tdata[56]'. [C:/projects/NN_copy/NN_copy.srcs/constrs_1/new/NN.xdc:72]
CRITICAL WARNING: [Common 17-55] 'set_property' expects at least one object. [C:/projects/NN_copy/NN_copy.srcs/constrs_1/new/NN.xdc:72]
Resolution: If [get_<value>] was used to populate the object, check to make sure this command returns at least one valid object.
WARNING: [Vivado 12-584] No ports matched 's_axis_tdata[55]'. [C:/projects/NN_copy/NN_copy.srcs/constrs_1/new/NN.xdc:73]
CRITICAL WARNING: [Common 17-55] 'set_property' expects at least one object. [C:/projects/NN_copy/NN_copy.srcs/constrs_1/new/NN.xdc:73]
Resolution: If [get_<value>] was used to populate the object, check to make sure this command returns at least one valid object.
WARNING: [Vivado 12-584] No ports matched 's_axis_tdata[54]'. [C:/projects/NN_copy/NN_copy.srcs/constrs_1/new/NN.xdc:74]
CRITICAL WARNING: [Common 17-55] 'set_property' expects at least one object. [C:/projects/NN_copy/NN_copy.srcs/constrs_1/new/NN.xdc:74]
Resolution: If [get_<value>] was used to populate the object, check to make sure this command returns at least one valid object.
WARNING: [Vivado 12-584] No ports matched 's_axis_tdata[53]'. [C:/projects/NN_copy/NN_copy.srcs/constrs_1/new/NN.xdc:75]
CRITICAL WARNING: [Common 17-55] 'set_property' expects at least one object. [C:/projects/NN_copy/NN_copy.srcs/constrs_1/new/NN.xdc:75]
Resolution: If [get_<value>] was used to populate the object, check to make sure this command returns at least one valid object.
WARNING: [Vivado 12-584] No ports matched 's_axis_tdata[52]'. [C:/projects/NN_copy/NN_copy.srcs/constrs_1/new/NN.xdc:76]
CRITICAL WARNING: [Common 17-55] 'set_property' expects at least one object. [C:/projects/NN_copy/NN_copy.srcs/constrs_1/new/NN.xdc:76]
Resolution: If [get_<value>] was used to populate the object, check to make sure this command returns at least one valid object.
WARNING: [Vivado 12-584] No ports matched 's_axis_tdata[51]'. [C:/projects/NN_copy/NN_copy.srcs/constrs_1/new/NN.xdc:77]
CRITICAL WARNING: [Common 17-55] 'set_property' expects at least one object. [C:/projects/NN_copy/NN_copy.srcs/constrs_1/new/NN.xdc:77]
Resolution: If [get_<value>] was used to populate the object, check to make sure this command returns at least one valid object.
WARNING: [Vivado 12-584] No ports matched 's_axis_tdata[50]'. [C:/projects/NN_copy/NN_copy.srcs/constrs_1/new/NN.xdc:78]
CRITICAL WARNING: [Common 17-55] 'set_property' expects at least one object. [C:/projects/NN_copy/NN_copy.srcs/constrs_1/new/NN.xdc:78]
Resolution: If [get_<value>] was used to populate the object, check to make sure this command returns at least one valid object.
WARNING: [Vivado 12-584] No ports matched 's_axis_tdata[49]'. [C:/projects/NN_copy/NN_copy.srcs/constrs_1/new/NN.xdc:79]
CRITICAL WARNING: [Common 17-55] 'set_property' expects at least one object. [C:/projects/NN_copy/NN_copy.srcs/constrs_1/new/NN.xdc:79]
Resolution: If [get_<value>] was used to populate the object, check to make sure this command returns at least one valid object.
WARNING: [Vivado 12-584] No ports matched 's_axis_tdata[48]'. [C:/projects/NN_copy/NN_copy.srcs/constrs_1/new/NN.xdc:80]
CRITICAL WARNING: [Common 17-55] 'set_property' expects at least one object. [C:/projects/NN_copy/NN_copy.srcs/constrs_1/new/NN.xdc:80]
Resolution: If [get_<value>] was used to populate the object, check to make sure this command returns at least one valid object.
WARNING: [Vivado 12-584] No ports matched 's_axis_tdata[47]'. [C:/projects/NN_copy/NN_copy.srcs/constrs_1/new/NN.xdc:81]
CRITICAL WARNING: [Common 17-55] 'set_property' expects at least one object. [C:/projects/NN_copy/NN_copy.srcs/constrs_1/new/NN.xdc:81]
Resolution: If [get_<value>] was used to populate the object, check to make sure this command returns at least one valid object.
WARNING: [Vivado 12-584] No ports matched 's_axis_tdata[46]'. [C:/projects/NN_copy/NN_copy.srcs/constrs_1/new/NN.xdc:82]
CRITICAL WARNING: [Common 17-55] 'set_property' expects at least one object. [C:/projects/NN_copy/NN_copy.srcs/constrs_1/new/NN.xdc:82]
Resolution: If [get_<value>] was used to populate the object, check to make sure this command returns at least one valid object.
WARNING: [Vivado 12-584] No ports matched 's_axis_tdata[45]'. [C:/projects/NN_copy/NN_copy.srcs/constrs_1/new/NN.xdc:83]
CRITICAL WARNING: [Common 17-55] 'set_property' expects at least one object. [C:/projects/NN_copy/NN_copy.srcs/constrs_1/new/NN.xdc:83]
Resolution: If [get_<value>] was used to populate the object, check to make sure this command returns at least one valid object.
WARNING: [Vivado 12-584] No ports matched 's_axis_tdata[44]'. [C:/projects/NN_copy/NN_copy.srcs/constrs_1/new/NN.xdc:84]
CRITICAL WARNING: [Common 17-55] 'set_property' expects at least one object. [C:/projects/NN_copy/NN_copy.srcs/constrs_1/new/NN.xdc:84]
Resolution: If [get_<value>] was used to populate the object, check to make sure this command returns at least one valid object.
WARNING: [Vivado 12-584] No ports matched 's_axis_tdata[43]'. [C:/projects/NN_copy/NN_copy.srcs/constrs_1/new/NN.xdc:85]
CRITICAL WARNING: [Common 17-55] 'set_property' expects at least one object. [C:/projects/NN_copy/NN_copy.srcs/constrs_1/new/NN.xdc:85]
Resolution: If [get_<value>] was used to populate the object, check to make sure this command returns at least one valid object.
WARNING: [Vivado 12-584] No ports matched 's_axis_tdata[42]'. [C:/projects/NN_copy/NN_copy.srcs/constrs_1/new/NN.xdc:86]
CRITICAL WARNING: [Common 17-55] 'set_property' expects at least one object. [C:/projects/NN_copy/NN_copy.srcs/constrs_1/new/NN.xdc:86]
Resolution: If [get_<value>] was used to populate the object, check to make sure this command returns at least one valid object.
WARNING: [Vivado 12-584] No ports matched 's_axis_tdata[41]'. [C:/projects/NN_copy/NN_copy.srcs/constrs_1/new/NN.xdc:87]
CRITICAL WARNING: [Common 17-55] 'set_property' expects at least one object. [C:/projects/NN_copy/NN_copy.srcs/constrs_1/new/NN.xdc:87]
Resolution: If [get_<value>] was used to populate the object, check to make sure this command returns at least one valid object.
WARNING: [Vivado 12-584] No ports matched 's_axis_tdata[40]'. [C:/projects/NN_copy/NN_copy.srcs/constrs_1/new/NN.xdc:88]
CRITICAL WARNING: [Common 17-55] 'set_property' expects at least one object. [C:/projects/NN_copy/NN_copy.srcs/constrs_1/new/NN.xdc:88]
Resolution: If [get_<value>] was used to populate the object, check to make sure this command returns at least one valid object.
WARNING: [Vivado 12-584] No ports matched 's_axis_tdata[39]'. [C:/projects/NN_copy/NN_copy.srcs/constrs_1/new/NN.xdc:89]
CRITICAL WARNING: [Common 17-55] 'set_property' expects at least one object. [C:/projects/NN_copy/NN_copy.srcs/constrs_1/new/NN.xdc:89]
Resolution: If [get_<value>] was used to populate the object, check to make sure this command returns at least one valid object.
WARNING: [Vivado 12-584] No ports matched 's_axis_tdata[38]'. [C:/projects/NN_copy/NN_copy.srcs/constrs_1/new/NN.xdc:90]
CRITICAL WARNING: [Common 17-55] 'set_property' expects at least one object. [C:/projects/NN_copy/NN_copy.srcs/constrs_1/new/NN.xdc:90]
Resolution: If [get_<value>] was used to populate the object, check to make sure this command returns at least one valid object.
WARNING: [Vivado 12-584] No ports matched 's_axis_tdata[37]'. [C:/projects/NN_copy/NN_copy.srcs/constrs_1/new/NN.xdc:91]
CRITICAL WARNING: [Common 17-55] 'set_property' expects at least one object. [C:/projects/NN_copy/NN_copy.srcs/constrs_1/new/NN.xdc:91]
Resolution: If [get_<value>] was used to populate the object, check to make sure this command returns at least one valid object.
WARNING: [Vivado 12-584] No ports matched 's_axis_tdata[36]'. [C:/projects/NN_copy/NN_copy.srcs/constrs_1/new/NN.xdc:92]
CRITICAL WARNING: [Common 17-55] 'set_property' expects at least one object. [C:/projects/NN_copy/NN_copy.srcs/constrs_1/new/NN.xdc:92]
Resolution: If [get_<value>] was used to populate the object, check to make sure this command returns at least one valid object.
WARNING: [Vivado 12-584] No ports matched 's_axis_tdata[35]'. [C:/projects/NN_copy/NN_copy.srcs/constrs_1/new/NN.xdc:93]
CRITICAL WARNING: [Common 17-55] 'set_property' expects at least one object. [C:/projects/NN_copy/NN_copy.srcs/constrs_1/new/NN.xdc:93]
Resolution: If [get_<value>] was used to populate the object, check to make sure this command returns at least one valid object.
WARNING: [Vivado 12-584] No ports matched 's_axis_tdata[34]'. [C:/projects/NN_copy/NN_copy.srcs/constrs_1/new/NN.xdc:94]
CRITICAL WARNING: [Common 17-55] 'set_property' expects at least one object. [C:/projects/NN_copy/NN_copy.srcs/constrs_1/new/NN.xdc:94]
Resolution: If [get_<value>] was used to populate the object, check to make sure this command returns at least one valid object.
WARNING: [Vivado 12-584] No ports matched 's_axis_tdata[33]'. [C:/projects/NN_copy/NN_copy.srcs/constrs_1/new/NN.xdc:95]
CRITICAL WARNING: [Common 17-55] 'set_property' expects at least one object. [C:/projects/NN_copy/NN_copy.srcs/constrs_1/new/NN.xdc:95]
Resolution: If [get_<value>] was used to populate the object, check to make sure this command returns at least one valid object.
WARNING: [Vivado 12-584] No ports matched 's_axis_tdata[32]'. [C:/projects/NN_copy/NN_copy.srcs/constrs_1/new/NN.xdc:96]
CRITICAL WARNING: [Common 17-55] 'set_property' expects at least one object. [C:/projects/NN_copy/NN_copy.srcs/constrs_1/new/NN.xdc:96]
Resolution: If [get_<value>] was used to populate the object, check to make sure this command returns at least one valid object.
WARNING: [Vivado 12-584] No ports matched 's_axis_tdata[31]'. [C:/projects/NN_copy/NN_copy.srcs/constrs_1/new/NN.xdc:97]
CRITICAL WARNING: [Common 17-55] 'set_property' expects at least one object. [C:/projects/NN_copy/NN_copy.srcs/constrs_1/new/NN.xdc:97]
Resolution: If [get_<value>] was used to populate the object, check to make sure this command returns at least one valid object.
WARNING: [Vivado 12-584] No ports matched 's_axis_tdata[30]'. [C:/projects/NN_copy/NN_copy.srcs/constrs_1/new/NN.xdc:98]
CRITICAL WARNING: [Common 17-55] 'set_property' expects at least one object. [C:/projects/NN_copy/NN_copy.srcs/constrs_1/new/NN.xdc:98]
Resolution: If [get_<value>] was used to populate the object, check to make sure this command returns at least one valid object.
WARNING: [Vivado 12-584] No ports matched 's_axis_tdata[29]'. [C:/projects/NN_copy/NN_copy.srcs/constrs_1/new/NN.xdc:99]
CRITICAL WARNING: [Common 17-55] 'set_property' expects at least one object. [C:/projects/NN_copy/NN_copy.srcs/constrs_1/new/NN.xdc:99]
Resolution: If [get_<value>] was used to populate the object, check to make sure this command returns at least one valid object.
WARNING: [Vivado 12-584] No ports matched 's_axis_tdata[28]'. [C:/projects/NN_copy/NN_copy.srcs/constrs_1/new/NN.xdc:100]
INFO: [Common 17-14] Message 'Vivado 12-584' appears 100 times and further instances of the messages will be disabled. Use the Tcl command set_msg_config to change the current settings. [C:/projects/NN_copy/NN_copy.srcs/constrs_1/new/NN.xdc:100]
CRITICAL WARNING: [Common 17-55] 'set_property' expects at least one object. [C:/projects/NN_copy/NN_copy.srcs/constrs_1/new/NN.xdc:100]
Resolution: If [get_<value>] was used to populate the object, check to make sure this command returns at least one valid object.
INFO: [Common 17-14] Message 'Common 17-55' appears 100 times and further instances of the messages will be disabled. Use the Tcl command set_msg_config to change the current settings. [C:/projects/NN_copy/NN_copy.srcs/constrs_1/new/NN.xdc:100]
Finished Parsing XDC File [C:/projects/NN_copy/NN_copy.srcs/constrs_1/new/NN.xdc]
Parsing XDC File [c:/projects/NN_copy/NN_copy.srcs/sources_1/bd/design_1/ip/design_1_axi_dma_0_0/design_1_axi_dma_0_0_clocks.xdc] for cell 'design_1_i/axi_dma_0/U0'
Finished Parsing XDC File [c:/projects/NN_copy/NN_copy.srcs/sources_1/bd/design_1/ip/design_1_axi_dma_0_0/design_1_axi_dma_0_0_clocks.xdc] for cell 'design_1_i/axi_dma_0/U0'
Sourcing Tcl File [C:/Xilinx/Vivado/2020.1/data/ip/xpm/xpm_cdc/tcl/xpm_cdc_async_rst.tcl] for cell 'design_1_i/axi_interconnect_1/s00_couplers/auto_pc/inst/gen_axi4_axi3.axi3_conv_inst/USE_READ.USE_SPLIT_R.read_addr_inst/USE_R_CHANNEL.cmd_queue/inst/fifo_gen_inst/inst_fifo_gen/gconvfifo.rf/grf.rf/rstblk/ngwrdrst.grst.g7serrst.gnsckt_wrst.rst_wr_reg2_inst'
Finished Sourcing Tcl File [C:/Xilinx/Vivado/2020.1/data/ip/xpm/xpm_cdc/tcl/xpm_cdc_async_rst.tcl] for cell 'design_1_i/axi_interconnect_1/s00_couplers/auto_pc/inst/gen_axi4_axi3.axi3_conv_inst/USE_READ.USE_SPLIT_R.read_addr_inst/USE_R_CHANNEL.cmd_queue/inst/fifo_gen_inst/inst_fifo_gen/gconvfifo.rf/grf.rf/rstblk/ngwrdrst.grst.g7serrst.gnsckt_wrst.rst_wr_reg2_inst'
Sourcing Tcl File [C:/Xilinx/Vivado/2020.1/data/ip/xpm/xpm_cdc/tcl/xpm_cdc_sync_rst.tcl] for cell 'design_1_i/axis_nn_0/inst/xpm_fifo_axis_1/gaxis_rst_sync.xpm_cdc_sync_rst_inst'
Finished Sourcing Tcl File [C:/Xilinx/Vivado/2020.1/data/ip/xpm/xpm_cdc/tcl/xpm_cdc_sync_rst.tcl] for cell 'design_1_i/axis_nn_0/inst/xpm_fifo_axis_1/gaxis_rst_sync.xpm_cdc_sync_rst_inst'
Sourcing Tcl File [C:/Xilinx/Vivado/2020.1/data/ip/xpm/xpm_cdc/tcl/xpm_cdc_sync_rst.tcl] for cell 'design_1_i/axis_nn_0/inst/xpm_fifo_axis_0/gaxis_rst_sync.xpm_cdc_sync_rst_inst'
Finished Sourcing Tcl File [C:/Xilinx/Vivado/2020.1/data/ip/xpm/xpm_cdc/tcl/xpm_cdc_sync_rst.tcl] for cell 'design_1_i/axis_nn_0/inst/xpm_fifo_axis_0/gaxis_rst_sync.xpm_cdc_sync_rst_inst'
Sourcing Tcl File [C:/Xilinx/Vivado/2020.1/data/ip/xpm/xpm_fifo/tcl/xpm_fifo_rst_axis.tcl] for cell 'design_1_i/axis_nn_0/inst/xpm_fifo_axis_1'
Finished Sourcing Tcl File [C:/Xilinx/Vivado/2020.1/data/ip/xpm/xpm_fifo/tcl/xpm_fifo_rst_axis.tcl] for cell 'design_1_i/axis_nn_0/inst/xpm_fifo_axis_1'
Sourcing Tcl File [C:/Xilinx/Vivado/2020.1/data/ip/xpm/xpm_fifo/tcl/xpm_fifo_rst_axis.tcl] for cell 'design_1_i/axis_nn_0/inst/xpm_fifo_axis_0'
Finished Sourcing Tcl File [C:/Xilinx/Vivado/2020.1/data/ip/xpm/xpm_fifo/tcl/xpm_fifo_rst_axis.tcl] for cell 'design_1_i/axis_nn_0/inst/xpm_fifo_axis_0'
Sourcing Tcl File [C:/Xilinx/Vivado/2020.1/data/ip/xpm/xpm_fifo/tcl/xpm_fifo_rst.tcl] for cell 'design_1_i/axi_dma_0/U0/I_PRMRY_DATAMOVER/GEN_MM2S_FULL.I_MM2S_FULL_WRAPPER/GEN_INCLUDE_MM2S_SF.I_RD_SF/I_DATA_FIFO/BLK_MEM.I_SYNC_FIFOGEN_FIFO/xpm_fifo_instance.xpm_fifo_sync_inst'
Finished Sourcing Tcl File [C:/Xilinx/Vivado/2020.1/data/ip/xpm/xpm_fifo/tcl/xpm_fifo_rst.tcl] for cell 'design_1_i/axi_dma_0/U0/I_PRMRY_DATAMOVER/GEN_MM2S_FULL.I_MM2S_FULL_WRAPPER/GEN_INCLUDE_MM2S_SF.I_RD_SF/I_DATA_FIFO/BLK_MEM.I_SYNC_FIFOGEN_FIFO/xpm_fifo_instance.xpm_fifo_sync_inst'
Sourcing Tcl File [C:/Xilinx/Vivado/2020.1/data/ip/xpm/xpm_fifo/tcl/xpm_fifo_rst.tcl] for cell 'design_1_i/axi_dma_0/U0/I_PRMRY_DATAMOVER/GEN_S2MM_FULL.I_S2MM_FULL_WRAPPER/GEN_ENABLE_INDET_BTT_SF.I_INDET_BTT/I_XD_FIFO/NON_BLK_MEM.I_SYNC_FIFOGEN_FIFO/xpm_fifo_instance.xpm_fifo_sync_inst'
Finished Sourcing Tcl File [C:/Xilinx/Vivado/2020.1/data/ip/xpm/xpm_fifo/tcl/xpm_fifo_rst.tcl] for cell 'design_1_i/axi_dma_0/U0/I_PRMRY_DATAMOVER/GEN_S2MM_FULL.I_S2MM_FULL_WRAPPER/GEN_ENABLE_INDET_BTT_SF.I_INDET_BTT/I_XD_FIFO/NON_BLK_MEM.I_SYNC_FIFOGEN_FIFO/xpm_fifo_instance.xpm_fifo_sync_inst'
Sourcing Tcl File [C:/Xilinx/Vivado/2020.1/data/ip/xpm/xpm_fifo/tcl/xpm_fifo_rst.tcl] for cell 'design_1_i/axi_dma_0/U0/I_PRMRY_DATAMOVER/GEN_S2MM_FULL.I_S2MM_FULL_WRAPPER/GEN_ENABLE_INDET_BTT_SF.I_INDET_BTT/I_DATA_FIFO/BLK_MEM.I_SYNC_FIFOGEN_FIFO/xpm_fifo_instance.xpm_fifo_sync_inst'
Finished Sourcing Tcl File [C:/Xilinx/Vivado/2020.1/data/ip/xpm/xpm_fifo/tcl/xpm_fifo_rst.tcl] for cell 'design_1_i/axi_dma_0/U0/I_PRMRY_DATAMOVER/GEN_S2MM_FULL.I_S2MM_FULL_WRAPPER/GEN_ENABLE_INDET_BTT_SF.I_INDET_BTT/I_DATA_FIFO/BLK_MEM.I_SYNC_FIFOGEN_FIFO/xpm_fifo_instance.xpm_fifo_sync_inst'
Sourcing Tcl File [C:/Xilinx/Vivado/2020.1/data/ip/xpm/xpm_memory/tcl/xpm_memory_xdc.tcl] for cell 'design_1_i/smartconnect_0/inst/s00_nodes/s00_aw_node/inst/inst_mi_handler/gen_normal_area.inst_fifo_node_payld/gen_xpm_memory_fifo.inst_fifo/gen_mem_rep[0].inst_xpm_memory'
Finished Sourcing Tcl File [C:/Xilinx/Vivado/2020.1/data/ip/xpm/xpm_memory/tcl/xpm_memory_xdc.tcl] for cell 'design_1_i/smartconnect_0/inst/s00_nodes/s00_aw_node/inst/inst_mi_handler/gen_normal_area.inst_fifo_node_payld/gen_xpm_memory_fifo.inst_fifo/gen_mem_rep[0].inst_xpm_memory'
Sourcing Tcl File [C:/Xilinx/Vivado/2020.1/data/ip/xpm/xpm_memory/tcl/xpm_memory_xdc.tcl] for cell 'design_1_i/smartconnect_0/inst/s00_nodes/s00_b_node/inst/inst_mi_handler/gen_normal_area.inst_fifo_node_payld/gen_xpm_memory_fifo.inst_fifo/gen_mem_rep[0].inst_xpm_memory'
Finished Sourcing Tcl File [C:/Xilinx/Vivado/2020.1/data/ip/xpm/xpm_memory/tcl/xpm_memory_xdc.tcl] for cell 'design_1_i/smartconnect_0/inst/s00_nodes/s00_b_node/inst/inst_mi_handler/gen_normal_area.inst_fifo_node_payld/gen_xpm_memory_fifo.inst_fifo/gen_mem_rep[0].inst_xpm_memory'
Sourcing Tcl File [C:/Xilinx/Vivado/2020.1/data/ip/xpm/xpm_memory/tcl/xpm_memory_xdc.tcl] for cell 'design_1_i/smartconnect_0/inst/s00_nodes/s00_w_node/inst/inst_mi_handler/gen_normal_area.inst_fifo_node_payld/gen_xpm_memory_fifo.inst_fifo/gen_mem_rep[0].inst_xpm_memory'
Finished Sourcing Tcl File [C:/Xilinx/Vivado/2020.1/data/ip/xpm/xpm_memory/tcl/xpm_memory_xdc.tcl] for cell 'design_1_i/smartconnect_0/inst/s00_nodes/s00_w_node/inst/inst_mi_handler/gen_normal_area.inst_fifo_node_payld/gen_xpm_memory_fifo.inst_fifo/gen_mem_rep[0].inst_xpm_memory'
Sourcing Tcl File [C:/Xilinx/Vivado/2020.1/data/ip/xpm/xpm_memory/tcl/xpm_memory_xdc.tcl] for cell 'design_1_i/axis_nn_0/inst/nn_0/xpm_memory_tdpram_wb'
Finished Sourcing Tcl File [C:/Xilinx/Vivado/2020.1/data/ip/xpm/xpm_memory/tcl/xpm_memory_xdc.tcl] for cell 'design_1_i/axis_nn_0/inst/nn_0/xpm_memory_tdpram_wb'
Sourcing Tcl File [C:/Xilinx/Vivado/2020.1/data/ip/xpm/xpm_memory/tcl/xpm_memory_xdc.tcl] for cell 'design_1_i/axis_nn_0/inst/nn_0/xpm_memory_tdpram_a'
Finished Sourcing Tcl File [C:/Xilinx/Vivado/2020.1/data/ip/xpm/xpm_memory/tcl/xpm_memory_xdc.tcl] for cell 'design_1_i/axis_nn_0/inst/nn_0/xpm_memory_tdpram_a'
Sourcing Tcl File [C:/Xilinx/Vivado/2020.1/data/ip/xpm/xpm_memory/tcl/xpm_memory_xdc.tcl] for cell 'design_1_i/axis_nn_0/inst/nn_0/xpm_memory_tdpram_k'
Finished Sourcing Tcl File [C:/Xilinx/Vivado/2020.1/data/ip/xpm/xpm_memory/tcl/xpm_memory_xdc.tcl] for cell 'design_1_i/axis_nn_0/inst/nn_0/xpm_memory_tdpram_k'
INFO: [Opt 31-138] Pushed 0 inverter(s) to 0 load pin(s).
Netlist sorting complete. Time (s): cpu = 00:00:00 ; elapsed = 00:00:00.008 . Memory (MB): peak = 1050.043 ; gain = 0.000
INFO: [Project 1-111] Unisim Transformation Summary:
  A total of 51 instances were transformed.
  RAM32M => RAM32M (RAMD32(x6), RAMS32(x2)): 50 instances
  RAM32X1D => RAM32X1D (RAMD32(x2)): 1 instance 

12 Infos, 103 Warnings, 100 Critical Warnings and 0 Errors encountered.
link_design completed successfully
link_design: Time (s): cpu = 00:00:25 ; elapsed = 00:01:04 . Memory (MB): peak = 1050.043 ; gain = 0.000
Command: opt_design
Attempting to get a license for feature 'Implementation' and/or device 'xc7z020'
INFO: [Common 17-349] Got license for feature 'Implementation' and/or device 'xc7z020'
Running DRC as a precondition to command opt_design

Starting DRC Task
INFO: [DRC 23-27] Running DRC with 2 threads
INFO: [Project 1-461] DRC finished with 0 Errors
INFO: [Project 1-462] Please refer to the DRC report (report_drc) for more information.

Time (s): cpu = 00:00:04 ; elapsed = 00:00:03 . Memory (MB): peak = 1057.406 ; gain = 7.363

Starting Cache Timing Information Task
INFO: [Timing 38-35] Done setting XDC timing constraints.
Ending Cache Timing Information Task | Checksum: 201fa7a56

Time (s): cpu = 00:00:23 ; elapsed = 00:00:25 . Memory (MB): peak = 1576.309 ; gain = 518.902

Starting Logic Optimization Task

Phase 1 Retarget
INFO: [Opt 31-138] Pushed 9 inverter(s) to 74 load pin(s).
INFO: [Opt 31-49] Retargeted 0 cell(s).
Phase 1 Retarget | Checksum: 165b06deb

Time (s): cpu = 00:00:02 ; elapsed = 00:00:02 . Memory (MB): peak = 1778.547 ; gain = 0.000
INFO: [Opt 31-389] Phase Retarget created 30 cells and removed 137 cells
INFO: [Opt 31-1021] In phase Retarget, 17 netlist objects are constrained preventing optimization. Please run opt_design with -debug_log to get more detail. 

Phase 2 Constant propagation
INFO: [Opt 31-138] Pushed 0 inverter(s) to 0 load pin(s).
Phase 2 Constant propagation | Checksum: 1267048c2

Time (s): cpu = 00:00:02 ; elapsed = 00:00:02 . Memory (MB): peak = 1778.547 ; gain = 0.000
INFO: [Opt 31-389] Phase Constant propagation created 13 cells and removed 272 cells
INFO: [Opt 31-1021] In phase Constant propagation, 20 netlist objects are constrained preventing optimization. Please run opt_design with -debug_log to get more detail. 

Phase 3 Sweep
Phase 3 Sweep | Checksum: 1d16ea210

Time (s): cpu = 00:00:05 ; elapsed = 00:00:05 . Memory (MB): peak = 1778.547 ; gain = 0.000
INFO: [Opt 31-389] Phase Sweep created 0 cells and removed 1000 cells
INFO: [Opt 31-1021] In phase Sweep, 47 netlist objects are constrained preventing optimization. Please run opt_design with -debug_log to get more detail. 

Phase 4 BUFG optimization
Phase 4 BUFG optimization | Checksum: 1d16ea210

Time (s): cpu = 00:00:06 ; elapsed = 00:00:06 . Memory (MB): peak = 1778.547 ; gain = 0.000
INFO: [Opt 31-662] Phase BUFG optimization created 0 cells of which 0 are BUFGs and removed 0 cells.

Phase 5 Shift Register Optimization
INFO: [Opt 31-1064] SRL Remap converted 0 SRLs to 0 registers and converted 0 registers of register chains to 0 SRLs
Phase 5 Shift Register Optimization | Checksum: 1d16ea210

Time (s): cpu = 00:00:06 ; elapsed = 00:00:07 . Memory (MB): peak = 1778.547 ; gain = 0.000
INFO: [Opt 31-389] Phase Shift Register Optimization created 0 cells and removed 0 cells

Phase 6 Post Processing Netlist
Phase 6 Post Processing Netlist | Checksum: 1d16ea210

Time (s): cpu = 00:00:07 ; elapsed = 00:00:07 . Memory (MB): peak = 1778.547 ; gain = 0.000
INFO: [Opt 31-389] Phase Post Processing Netlist created 0 cells and removed 0 cells
INFO: [Opt 31-1021] In phase Post Processing Netlist, 20 netlist objects are constrained preventing optimization. Please run opt_design with -debug_log to get more detail. 
Opt_design Change Summary
=========================


-------------------------------------------------------------------------------------------------------------------------
|  Phase                        |  #Cells created  |  #Cells Removed  |  #Constrained objects preventing optimizations  |
-------------------------------------------------------------------------------------------------------------------------
|  Retarget                     |              30  |             137  |                                             17  |
|  Constant propagation         |              13  |             272  |                                             20  |
|  Sweep                        |               0  |            1000  |                                             47  |
|  BUFG optimization            |               0  |               0  |                                              0  |
|  Shift Register Optimization  |               0  |               0  |                                              0  |
|  Post Processing Netlist      |               0  |               0  |                                             20  |
-------------------------------------------------------------------------------------------------------------------------



Starting Connectivity Check Task

Time (s): cpu = 00:00:00 ; elapsed = 00:00:00.053 . Memory (MB): peak = 1778.547 ; gain = 0.000
Ending Logic Optimization Task | Checksum: 18db3b98d

Time (s): cpu = 00:00:07 ; elapsed = 00:00:07 . Memory (MB): peak = 1778.547 ; gain = 0.000

Starting Power Optimization Task
INFO: [Pwropt 34-132] Skipping clock gating for clocks with a period < 2.00 ns.

*** Running vivado
    with args -log design_1_wrapper.vdi -applog -m64 -product Vivado -messageDb vivado.pb -mode batch -source design_1_wrapper.tcl -notrace



****** Vivado v2020.1 (64-bit)
  **** SW Build 2902540 on Wed May 27 19:54:49 MDT 2020
  **** IP Build 2902112 on Wed May 27 22:43:36 MDT 2020
    ** Copyright 1986-2020 Xilinx, Inc. All Rights Reserved.

source design_1_wrapper.tcl -notrace
create_project: Time (s): cpu = 00:00:05 ; elapsed = 00:00:07 . Memory (MB): peak = 1061.543 ; gain = 0.000
INFO: [IP_Flow 19-234] Refreshing IP repositories
INFO: [IP_Flow 19-1704] No user IP repositories specified
INFO: [IP_Flow 19-2313] Loaded Vivado IP repository 'C:/Xilinx/Vivado/2020.1/data/ip'.
add_files: Time (s): cpu = 00:00:06 ; elapsed = 00:00:10 . Memory (MB): peak = 1061.543 ; gain = 0.000
Command: link_design -top design_1_wrapper -part xc7z020clg484-1
Design is defaulting to srcset: sources_1
Design is defaulting to constrset: constrs_1
INFO: [Device 21-403] Loading part xc7z020clg484-1
Netlist sorting complete. Time (s): cpu = 00:00:01 ; elapsed = 00:00:00.804 . Memory (MB): peak = 1061.543 ; gain = 0.000
INFO: [Netlist 29-17] Analyzing 310 Unisim elements for replacement
INFO: [Netlist 29-28] Unisim Transformation completed in 0 CPU seconds
INFO: [Project 1-479] Netlist was created with Vivado 2020.1
INFO: [Project 1-570] Preparing netlist for logic optimization
Parsing XDC File [c:/projects/NN_copy/NN_copy.srcs/sources_1/bd/design_1/ip/design_1_processing_system7_0_0/design_1_processing_system7_0_0.xdc] for cell 'design_1_i/processing_system7_0/inst'
Finished Parsing XDC File [c:/projects/NN_copy/NN_copy.srcs/sources_1/bd/design_1/ip/design_1_processing_system7_0_0/design_1_processing_system7_0_0.xdc] for cell 'design_1_i/processing_system7_0/inst'
Parsing XDC File [c:/projects/NN_copy/NN_copy.srcs/sources_1/bd/design_1/ip/design_1_axi_dma_0_0/design_1_axi_dma_0_0.xdc] for cell 'design_1_i/axi_dma_0/U0'
WARNING: [Vivado_Tcl 4-921] Waiver ID 'CDC-1' -to list should not be empty. [c:/projects/NN_copy/NN_copy.srcs/sources_1/bd/design_1/ip/design_1_axi_dma_0_0/design_1_axi_dma_0_0.xdc:52]
WARNING: [Vivado_Tcl 4-921] Waiver ID 'CDC-1' -to list should not be empty. [c:/projects/NN_copy/NN_copy.srcs/sources_1/bd/design_1/ip/design_1_axi_dma_0_0/design_1_axi_dma_0_0.xdc:56]
WARNING: [Vivado_Tcl 4-919] Waiver ID 'CDC-1' -from list should not be empty. [c:/projects/NN_copy/NN_copy.srcs/sources_1/bd/design_1/ip/design_1_axi_dma_0_0/design_1_axi_dma_0_0.xdc:61]
Finished Parsing XDC File [c:/projects/NN_copy/NN_copy.srcs/sources_1/bd/design_1/ip/design_1_axi_dma_0_0/design_1_axi_dma_0_0.xdc] for cell 'design_1_i/axi_dma_0/U0'
Parsing XDC File [c:/projects/NN_copy/NN_copy.srcs/sources_1/bd/design_1/ip/design_1_proc_sys_reset_0_0/design_1_proc_sys_reset_0_0_board.xdc] for cell 'design_1_i/proc_sys_reset_0/U0'
Finished Parsing XDC File [c:/projects/NN_copy/NN_copy.srcs/sources_1/bd/design_1/ip/design_1_proc_sys_reset_0_0/design_1_proc_sys_reset_0_0_board.xdc] for cell 'design_1_i/proc_sys_reset_0/U0'
Parsing XDC File [c:/projects/NN_copy/NN_copy.srcs/sources_1/bd/design_1/ip/design_1_proc_sys_reset_0_0/design_1_proc_sys_reset_0_0.xdc] for cell 'design_1_i/proc_sys_reset_0/U0'
Finished Parsing XDC File [c:/projects/NN_copy/NN_copy.srcs/sources_1/bd/design_1/ip/design_1_proc_sys_reset_0_0/design_1_proc_sys_reset_0_0.xdc] for cell 'design_1_i/proc_sys_reset_0/U0'
Parsing XDC File [c:/projects/NN_copy/NN_copy.srcs/sources_1/bd/design_1/ip/design_1_smartconnect_0_0/bd_0/ip/ip_1/bd_48ac_psr_aclk_0_board.xdc] for cell 'design_1_i/smartconnect_0/inst/clk_map/psr_aclk/U0'
Finished Parsing XDC File [c:/projects/NN_copy/NN_copy.srcs/sources_1/bd/design_1/ip/design_1_smartconnect_0_0/bd_0/ip/ip_1/bd_48ac_psr_aclk_0_board.xdc] for cell 'design_1_i/smartconnect_0/inst/clk_map/psr_aclk/U0'
Parsing XDC File [c:/projects/NN_copy/NN_copy.srcs/sources_1/bd/design_1/ip/design_1_smartconnect_0_0/bd_0/ip/ip_1/bd_48ac_psr_aclk_0.xdc] for cell 'design_1_i/smartconnect_0/inst/clk_map/psr_aclk/U0'
Finished Parsing XDC File [c:/projects/NN_copy/NN_copy.srcs/sources_1/bd/design_1/ip/design_1_smartconnect_0_0/bd_0/ip/ip_1/bd_48ac_psr_aclk_0.xdc] for cell 'design_1_i/smartconnect_0/inst/clk_map/psr_aclk/U0'
Parsing XDC File [C:/projects/NN_copy/NN_copy.srcs/constrs_1/new/NN.xdc]
WARNING: [Vivado 12-584] No ports matched 'm_axis_tdata[63]'. [C:/projects/NN_copy/NN_copy.srcs/constrs_1/new/NN.xdc:1]
CRITICAL WARNING: [Common 17-55] 'set_property' expects at least one object. [C:/projects/NN_copy/NN_copy.srcs/constrs_1/new/NN.xdc:1]
Resolution: If [get_<value>] was used to populate the object, check to make sure this command returns at least one valid object.
WARNING: [Vivado 12-584] No ports matched 'm_axis_tdata[62]'. [C:/projects/NN_copy/NN_copy.srcs/constrs_1/new/NN.xdc:2]
CRITICAL WARNING: [Common 17-55] 'set_property' expects at least one object. [C:/projects/NN_copy/NN_copy.srcs/constrs_1/new/NN.xdc:2]
Resolution: If [get_<value>] was used to populate the object, check to make sure this command returns at least one valid object.
WARNING: [Vivado 12-584] No ports matched 'm_axis_tdata[61]'. [C:/projects/NN_copy/NN_copy.srcs/constrs_1/new/NN.xdc:3]
CRITICAL WARNING: [Common 17-55] 'set_property' expects at least one object. [C:/projects/NN_copy/NN_copy.srcs/constrs_1/new/NN.xdc:3]
Resolution: If [get_<value>] was used to populate the object, check to make sure this command returns at least one valid object.
WARNING: [Vivado 12-584] No ports matched 'm_axis_tdata[60]'. [C:/projects/NN_copy/NN_copy.srcs/constrs_1/new/NN.xdc:4]
CRITICAL WARNING: [Common 17-55] 'set_property' expects at least one object. [C:/projects/NN_copy/NN_copy.srcs/constrs_1/new/NN.xdc:4]
Resolution: If [get_<value>] was used to populate the object, check to make sure this command returns at least one valid object.
WARNING: [Vivado 12-584] No ports matched 'm_axis_tdata[59]'. [C:/projects/NN_copy/NN_copy.srcs/constrs_1/new/NN.xdc:5]
CRITICAL WARNING: [Common 17-55] 'set_property' expects at least one object. [C:/projects/NN_copy/NN_copy.srcs/constrs_1/new/NN.xdc:5]
Resolution: If [get_<value>] was used to populate the object, check to make sure this command returns at least one valid object.
WARNING: [Vivado 12-584] No ports matched 'm_axis_tdata[58]'. [C:/projects/NN_copy/NN_copy.srcs/constrs_1/new/NN.xdc:6]
CRITICAL WARNING: [Common 17-55] 'set_property' expects at least one object. [C:/projects/NN_copy/NN_copy.srcs/constrs_1/new/NN.xdc:6]
Resolution: If [get_<value>] was used to populate the object, check to make sure this command returns at least one valid object.
WARNING: [Vivado 12-584] No ports matched 'm_axis_tdata[57]'. [C:/projects/NN_copy/NN_copy.srcs/constrs_1/new/NN.xdc:7]
CRITICAL WARNING: [Common 17-55] 'set_property' expects at least one object. [C:/projects/NN_copy/NN_copy.srcs/constrs_1/new/NN.xdc:7]
Resolution: If [get_<value>] was used to populate the object, check to make sure this command returns at least one valid object.
WARNING: [Vivado 12-584] No ports matched 'm_axis_tdata[56]'. [C:/projects/NN_copy/NN_copy.srcs/constrs_1/new/NN.xdc:8]
CRITICAL WARNING: [Common 17-55] 'set_property' expects at least one object. [C:/projects/NN_copy/NN_copy.srcs/constrs_1/new/NN.xdc:8]
Resolution: If [get_<value>] was used to populate the object, check to make sure this command returns at least one valid object.
WARNING: [Vivado 12-584] No ports matched 'm_axis_tdata[55]'. [C:/projects/NN_copy/NN_copy.srcs/constrs_1/new/NN.xdc:9]
CRITICAL WARNING: [Common 17-55] 'set_property' expects at least one object. [C:/projects/NN_copy/NN_copy.srcs/constrs_1/new/NN.xdc:9]
Resolution: If [get_<value>] was used to populate the object, check to make sure this command returns at least one valid object.
WARNING: [Vivado 12-584] No ports matched 'm_axis_tdata[54]'. [C:/projects/NN_copy/NN_copy.srcs/constrs_1/new/NN.xdc:10]
CRITICAL WARNING: [Common 17-55] 'set_property' expects at least one object. [C:/projects/NN_copy/NN_copy.srcs/constrs_1/new/NN.xdc:10]
Resolution: If [get_<value>] was used to populate the object, check to make sure this command returns at least one valid object.
WARNING: [Vivado 12-584] No ports matched 'm_axis_tdata[53]'. [C:/projects/NN_copy/NN_copy.srcs/constrs_1/new/NN.xdc:11]
CRITICAL WARNING: [Common 17-55] 'set_property' expects at least one object. [C:/projects/NN_copy/NN_copy.srcs/constrs_1/new/NN.xdc:11]
Resolution: If [get_<value>] was used to populate the object, check to make sure this command returns at least one valid object.
WARNING: [Vivado 12-584] No ports matched 'm_axis_tdata[52]'. [C:/projects/NN_copy/NN_copy.srcs/constrs_1/new/NN.xdc:12]
CRITICAL WARNING: [Common 17-55] 'set_property' expects at least one object. [C:/projects/NN_copy/NN_copy.srcs/constrs_1/new/NN.xdc:12]
Resolution: If [get_<value>] was used to populate the object, check to make sure this command returns at least one valid object.
WARNING: [Vivado 12-584] No ports matched 'm_axis_tdata[51]'. [C:/projects/NN_copy/NN_copy.srcs/constrs_1/new/NN.xdc:13]
CRITICAL WARNING: [Common 17-55] 'set_property' expects at least one object. [C:/projects/NN_copy/NN_copy.srcs/constrs_1/new/NN.xdc:13]
Resolution: If [get_<value>] was used to populate the object, check to make sure this command returns at least one valid object.
WARNING: [Vivado 12-584] No ports matched 'm_axis_tdata[50]'. [C:/projects/NN_copy/NN_copy.srcs/constrs_1/new/NN.xdc:14]
CRITICAL WARNING: [Common 17-55] 'set_property' expects at least one object. [C:/projects/NN_copy/NN_copy.srcs/constrs_1/new/NN.xdc:14]
Resolution: If [get_<value>] was used to populate the object, check to make sure this command returns at least one valid object.
WARNING: [Vivado 12-584] No ports matched 'm_axis_tdata[49]'. [C:/projects/NN_copy/NN_copy.srcs/constrs_1/new/NN.xdc:15]
CRITICAL WARNING: [Common 17-55] 'set_property' expects at least one object. [C:/projects/NN_copy/NN_copy.srcs/constrs_1/new/NN.xdc:15]
Resolution: If [get_<value>] was used to populate the object, check to make sure this command returns at least one valid object.
WARNING: [Vivado 12-584] No ports matched 'm_axis_tdata[48]'. [C:/projects/NN_copy/NN_copy.srcs/constrs_1/new/NN.xdc:16]
CRITICAL WARNING: [Common 17-55] 'set_property' expects at least one object. [C:/projects/NN_copy/NN_copy.srcs/constrs_1/new/NN.xdc:16]
Resolution: If [get_<value>] was used to populate the object, check to make sure this command returns at least one valid object.
WARNING: [Vivado 12-584] No ports matched 'm_axis_tdata[47]'. [C:/projects/NN_copy/NN_copy.srcs/constrs_1/new/NN.xdc:17]
CRITICAL WARNING: [Common 17-55] 'set_property' expects at least one object. [C:/projects/NN_copy/NN_copy.srcs/constrs_1/new/NN.xdc:17]
Resolution: If [get_<value>] was used to populate the object, check to make sure this command returns at least one valid object.
WARNING: [Vivado 12-584] No ports matched 'm_axis_tdata[46]'. [C:/projects/NN_copy/NN_copy.srcs/constrs_1/new/NN.xdc:18]
CRITICAL WARNING: [Common 17-55] 'set_property' expects at least one object. [C:/projects/NN_copy/NN_copy.srcs/constrs_1/new/NN.xdc:18]
Resolution: If [get_<value>] was used to populate the object, check to make sure this command returns at least one valid object.
WARNING: [Vivado 12-584] No ports matched 'm_axis_tdata[45]'. [C:/projects/NN_copy/NN_copy.srcs/constrs_1/new/NN.xdc:19]
CRITICAL WARNING: [Common 17-55] 'set_property' expects at least one object. [C:/projects/NN_copy/NN_copy.srcs/constrs_1/new/NN.xdc:19]
Resolution: If [get_<value>] was used to populate the object, check to make sure this command returns at least one valid object.
WARNING: [Vivado 12-584] No ports matched 'm_axis_tdata[44]'. [C:/projects/NN_copy/NN_copy.srcs/constrs_1/new/NN.xdc:20]
CRITICAL WARNING: [Common 17-55] 'set_property' expects at least one object. [C:/projects/NN_copy/NN_copy.srcs/constrs_1/new/NN.xdc:20]
Resolution: If [get_<value>] was used to populate the object, check to make sure this command returns at least one valid object.
WARNING: [Vivado 12-584] No ports matched 'm_axis_tdata[43]'. [C:/projects/NN_copy/NN_copy.srcs/constrs_1/new/NN.xdc:21]
CRITICAL WARNING: [Common 17-55] 'set_property' expects at least one object. [C:/projects/NN_copy/NN_copy.srcs/constrs_1/new/NN.xdc:21]
Resolution: If [get_<value>] was used to populate the object, check to make sure this command returns at least one valid object.
WARNING: [Vivado 12-584] No ports matched 'm_axis_tdata[42]'. [C:/projects/NN_copy/NN_copy.srcs/constrs_1/new/NN.xdc:22]
CRITICAL WARNING: [Common 17-55] 'set_property' expects at least one object. [C:/projects/NN_copy/NN_copy.srcs/constrs_1/new/NN.xdc:22]
Resolution: If [get_<value>] was used to populate the object, check to make sure this command returns at least one valid object.
WARNING: [Vivado 12-584] No ports matched 'm_axis_tdata[41]'. [C:/projects/NN_copy/NN_copy.srcs/constrs_1/new/NN.xdc:23]
CRITICAL WARNING: [Common 17-55] 'set_property' expects at least one object. [C:/projects/NN_copy/NN_copy.srcs/constrs_1/new/NN.xdc:23]
Resolution: If [get_<value>] was used to populate the object, check to make sure this command returns at least one valid object.
WARNING: [Vivado 12-584] No ports matched 'm_axis_tdata[40]'. [C:/projects/NN_copy/NN_copy.srcs/constrs_1/new/NN.xdc:24]
CRITICAL WARNING: [Common 17-55] 'set_property' expects at least one object. [C:/projects/NN_copy/NN_copy.srcs/constrs_1/new/NN.xdc:24]
Resolution: If [get_<value>] was used to populate the object, check to make sure this command returns at least one valid object.
WARNING: [Vivado 12-584] No ports matched 'm_axis_tdata[39]'. [C:/projects/NN_copy/NN_copy.srcs/constrs_1/new/NN.xdc:25]
CRITICAL WARNING: [Common 17-55] 'set_property' expects at least one object. [C:/projects/NN_copy/NN_copy.srcs/constrs_1/new/NN.xdc:25]
Resolution: If [get_<value>] was used to populate the object, check to make sure this command returns at least one valid object.
WARNING: [Vivado 12-584] No ports matched 'm_axis_tdata[38]'. [C:/projects/NN_copy/NN_copy.srcs/constrs_1/new/NN.xdc:26]
CRITICAL WARNING: [Common 17-55] 'set_property' expects at least one object. [C:/projects/NN_copy/NN_copy.srcs/constrs_1/new/NN.xdc:26]
Resolution: If [get_<value>] was used to populate the object, check to make sure this command returns at least one valid object.
WARNING: [Vivado 12-584] No ports matched 'm_axis_tdata[37]'. [C:/projects/NN_copy/NN_copy.srcs/constrs_1/new/NN.xdc:27]
CRITICAL WARNING: [Common 17-55] 'set_property' expects at least one object. [C:/projects/NN_copy/NN_copy.srcs/constrs_1/new/NN.xdc:27]
Resolution: If [get_<value>] was used to populate the object, check to make sure this command returns at least one valid object.
WARNING: [Vivado 12-584] No ports matched 'm_axis_tdata[36]'. [C:/projects/NN_copy/NN_copy.srcs/constrs_1/new/NN.xdc:28]
CRITICAL WARNING: [Common 17-55] 'set_property' expects at least one object. [C:/projects/NN_copy/NN_copy.srcs/constrs_1/new/NN.xdc:28]
Resolution: If [get_<value>] was used to populate the object, check to make sure this command returns at least one valid object.
WARNING: [Vivado 12-584] No ports matched 'm_axis_tdata[35]'. [C:/projects/NN_copy/NN_copy.srcs/constrs_1/new/NN.xdc:29]
CRITICAL WARNING: [Common 17-55] 'set_property' expects at least one object. [C:/projects/NN_copy/NN_copy.srcs/constrs_1/new/NN.xdc:29]
Resolution: If [get_<value>] was used to populate the object, check to make sure this command returns at least one valid object.
WARNING: [Vivado 12-584] No ports matched 'm_axis_tdata[34]'. [C:/projects/NN_copy/NN_copy.srcs/constrs_1/new/NN.xdc:30]
CRITICAL WARNING: [Common 17-55] 'set_property' expects at least one object. [C:/projects/NN_copy/NN_copy.srcs/constrs_1/new/NN.xdc:30]
Resolution: If [get_<value>] was used to populate the object, check to make sure this command returns at least one valid object.
WARNING: [Vivado 12-584] No ports matched 'm_axis_tdata[33]'. [C:/projects/NN_copy/NN_copy.srcs/constrs_1/new/NN.xdc:31]
CRITICAL WARNING: [Common 17-55] 'set_property' expects at least one object. [C:/projects/NN_copy/NN_copy.srcs/constrs_1/new/NN.xdc:31]
Resolution: If [get_<value>] was used to populate the object, check to make sure this command returns at least one valid object.
WARNING: [Vivado 12-584] No ports matched 'm_axis_tdata[32]'. [C:/projects/NN_copy/NN_copy.srcs/constrs_1/new/NN.xdc:32]
CRITICAL WARNING: [Common 17-55] 'set_property' expects at least one object. [C:/projects/NN_copy/NN_copy.srcs/constrs_1/new/NN.xdc:32]
Resolution: If [get_<value>] was used to populate the object, check to make sure this command returns at least one valid object.
WARNING: [Vivado 12-584] No ports matched 'm_axis_tdata[31]'. [C:/projects/NN_copy/NN_copy.srcs/constrs_1/new/NN.xdc:33]
CRITICAL WARNING: [Common 17-55] 'set_property' expects at least one object. [C:/projects/NN_copy/NN_copy.srcs/constrs_1/new/NN.xdc:33]
Resolution: If [get_<value>] was used to populate the object, check to make sure this command returns at least one valid object.
WARNING: [Vivado 12-584] No ports matched 'm_axis_tdata[30]'. [C:/projects/NN_copy/NN_copy.srcs/constrs_1/new/NN.xdc:34]
CRITICAL WARNING: [Common 17-55] 'set_property' expects at least one object. [C:/projects/NN_copy/NN_copy.srcs/constrs_1/new/NN.xdc:34]
Resolution: If [get_<value>] was used to populate the object, check to make sure this command returns at least one valid object.
WARNING: [Vivado 12-584] No ports matched 'm_axis_tdata[29]'. [C:/projects/NN_copy/NN_copy.srcs/constrs_1/new/NN.xdc:35]
CRITICAL WARNING: [Common 17-55] 'set_property' expects at least one object. [C:/projects/NN_copy/NN_copy.srcs/constrs_1/new/NN.xdc:35]
Resolution: If [get_<value>] was used to populate the object, check to make sure this command returns at least one valid object.
WARNING: [Vivado 12-584] No ports matched 'm_axis_tdata[28]'. [C:/projects/NN_copy/NN_copy.srcs/constrs_1/new/NN.xdc:36]
CRITICAL WARNING: [Common 17-55] 'set_property' expects at least one object. [C:/projects/NN_copy/NN_copy.srcs/constrs_1/new/NN.xdc:36]
Resolution: If [get_<value>] was used to populate the object, check to make sure this command returns at least one valid object.
WARNING: [Vivado 12-584] No ports matched 'm_axis_tdata[27]'. [C:/projects/NN_copy/NN_copy.srcs/constrs_1/new/NN.xdc:37]
CRITICAL WARNING: [Common 17-55] 'set_property' expects at least one object. [C:/projects/NN_copy/NN_copy.srcs/constrs_1/new/NN.xdc:37]
Resolution: If [get_<value>] was used to populate the object, check to make sure this command returns at least one valid object.
WARNING: [Vivado 12-584] No ports matched 'm_axis_tdata[26]'. [C:/projects/NN_copy/NN_copy.srcs/constrs_1/new/NN.xdc:38]
CRITICAL WARNING: [Common 17-55] 'set_property' expects at least one object. [C:/projects/NN_copy/NN_copy.srcs/constrs_1/new/NN.xdc:38]
Resolution: If [get_<value>] was used to populate the object, check to make sure this command returns at least one valid object.
WARNING: [Vivado 12-584] No ports matched 'm_axis_tdata[25]'. [C:/projects/NN_copy/NN_copy.srcs/constrs_1/new/NN.xdc:39]
CRITICAL WARNING: [Common 17-55] 'set_property' expects at least one object. [C:/projects/NN_copy/NN_copy.srcs/constrs_1/new/NN.xdc:39]
Resolution: If [get_<value>] was used to populate the object, check to make sure this command returns at least one valid object.
WARNING: [Vivado 12-584] No ports matched 'm_axis_tdata[24]'. [C:/projects/NN_copy/NN_copy.srcs/constrs_1/new/NN.xdc:40]
CRITICAL WARNING: [Common 17-55] 'set_property' expects at least one object. [C:/projects/NN_copy/NN_copy.srcs/constrs_1/new/NN.xdc:40]
Resolution: If [get_<value>] was used to populate the object, check to make sure this command returns at least one valid object.
WARNING: [Vivado 12-584] No ports matched 'm_axis_tdata[23]'. [C:/projects/NN_copy/NN_copy.srcs/constrs_1/new/NN.xdc:41]
CRITICAL WARNING: [Common 17-55] 'set_property' expects at least one object. [C:/projects/NN_copy/NN_copy.srcs/constrs_1/new/NN.xdc:41]
Resolution: If [get_<value>] was used to populate the object, check to make sure this command returns at least one valid object.
WARNING: [Vivado 12-584] No ports matched 'm_axis_tdata[22]'. [C:/projects/NN_copy/NN_copy.srcs/constrs_1/new/NN.xdc:42]
CRITICAL WARNING: [Common 17-55] 'set_property' expects at least one object. [C:/projects/NN_copy/NN_copy.srcs/constrs_1/new/NN.xdc:42]
Resolution: If [get_<value>] was used to populate the object, check to make sure this command returns at least one valid object.
WARNING: [Vivado 12-584] No ports matched 'm_axis_tdata[21]'. [C:/projects/NN_copy/NN_copy.srcs/constrs_1/new/NN.xdc:43]
CRITICAL WARNING: [Common 17-55] 'set_property' expects at least one object. [C:/projects/NN_copy/NN_copy.srcs/constrs_1/new/NN.xdc:43]
Resolution: If [get_<value>] was used to populate the object, check to make sure this command returns at least one valid object.
WARNING: [Vivado 12-584] No ports matched 'm_axis_tdata[20]'. [C:/projects/NN_copy/NN_copy.srcs/constrs_1/new/NN.xdc:44]
CRITICAL WARNING: [Common 17-55] 'set_property' expects at least one object. [C:/projects/NN_copy/NN_copy.srcs/constrs_1/new/NN.xdc:44]
Resolution: If [get_<value>] was used to populate the object, check to make sure this command returns at least one valid object.
WARNING: [Vivado 12-584] No ports matched 'm_axis_tdata[19]'. [C:/projects/NN_copy/NN_copy.srcs/constrs_1/new/NN.xdc:45]
CRITICAL WARNING: [Common 17-55] 'set_property' expects at least one object. [C:/projects/NN_copy/NN_copy.srcs/constrs_1/new/NN.xdc:45]
Resolution: If [get_<value>] was used to populate the object, check to make sure this command returns at least one valid object.
WARNING: [Vivado 12-584] No ports matched 'm_axis_tdata[18]'. [C:/projects/NN_copy/NN_copy.srcs/constrs_1/new/NN.xdc:46]
CRITICAL WARNING: [Common 17-55] 'set_property' expects at least one object. [C:/projects/NN_copy/NN_copy.srcs/constrs_1/new/NN.xdc:46]
Resolution: If [get_<value>] was used to populate the object, check to make sure this command returns at least one valid object.
WARNING: [Vivado 12-584] No ports matched 'm_axis_tdata[17]'. [C:/projects/NN_copy/NN_copy.srcs/constrs_1/new/NN.xdc:47]
CRITICAL WARNING: [Common 17-55] 'set_property' expects at least one object. [C:/projects/NN_copy/NN_copy.srcs/constrs_1/new/NN.xdc:47]
Resolution: If [get_<value>] was used to populate the object, check to make sure this command returns at least one valid object.
WARNING: [Vivado 12-584] No ports matched 'm_axis_tdata[16]'. [C:/projects/NN_copy/NN_copy.srcs/constrs_1/new/NN.xdc:48]
CRITICAL WARNING: [Common 17-55] 'set_property' expects at least one object. [C:/projects/NN_copy/NN_copy.srcs/constrs_1/new/NN.xdc:48]
Resolution: If [get_<value>] was used to populate the object, check to make sure this command returns at least one valid object.
WARNING: [Vivado 12-584] No ports matched 'm_axis_tdata[15]'. [C:/projects/NN_copy/NN_copy.srcs/constrs_1/new/NN.xdc:49]
CRITICAL WARNING: [Common 17-55] 'set_property' expects at least one object. [C:/projects/NN_copy/NN_copy.srcs/constrs_1/new/NN.xdc:49]
Resolution: If [get_<value>] was used to populate the object, check to make sure this command returns at least one valid object.
WARNING: [Vivado 12-584] No ports matched 'm_axis_tdata[14]'. [C:/projects/NN_copy/NN_copy.srcs/constrs_1/new/NN.xdc:50]
CRITICAL WARNING: [Common 17-55] 'set_property' expects at least one object. [C:/projects/NN_copy/NN_copy.srcs/constrs_1/new/NN.xdc:50]
Resolution: If [get_<value>] was used to populate the object, check to make sure this command returns at least one valid object.
WARNING: [Vivado 12-584] No ports matched 'm_axis_tdata[13]'. [C:/projects/NN_copy/NN_copy.srcs/constrs_1/new/NN.xdc:51]
CRITICAL WARNING: [Common 17-55] 'set_property' expects at least one object. [C:/projects/NN_copy/NN_copy.srcs/constrs_1/new/NN.xdc:51]
Resolution: If [get_<value>] was used to populate the object, check to make sure this command returns at least one valid object.
WARNING: [Vivado 12-584] No ports matched 'm_axis_tdata[12]'. [C:/projects/NN_copy/NN_copy.srcs/constrs_1/new/NN.xdc:52]
CRITICAL WARNING: [Common 17-55] 'set_property' expects at least one object. [C:/projects/NN_copy/NN_copy.srcs/constrs_1/new/NN.xdc:52]
Resolution: If [get_<value>] was used to populate the object, check to make sure this command returns at least one valid object.
WARNING: [Vivado 12-584] No ports matched 'm_axis_tdata[11]'. [C:/projects/NN_copy/NN_copy.srcs/constrs_1/new/NN.xdc:53]
CRITICAL WARNING: [Common 17-55] 'set_property' expects at least one object. [C:/projects/NN_copy/NN_copy.srcs/constrs_1/new/NN.xdc:53]
Resolution: If [get_<value>] was used to populate the object, check to make sure this command returns at least one valid object.
WARNING: [Vivado 12-584] No ports matched 'm_axis_tdata[10]'. [C:/projects/NN_copy/NN_copy.srcs/constrs_1/new/NN.xdc:54]
CRITICAL WARNING: [Common 17-55] 'set_property' expects at least one object. [C:/projects/NN_copy/NN_copy.srcs/constrs_1/new/NN.xdc:54]
Resolution: If [get_<value>] was used to populate the object, check to make sure this command returns at least one valid object.
WARNING: [Vivado 12-584] No ports matched 'm_axis_tdata[9]'. [C:/projects/NN_copy/NN_copy.srcs/constrs_1/new/NN.xdc:55]
CRITICAL WARNING: [Common 17-55] 'set_property' expects at least one object. [C:/projects/NN_copy/NN_copy.srcs/constrs_1/new/NN.xdc:55]
Resolution: If [get_<value>] was used to populate the object, check to make sure this command returns at least one valid object.
WARNING: [Vivado 12-584] No ports matched 'm_axis_tdata[8]'. [C:/projects/NN_copy/NN_copy.srcs/constrs_1/new/NN.xdc:56]
CRITICAL WARNING: [Common 17-55] 'set_property' expects at least one object. [C:/projects/NN_copy/NN_copy.srcs/constrs_1/new/NN.xdc:56]
Resolution: If [get_<value>] was used to populate the object, check to make sure this command returns at least one valid object.
WARNING: [Vivado 12-584] No ports matched 'm_axis_tdata[7]'. [C:/projects/NN_copy/NN_copy.srcs/constrs_1/new/NN.xdc:57]
CRITICAL WARNING: [Common 17-55] 'set_property' expects at least one object. [C:/projects/NN_copy/NN_copy.srcs/constrs_1/new/NN.xdc:57]
Resolution: If [get_<value>] was used to populate the object, check to make sure this command returns at least one valid object.
WARNING: [Vivado 12-584] No ports matched 'm_axis_tdata[6]'. [C:/projects/NN_copy/NN_copy.srcs/constrs_1/new/NN.xdc:58]
CRITICAL WARNING: [Common 17-55] 'set_property' expects at least one object. [C:/projects/NN_copy/NN_copy.srcs/constrs_1/new/NN.xdc:58]
Resolution: If [get_<value>] was used to populate the object, check to make sure this command returns at least one valid object.
WARNING: [Vivado 12-584] No ports matched 'm_axis_tdata[5]'. [C:/projects/NN_copy/NN_copy.srcs/constrs_1/new/NN.xdc:59]
CRITICAL WARNING: [Common 17-55] 'set_property' expects at least one object. [C:/projects/NN_copy/NN_copy.srcs/constrs_1/new/NN.xdc:59]
Resolution: If [get_<value>] was used to populate the object, check to make sure this command returns at least one valid object.
WARNING: [Vivado 12-584] No ports matched 'm_axis_tdata[4]'. [C:/projects/NN_copy/NN_copy.srcs/constrs_1/new/NN.xdc:60]
CRITICAL WARNING: [Common 17-55] 'set_property' expects at least one object. [C:/projects/NN_copy/NN_copy.srcs/constrs_1/new/NN.xdc:60]
Resolution: If [get_<value>] was used to populate the object, check to make sure this command returns at least one valid object.
WARNING: [Vivado 12-584] No ports matched 'm_axis_tdata[3]'. [C:/projects/NN_copy/NN_copy.srcs/constrs_1/new/NN.xdc:61]
CRITICAL WARNING: [Common 17-55] 'set_property' expects at least one object. [C:/projects/NN_copy/NN_copy.srcs/constrs_1/new/NN.xdc:61]
Resolution: If [get_<value>] was used to populate the object, check to make sure this command returns at least one valid object.
WARNING: [Vivado 12-584] No ports matched 'm_axis_tdata[2]'. [C:/projects/NN_copy/NN_copy.srcs/constrs_1/new/NN.xdc:62]
CRITICAL WARNING: [Common 17-55] 'set_property' expects at least one object. [C:/projects/NN_copy/NN_copy.srcs/constrs_1/new/NN.xdc:62]
Resolution: If [get_<value>] was used to populate the object, check to make sure this command returns at least one valid object.
WARNING: [Vivado 12-584] No ports matched 'm_axis_tdata[1]'. [C:/projects/NN_copy/NN_copy.srcs/constrs_1/new/NN.xdc:63]
CRITICAL WARNING: [Common 17-55] 'set_property' expects at least one object. [C:/projects/NN_copy/NN_copy.srcs/constrs_1/new/NN.xdc:63]
Resolution: If [get_<value>] was used to populate the object, check to make sure this command returns at least one valid object.
WARNING: [Vivado 12-584] No ports matched 'm_axis_tdata[0]'. [C:/projects/NN_copy/NN_copy.srcs/constrs_1/new/NN.xdc:64]
CRITICAL WARNING: [Common 17-55] 'set_property' expects at least one object. [C:/projects/NN_copy/NN_copy.srcs/constrs_1/new/NN.xdc:64]
Resolution: If [get_<value>] was used to populate the object, check to make sure this command returns at least one valid object.
WARNING: [Vivado 12-584] No ports matched 's_axis_tdata[63]'. [C:/projects/NN_copy/NN_copy.srcs/constrs_1/new/NN.xdc:65]
CRITICAL WARNING: [Common 17-55] 'set_property' expects at least one object. [C:/projects/NN_copy/NN_copy.srcs/constrs_1/new/NN.xdc:65]
Resolution: If [get_<value>] was used to populate the object, check to make sure this command returns at least one valid object.
WARNING: [Vivado 12-584] No ports matched 's_axis_tdata[62]'. [C:/projects/NN_copy/NN_copy.srcs/constrs_1/new/NN.xdc:66]
CRITICAL WARNING: [Common 17-55] 'set_property' expects at least one object. [C:/projects/NN_copy/NN_copy.srcs/constrs_1/new/NN.xdc:66]
Resolution: If [get_<value>] was used to populate the object, check to make sure this command returns at least one valid object.
WARNING: [Vivado 12-584] No ports matched 's_axis_tdata[61]'. [C:/projects/NN_copy/NN_copy.srcs/constrs_1/new/NN.xdc:67]
CRITICAL WARNING: [Common 17-55] 'set_property' expects at least one object. [C:/projects/NN_copy/NN_copy.srcs/constrs_1/new/NN.xdc:67]
Resolution: If [get_<value>] was used to populate the object, check to make sure this command returns at least one valid object.
WARNING: [Vivado 12-584] No ports matched 's_axis_tdata[60]'. [C:/projects/NN_copy/NN_copy.srcs/constrs_1/new/NN.xdc:68]
CRITICAL WARNING: [Common 17-55] 'set_property' expects at least one object. [C:/projects/NN_copy/NN_copy.srcs/constrs_1/new/NN.xdc:68]
Resolution: If [get_<value>] was used to populate the object, check to make sure this command returns at least one valid object.
WARNING: [Vivado 12-584] No ports matched 's_axis_tdata[59]'. [C:/projects/NN_copy/NN_copy.srcs/constrs_1/new/NN.xdc:69]
CRITICAL WARNING: [Common 17-55] 'set_property' expects at least one object. [C:/projects/NN_copy/NN_copy.srcs/constrs_1/new/NN.xdc:69]
Resolution: If [get_<value>] was used to populate the object, check to make sure this command returns at least one valid object.
WARNING: [Vivado 12-584] No ports matched 's_axis_tdata[58]'. [C:/projects/NN_copy/NN_copy.srcs/constrs_1/new/NN.xdc:70]
CRITICAL WARNING: [Common 17-55] 'set_property' expects at least one object. [C:/projects/NN_copy/NN_copy.srcs/constrs_1/new/NN.xdc:70]
Resolution: If [get_<value>] was used to populate the object, check to make sure this command returns at least one valid object.
WARNING: [Vivado 12-584] No ports matched 's_axis_tdata[57]'. [C:/projects/NN_copy/NN_copy.srcs/constrs_1/new/NN.xdc:71]
CRITICAL WARNING: [Common 17-55] 'set_property' expects at least one object. [C:/projects/NN_copy/NN_copy.srcs/constrs_1/new/NN.xdc:71]
Resolution: If [get_<value>] was used to populate the object, check to make sure this command returns at least one valid object.
WARNING: [Vivado 12-584] No ports matched 's_axis_tdata[56]'. [C:/projects/NN_copy/NN_copy.srcs/constrs_1/new/NN.xdc:72]
CRITICAL WARNING: [Common 17-55] 'set_property' expects at least one object. [C:/projects/NN_copy/NN_copy.srcs/constrs_1/new/NN.xdc:72]
Resolution: If [get_<value>] was used to populate the object, check to make sure this command returns at least one valid object.
WARNING: [Vivado 12-584] No ports matched 's_axis_tdata[55]'. [C:/projects/NN_copy/NN_copy.srcs/constrs_1/new/NN.xdc:73]
CRITICAL WARNING: [Common 17-55] 'set_property' expects at least one object. [C:/projects/NN_copy/NN_copy.srcs/constrs_1/new/NN.xdc:73]
Resolution: If [get_<value>] was used to populate the object, check to make sure this command returns at least one valid object.
WARNING: [Vivado 12-584] No ports matched 's_axis_tdata[54]'. [C:/projects/NN_copy/NN_copy.srcs/constrs_1/new/NN.xdc:74]
CRITICAL WARNING: [Common 17-55] 'set_property' expects at least one object. [C:/projects/NN_copy/NN_copy.srcs/constrs_1/new/NN.xdc:74]
Resolution: If [get_<value>] was used to populate the object, check to make sure this command returns at least one valid object.
WARNING: [Vivado 12-584] No ports matched 's_axis_tdata[53]'. [C:/projects/NN_copy/NN_copy.srcs/constrs_1/new/NN.xdc:75]
CRITICAL WARNING: [Common 17-55] 'set_property' expects at least one object. [C:/projects/NN_copy/NN_copy.srcs/constrs_1/new/NN.xdc:75]
Resolution: If [get_<value>] was used to populate the object, check to make sure this command returns at least one valid object.
WARNING: [Vivado 12-584] No ports matched 's_axis_tdata[52]'. [C:/projects/NN_copy/NN_copy.srcs/constrs_1/new/NN.xdc:76]
CRITICAL WARNING: [Common 17-55] 'set_property' expects at least one object. [C:/projects/NN_copy/NN_copy.srcs/constrs_1/new/NN.xdc:76]
Resolution: If [get_<value>] was used to populate the object, check to make sure this command returns at least one valid object.
WARNING: [Vivado 12-584] No ports matched 's_axis_tdata[51]'. [C:/projects/NN_copy/NN_copy.srcs/constrs_1/new/NN.xdc:77]
CRITICAL WARNING: [Common 17-55] 'set_property' expects at least one object. [C:/projects/NN_copy/NN_copy.srcs/constrs_1/new/NN.xdc:77]
Resolution: If [get_<value>] was used to populate the object, check to make sure this command returns at least one valid object.
WARNING: [Vivado 12-584] No ports matched 's_axis_tdata[50]'. [C:/projects/NN_copy/NN_copy.srcs/constrs_1/new/NN.xdc:78]
CRITICAL WARNING: [Common 17-55] 'set_property' expects at least one object. [C:/projects/NN_copy/NN_copy.srcs/constrs_1/new/NN.xdc:78]
Resolution: If [get_<value>] was used to populate the object, check to make sure this command returns at least one valid object.
WARNING: [Vivado 12-584] No ports matched 's_axis_tdata[49]'. [C:/projects/NN_copy/NN_copy.srcs/constrs_1/new/NN.xdc:79]
CRITICAL WARNING: [Common 17-55] 'set_property' expects at least one object. [C:/projects/NN_copy/NN_copy.srcs/constrs_1/new/NN.xdc:79]
Resolution: If [get_<value>] was used to populate the object, check to make sure this command returns at least one valid object.
WARNING: [Vivado 12-584] No ports matched 's_axis_tdata[48]'. [C:/projects/NN_copy/NN_copy.srcs/constrs_1/new/NN.xdc:80]
CRITICAL WARNING: [Common 17-55] 'set_property' expects at least one object. [C:/projects/NN_copy/NN_copy.srcs/constrs_1/new/NN.xdc:80]
Resolution: If [get_<value>] was used to populate the object, check to make sure this command returns at least one valid object.
WARNING: [Vivado 12-584] No ports matched 's_axis_tdata[47]'. [C:/projects/NN_copy/NN_copy.srcs/constrs_1/new/NN.xdc:81]
CRITICAL WARNING: [Common 17-55] 'set_property' expects at least one object. [C:/projects/NN_copy/NN_copy.srcs/constrs_1/new/NN.xdc:81]
Resolution: If [get_<value>] was used to populate the object, check to make sure this command returns at least one valid object.
WARNING: [Vivado 12-584] No ports matched 's_axis_tdata[46]'. [C:/projects/NN_copy/NN_copy.srcs/constrs_1/new/NN.xdc:82]
CRITICAL WARNING: [Common 17-55] 'set_property' expects at least one object. [C:/projects/NN_copy/NN_copy.srcs/constrs_1/new/NN.xdc:82]
Resolution: If [get_<value>] was used to populate the object, check to make sure this command returns at least one valid object.
WARNING: [Vivado 12-584] No ports matched 's_axis_tdata[45]'. [C:/projects/NN_copy/NN_copy.srcs/constrs_1/new/NN.xdc:83]
CRITICAL WARNING: [Common 17-55] 'set_property' expects at least one object. [C:/projects/NN_copy/NN_copy.srcs/constrs_1/new/NN.xdc:83]
Resolution: If [get_<value>] was used to populate the object, check to make sure this command returns at least one valid object.
WARNING: [Vivado 12-584] No ports matched 's_axis_tdata[44]'. [C:/projects/NN_copy/NN_copy.srcs/constrs_1/new/NN.xdc:84]
CRITICAL WARNING: [Common 17-55] 'set_property' expects at least one object. [C:/projects/NN_copy/NN_copy.srcs/constrs_1/new/NN.xdc:84]
Resolution: If [get_<value>] was used to populate the object, check to make sure this command returns at least one valid object.
WARNING: [Vivado 12-584] No ports matched 's_axis_tdata[43]'. [C:/projects/NN_copy/NN_copy.srcs/constrs_1/new/NN.xdc:85]
CRITICAL WARNING: [Common 17-55] 'set_property' expects at least one object. [C:/projects/NN_copy/NN_copy.srcs/constrs_1/new/NN.xdc:85]
Resolution: If [get_<value>] was used to populate the object, check to make sure this command returns at least one valid object.
WARNING: [Vivado 12-584] No ports matched 's_axis_tdata[42]'. [C:/projects/NN_copy/NN_copy.srcs/constrs_1/new/NN.xdc:86]
CRITICAL WARNING: [Common 17-55] 'set_property' expects at least one object. [C:/projects/NN_copy/NN_copy.srcs/constrs_1/new/NN.xdc:86]
Resolution: If [get_<value>] was used to populate the object, check to make sure this command returns at least one valid object.
WARNING: [Vivado 12-584] No ports matched 's_axis_tdata[41]'. [C:/projects/NN_copy/NN_copy.srcs/constrs_1/new/NN.xdc:87]
CRITICAL WARNING: [Common 17-55] 'set_property' expects at least one object. [C:/projects/NN_copy/NN_copy.srcs/constrs_1/new/NN.xdc:87]
Resolution: If [get_<value>] was used to populate the object, check to make sure this command returns at least one valid object.
WARNING: [Vivado 12-584] No ports matched 's_axis_tdata[40]'. [C:/projects/NN_copy/NN_copy.srcs/constrs_1/new/NN.xdc:88]
CRITICAL WARNING: [Common 17-55] 'set_property' expects at least one object. [C:/projects/NN_copy/NN_copy.srcs/constrs_1/new/NN.xdc:88]
Resolution: If [get_<value>] was used to populate the object, check to make sure this command returns at least one valid object.
WARNING: [Vivado 12-584] No ports matched 's_axis_tdata[39]'. [C:/projects/NN_copy/NN_copy.srcs/constrs_1/new/NN.xdc:89]
CRITICAL WARNING: [Common 17-55] 'set_property' expects at least one object. [C:/projects/NN_copy/NN_copy.srcs/constrs_1/new/NN.xdc:89]
Resolution: If [get_<value>] was used to populate the object, check to make sure this command returns at least one valid object.
WARNING: [Vivado 12-584] No ports matched 's_axis_tdata[38]'. [C:/projects/NN_copy/NN_copy.srcs/constrs_1/new/NN.xdc:90]
CRITICAL WARNING: [Common 17-55] 'set_property' expects at least one object. [C:/projects/NN_copy/NN_copy.srcs/constrs_1/new/NN.xdc:90]
Resolution: If [get_<value>] was used to populate the object, check to make sure this command returns at least one valid object.
WARNING: [Vivado 12-584] No ports matched 's_axis_tdata[37]'. [C:/projects/NN_copy/NN_copy.srcs/constrs_1/new/NN.xdc:91]
CRITICAL WARNING: [Common 17-55] 'set_property' expects at least one object. [C:/projects/NN_copy/NN_copy.srcs/constrs_1/new/NN.xdc:91]
Resolution: If [get_<value>] was used to populate the object, check to make sure this command returns at least one valid object.
WARNING: [Vivado 12-584] No ports matched 's_axis_tdata[36]'. [C:/projects/NN_copy/NN_copy.srcs/constrs_1/new/NN.xdc:92]
CRITICAL WARNING: [Common 17-55] 'set_property' expects at least one object. [C:/projects/NN_copy/NN_copy.srcs/constrs_1/new/NN.xdc:92]
Resolution: If [get_<value>] was used to populate the object, check to make sure this command returns at least one valid object.
WARNING: [Vivado 12-584] No ports matched 's_axis_tdata[35]'. [C:/projects/NN_copy/NN_copy.srcs/constrs_1/new/NN.xdc:93]
CRITICAL WARNING: [Common 17-55] 'set_property' expects at least one object. [C:/projects/NN_copy/NN_copy.srcs/constrs_1/new/NN.xdc:93]
Resolution: If [get_<value>] was used to populate the object, check to make sure this command returns at least one valid object.
WARNING: [Vivado 12-584] No ports matched 's_axis_tdata[34]'. [C:/projects/NN_copy/NN_copy.srcs/constrs_1/new/NN.xdc:94]
CRITICAL WARNING: [Common 17-55] 'set_property' expects at least one object. [C:/projects/NN_copy/NN_copy.srcs/constrs_1/new/NN.xdc:94]
Resolution: If [get_<value>] was used to populate the object, check to make sure this command returns at least one valid object.
WARNING: [Vivado 12-584] No ports matched 's_axis_tdata[33]'. [C:/projects/NN_copy/NN_copy.srcs/constrs_1/new/NN.xdc:95]
CRITICAL WARNING: [Common 17-55] 'set_property' expects at least one object. [C:/projects/NN_copy/NN_copy.srcs/constrs_1/new/NN.xdc:95]
Resolution: If [get_<value>] was used to populate the object, check to make sure this command returns at least one valid object.
WARNING: [Vivado 12-584] No ports matched 's_axis_tdata[32]'. [C:/projects/NN_copy/NN_copy.srcs/constrs_1/new/NN.xdc:96]
CRITICAL WARNING: [Common 17-55] 'set_property' expects at least one object. [C:/projects/NN_copy/NN_copy.srcs/constrs_1/new/NN.xdc:96]
Resolution: If [get_<value>] was used to populate the object, check to make sure this command returns at least one valid object.
WARNING: [Vivado 12-584] No ports matched 's_axis_tdata[31]'. [C:/projects/NN_copy/NN_copy.srcs/constrs_1/new/NN.xdc:97]
CRITICAL WARNING: [Common 17-55] 'set_property' expects at least one object. [C:/projects/NN_copy/NN_copy.srcs/constrs_1/new/NN.xdc:97]
Resolution: If [get_<value>] was used to populate the object, check to make sure this command returns at least one valid object.
WARNING: [Vivado 12-584] No ports matched 's_axis_tdata[30]'. [C:/projects/NN_copy/NN_copy.srcs/constrs_1/new/NN.xdc:98]
CRITICAL WARNING: [Common 17-55] 'set_property' expects at least one object. [C:/projects/NN_copy/NN_copy.srcs/constrs_1/new/NN.xdc:98]
Resolution: If [get_<value>] was used to populate the object, check to make sure this command returns at least one valid object.
WARNING: [Vivado 12-584] No ports matched 's_axis_tdata[29]'. [C:/projects/NN_copy/NN_copy.srcs/constrs_1/new/NN.xdc:99]
CRITICAL WARNING: [Common 17-55] 'set_property' expects at least one object. [C:/projects/NN_copy/NN_copy.srcs/constrs_1/new/NN.xdc:99]
Resolution: If [get_<value>] was used to populate the object, check to make sure this command returns at least one valid object.
WARNING: [Vivado 12-584] No ports matched 's_axis_tdata[28]'. [C:/projects/NN_copy/NN_copy.srcs/constrs_1/new/NN.xdc:100]
INFO: [Common 17-14] Message 'Vivado 12-584' appears 100 times and further instances of the messages will be disabled. Use the Tcl command set_msg_config to change the current settings. [C:/projects/NN_copy/NN_copy.srcs/constrs_1/new/NN.xdc:100]
CRITICAL WARNING: [Common 17-55] 'set_property' expects at least one object. [C:/projects/NN_copy/NN_copy.srcs/constrs_1/new/NN.xdc:100]
Resolution: If [get_<value>] was used to populate the object, check to make sure this command returns at least one valid object.
INFO: [Common 17-14] Message 'Common 17-55' appears 100 times and further instances of the messages will be disabled. Use the Tcl command set_msg_config to change the current settings. [C:/projects/NN_copy/NN_copy.srcs/constrs_1/new/NN.xdc:100]
Finished Parsing XDC File [C:/projects/NN_copy/NN_copy.srcs/constrs_1/new/NN.xdc]
Parsing XDC File [c:/projects/NN_copy/NN_copy.srcs/sources_1/bd/design_1/ip/design_1_axi_dma_0_0/design_1_axi_dma_0_0_clocks.xdc] for cell 'design_1_i/axi_dma_0/U0'
Finished Parsing XDC File [c:/projects/NN_copy/NN_copy.srcs/sources_1/bd/design_1/ip/design_1_axi_dma_0_0/design_1_axi_dma_0_0_clocks.xdc] for cell 'design_1_i/axi_dma_0/U0'
Sourcing Tcl File [C:/Xilinx/Vivado/2020.1/data/ip/xpm/xpm_cdc/tcl/xpm_cdc_async_rst.tcl] for cell 'design_1_i/axi_interconnect_1/s00_couplers/auto_pc/inst/gen_axi4_axi3.axi3_conv_inst/USE_READ.USE_SPLIT_R.read_addr_inst/USE_R_CHANNEL.cmd_queue/inst/fifo_gen_inst/inst_fifo_gen/gconvfifo.rf/grf.rf/rstblk/ngwrdrst.grst.g7serrst.gnsckt_wrst.rst_wr_reg2_inst'
Finished Sourcing Tcl File [C:/Xilinx/Vivado/2020.1/data/ip/xpm/xpm_cdc/tcl/xpm_cdc_async_rst.tcl] for cell 'design_1_i/axi_interconnect_1/s00_couplers/auto_pc/inst/gen_axi4_axi3.axi3_conv_inst/USE_READ.USE_SPLIT_R.read_addr_inst/USE_R_CHANNEL.cmd_queue/inst/fifo_gen_inst/inst_fifo_gen/gconvfifo.rf/grf.rf/rstblk/ngwrdrst.grst.g7serrst.gnsckt_wrst.rst_wr_reg2_inst'
Sourcing Tcl File [C:/Xilinx/Vivado/2020.1/data/ip/xpm/xpm_cdc/tcl/xpm_cdc_sync_rst.tcl] for cell 'design_1_i/axis_nn_0/inst/xpm_fifo_axis_1/gaxis_rst_sync.xpm_cdc_sync_rst_inst'
Finished Sourcing Tcl File [C:/Xilinx/Vivado/2020.1/data/ip/xpm/xpm_cdc/tcl/xpm_cdc_sync_rst.tcl] for cell 'design_1_i/axis_nn_0/inst/xpm_fifo_axis_1/gaxis_rst_sync.xpm_cdc_sync_rst_inst'
Sourcing Tcl File [C:/Xilinx/Vivado/2020.1/data/ip/xpm/xpm_cdc/tcl/xpm_cdc_sync_rst.tcl] for cell 'design_1_i/axis_nn_0/inst/xpm_fifo_axis_0/gaxis_rst_sync.xpm_cdc_sync_rst_inst'
Finished Sourcing Tcl File [C:/Xilinx/Vivado/2020.1/data/ip/xpm/xpm_cdc/tcl/xpm_cdc_sync_rst.tcl] for cell 'design_1_i/axis_nn_0/inst/xpm_fifo_axis_0/gaxis_rst_sync.xpm_cdc_sync_rst_inst'
Sourcing Tcl File [C:/Xilinx/Vivado/2020.1/data/ip/xpm/xpm_fifo/tcl/xpm_fifo_rst_axis.tcl] for cell 'design_1_i/axis_nn_0/inst/xpm_fifo_axis_1'
Finished Sourcing Tcl File [C:/Xilinx/Vivado/2020.1/data/ip/xpm/xpm_fifo/tcl/xpm_fifo_rst_axis.tcl] for cell 'design_1_i/axis_nn_0/inst/xpm_fifo_axis_1'
Sourcing Tcl File [C:/Xilinx/Vivado/2020.1/data/ip/xpm/xpm_fifo/tcl/xpm_fifo_rst_axis.tcl] for cell 'design_1_i/axis_nn_0/inst/xpm_fifo_axis_0'
Finished Sourcing Tcl File [C:/Xilinx/Vivado/2020.1/data/ip/xpm/xpm_fifo/tcl/xpm_fifo_rst_axis.tcl] for cell 'design_1_i/axis_nn_0/inst/xpm_fifo_axis_0'
Sourcing Tcl File [C:/Xilinx/Vivado/2020.1/data/ip/xpm/xpm_fifo/tcl/xpm_fifo_rst.tcl] for cell 'design_1_i/axi_dma_0/U0/I_PRMRY_DATAMOVER/GEN_MM2S_FULL.I_MM2S_FULL_WRAPPER/GEN_INCLUDE_MM2S_SF.I_RD_SF/I_DATA_FIFO/BLK_MEM.I_SYNC_FIFOGEN_FIFO/xpm_fifo_instance.xpm_fifo_sync_inst'
Finished Sourcing Tcl File [C:/Xilinx/Vivado/2020.1/data/ip/xpm/xpm_fifo/tcl/xpm_fifo_rst.tcl] for cell 'design_1_i/axi_dma_0/U0/I_PRMRY_DATAMOVER/GEN_MM2S_FULL.I_MM2S_FULL_WRAPPER/GEN_INCLUDE_MM2S_SF.I_RD_SF/I_DATA_FIFO/BLK_MEM.I_SYNC_FIFOGEN_FIFO/xpm_fifo_instance.xpm_fifo_sync_inst'
Sourcing Tcl File [C:/Xilinx/Vivado/2020.1/data/ip/xpm/xpm_fifo/tcl/xpm_fifo_rst.tcl] for cell 'design_1_i/axi_dma_0/U0/I_PRMRY_DATAMOVER/GEN_S2MM_FULL.I_S2MM_FULL_WRAPPER/GEN_ENABLE_INDET_BTT_SF.I_INDET_BTT/I_XD_FIFO/NON_BLK_MEM.I_SYNC_FIFOGEN_FIFO/xpm_fifo_instance.xpm_fifo_sync_inst'
Finished Sourcing Tcl File [C:/Xilinx/Vivado/2020.1/data/ip/xpm/xpm_fifo/tcl/xpm_fifo_rst.tcl] for cell 'design_1_i/axi_dma_0/U0/I_PRMRY_DATAMOVER/GEN_S2MM_FULL.I_S2MM_FULL_WRAPPER/GEN_ENABLE_INDET_BTT_SF.I_INDET_BTT/I_XD_FIFO/NON_BLK_MEM.I_SYNC_FIFOGEN_FIFO/xpm_fifo_instance.xpm_fifo_sync_inst'
Sourcing Tcl File [C:/Xilinx/Vivado/2020.1/data/ip/xpm/xpm_fifo/tcl/xpm_fifo_rst.tcl] for cell 'design_1_i/axi_dma_0/U0/I_PRMRY_DATAMOVER/GEN_S2MM_FULL.I_S2MM_FULL_WRAPPER/GEN_ENABLE_INDET_BTT_SF.I_INDET_BTT/I_DATA_FIFO/BLK_MEM.I_SYNC_FIFOGEN_FIFO/xpm_fifo_instance.xpm_fifo_sync_inst'
Finished Sourcing Tcl File [C:/Xilinx/Vivado/2020.1/data/ip/xpm/xpm_fifo/tcl/xpm_fifo_rst.tcl] for cell 'design_1_i/axi_dma_0/U0/I_PRMRY_DATAMOVER/GEN_S2MM_FULL.I_S2MM_FULL_WRAPPER/GEN_ENABLE_INDET_BTT_SF.I_INDET_BTT/I_DATA_FIFO/BLK_MEM.I_SYNC_FIFOGEN_FIFO/xpm_fifo_instance.xpm_fifo_sync_inst'
Sourcing Tcl File [C:/Xilinx/Vivado/2020.1/data/ip/xpm/xpm_memory/tcl/xpm_memory_xdc.tcl] for cell 'design_1_i/smartconnect_0/inst/s00_nodes/s00_aw_node/inst/inst_mi_handler/gen_normal_area.inst_fifo_node_payld/gen_xpm_memory_fifo.inst_fifo/gen_mem_rep[0].inst_xpm_memory'
Finished Sourcing Tcl File [C:/Xilinx/Vivado/2020.1/data/ip/xpm/xpm_memory/tcl/xpm_memory_xdc.tcl] for cell 'design_1_i/smartconnect_0/inst/s00_nodes/s00_aw_node/inst/inst_mi_handler/gen_normal_area.inst_fifo_node_payld/gen_xpm_memory_fifo.inst_fifo/gen_mem_rep[0].inst_xpm_memory'
Sourcing Tcl File [C:/Xilinx/Vivado/2020.1/data/ip/xpm/xpm_memory/tcl/xpm_memory_xdc.tcl] for cell 'design_1_i/smartconnect_0/inst/s00_nodes/s00_b_node/inst/inst_mi_handler/gen_normal_area.inst_fifo_node_payld/gen_xpm_memory_fifo.inst_fifo/gen_mem_rep[0].inst_xpm_memory'
Finished Sourcing Tcl File [C:/Xilinx/Vivado/2020.1/data/ip/xpm/xpm_memory/tcl/xpm_memory_xdc.tcl] for cell 'design_1_i/smartconnect_0/inst/s00_nodes/s00_b_node/inst/inst_mi_handler/gen_normal_area.inst_fifo_node_payld/gen_xpm_memory_fifo.inst_fifo/gen_mem_rep[0].inst_xpm_memory'
Sourcing Tcl File [C:/Xilinx/Vivado/2020.1/data/ip/xpm/xpm_memory/tcl/xpm_memory_xdc.tcl] for cell 'design_1_i/smartconnect_0/inst/s00_nodes/s00_w_node/inst/inst_mi_handler/gen_normal_area.inst_fifo_node_payld/gen_xpm_memory_fifo.inst_fifo/gen_mem_rep[0].inst_xpm_memory'
Finished Sourcing Tcl File [C:/Xilinx/Vivado/2020.1/data/ip/xpm/xpm_memory/tcl/xpm_memory_xdc.tcl] for cell 'design_1_i/smartconnect_0/inst/s00_nodes/s00_w_node/inst/inst_mi_handler/gen_normal_area.inst_fifo_node_payld/gen_xpm_memory_fifo.inst_fifo/gen_mem_rep[0].inst_xpm_memory'
Sourcing Tcl File [C:/Xilinx/Vivado/2020.1/data/ip/xpm/xpm_memory/tcl/xpm_memory_xdc.tcl] for cell 'design_1_i/axis_nn_0/inst/nn_0/xpm_memory_tdpram_wb'
Finished Sourcing Tcl File [C:/Xilinx/Vivado/2020.1/data/ip/xpm/xpm_memory/tcl/xpm_memory_xdc.tcl] for cell 'design_1_i/axis_nn_0/inst/nn_0/xpm_memory_tdpram_wb'
Sourcing Tcl File [C:/Xilinx/Vivado/2020.1/data/ip/xpm/xpm_memory/tcl/xpm_memory_xdc.tcl] for cell 'design_1_i/axis_nn_0/inst/nn_0/xpm_memory_tdpram_a'
Finished Sourcing Tcl File [C:/Xilinx/Vivado/2020.1/data/ip/xpm/xpm_memory/tcl/xpm_memory_xdc.tcl] for cell 'design_1_i/axis_nn_0/inst/nn_0/xpm_memory_tdpram_a'
Sourcing Tcl File [C:/Xilinx/Vivado/2020.1/data/ip/xpm/xpm_memory/tcl/xpm_memory_xdc.tcl] for cell 'design_1_i/axis_nn_0/inst/nn_0/xpm_memory_tdpram_k'
Finished Sourcing Tcl File [C:/Xilinx/Vivado/2020.1/data/ip/xpm/xpm_memory/tcl/xpm_memory_xdc.tcl] for cell 'design_1_i/axis_nn_0/inst/nn_0/xpm_memory_tdpram_k'
INFO: [Opt 31-138] Pushed 0 inverter(s) to 0 load pin(s).
Netlist sorting complete. Time (s): cpu = 00:00:00 ; elapsed = 00:00:00.008 . Memory (MB): peak = 1061.543 ; gain = 0.000
INFO: [Project 1-111] Unisim Transformation Summary:
  A total of 51 instances were transformed.
  RAM32M => RAM32M (RAMD32(x6), RAMS32(x2)): 50 instances
  RAM32X1D => RAM32X1D (RAMD32(x2)): 1 instance 

12 Infos, 103 Warnings, 100 Critical Warnings and 0 Errors encountered.
link_design completed successfully
link_design: Time (s): cpu = 00:00:24 ; elapsed = 00:00:40 . Memory (MB): peak = 1061.543 ; gain = 0.000
Command: opt_design
Attempting to get a license for feature 'Implementation' and/or device 'xc7z020'
INFO: [Common 17-349] Got license for feature 'Implementation' and/or device 'xc7z020'
Running DRC as a precondition to command opt_design

Starting DRC Task
INFO: [DRC 23-27] Running DRC with 2 threads
INFO: [Project 1-461] DRC finished with 0 Errors
INFO: [Project 1-462] Please refer to the DRC report (report_drc) for more information.

Time (s): cpu = 00:00:04 ; elapsed = 00:00:03 . Memory (MB): peak = 1061.543 ; gain = 0.000

Starting Cache Timing Information Task
INFO: [Timing 38-35] Done setting XDC timing constraints.
Ending Cache Timing Information Task | Checksum: 201fa7a56

Time (s): cpu = 00:00:22 ; elapsed = 00:00:25 . Memory (MB): peak = 1575.617 ; gain = 514.074

Starting Logic Optimization Task

Phase 1 Retarget
INFO: [Opt 31-138] Pushed 9 inverter(s) to 74 load pin(s).
INFO: [Opt 31-49] Retargeted 0 cell(s).
Phase 1 Retarget | Checksum: 165b06deb

Time (s): cpu = 00:00:02 ; elapsed = 00:00:02 . Memory (MB): peak = 1784.168 ; gain = 0.035
INFO: [Opt 31-389] Phase Retarget created 30 cells and removed 137 cells
INFO: [Opt 31-1021] In phase Retarget, 17 netlist objects are constrained preventing optimization. Please run opt_design with -debug_log to get more detail. 

Phase 2 Constant propagation
INFO: [Opt 31-138] Pushed 0 inverter(s) to 0 load pin(s).
Phase 2 Constant propagation | Checksum: 1267048c2

Time (s): cpu = 00:00:02 ; elapsed = 00:00:02 . Memory (MB): peak = 1784.168 ; gain = 0.035
INFO: [Opt 31-389] Phase Constant propagation created 13 cells and removed 272 cells
INFO: [Opt 31-1021] In phase Constant propagation, 20 netlist objects are constrained preventing optimization. Please run opt_design with -debug_log to get more detail. 

Phase 3 Sweep
Phase 3 Sweep | Checksum: 1d16ea210

Time (s): cpu = 00:00:05 ; elapsed = 00:00:06 . Memory (MB): peak = 1784.168 ; gain = 0.035
INFO: [Opt 31-389] Phase Sweep created 0 cells and removed 1000 cells
INFO: [Opt 31-1021] In phase Sweep, 47 netlist objects are constrained preventing optimization. Please run opt_design with -debug_log to get more detail. 

Phase 4 BUFG optimization
Phase 4 BUFG optimization | Checksum: 1d16ea210

Time (s): cpu = 00:00:06 ; elapsed = 00:00:06 . Memory (MB): peak = 1784.168 ; gain = 0.035
INFO: [Opt 31-662] Phase BUFG optimization created 0 cells of which 0 are BUFGs and removed 0 cells.

Phase 5 Shift Register Optimization
INFO: [Opt 31-1064] SRL Remap converted 0 SRLs to 0 registers and converted 0 registers of register chains to 0 SRLs
Phase 5 Shift Register Optimization | Checksum: 1d16ea210

Time (s): cpu = 00:00:07 ; elapsed = 00:00:07 . Memory (MB): peak = 1784.168 ; gain = 0.035
INFO: [Opt 31-389] Phase Shift Register Optimization created 0 cells and removed 0 cells

Phase 6 Post Processing Netlist
Phase 6 Post Processing Netlist | Checksum: 1d16ea210

Time (s): cpu = 00:00:07 ; elapsed = 00:00:07 . Memory (MB): peak = 1784.168 ; gain = 0.035
INFO: [Opt 31-389] Phase Post Processing Netlist created 0 cells and removed 0 cells
INFO: [Opt 31-1021] In phase Post Processing Netlist, 20 netlist objects are constrained preventing optimization. Please run opt_design with -debug_log to get more detail. 
Opt_design Change Summary
=========================


-------------------------------------------------------------------------------------------------------------------------
|  Phase                        |  #Cells created  |  #Cells Removed  |  #Constrained objects preventing optimizations  |
-------------------------------------------------------------------------------------------------------------------------
|  Retarget                     |              30  |             137  |                                             17  |
|  Constant propagation         |              13  |             272  |                                             20  |
|  Sweep                        |               0  |            1000  |                                             47  |
|  BUFG optimization            |               0  |               0  |                                              0  |
|  Shift Register Optimization  |               0  |               0  |                                              0  |
|  Post Processing Netlist      |               0  |               0  |                                             20  |
-------------------------------------------------------------------------------------------------------------------------



Starting Connectivity Check Task

Time (s): cpu = 00:00:01 ; elapsed = 00:00:00.057 . Memory (MB): peak = 1784.168 ; gain = 0.000
Ending Logic Optimization Task | Checksum: 18db3b98d

Time (s): cpu = 00:00:08 ; elapsed = 00:00:08 . Memory (MB): peak = 1784.168 ; gain = 0.035

Starting Power Optimization Task
INFO: [Pwropt 34-132] Skipping clock gating for clocks with a period < 2.00 ns.
INFO: [Timing 38-35] Done setting XDC timing constraints.
INFO: [Pwropt 34-9] Applying IDT optimizations ...
INFO: [Pwropt 34-10] Applying ODC optimizations ...
Running Vector-less Activity Propagation...

Finished Running Vector-less Activity Propagation


Starting PowerOpt Patch Enables Task
INFO: [Pwropt 34-162] WRITE_MODE attribute of 6 BRAM(s) out of a total of 13 has been updated to save power. Run report_power_opt to get a complete listing of the BRAMs updated.
INFO: [Timing 38-35] Done setting XDC timing constraints.
INFO: [Pwropt 34-201] Structural ODC has moved 9 WE to EN ports
Number of BRAM Ports augmented: 14 newly gated: 11 Total Ports: 26
Ending PowerOpt Patch Enables Task | Checksum: 1abe82770

Time (s): cpu = 00:00:01 ; elapsed = 00:00:01 . Memory (MB): peak = 1938.758 ; gain = 0.000
Ending Power Optimization Task | Checksum: 1abe82770

Time (s): cpu = 00:00:11 ; elapsed = 00:00:08 . Memory (MB): peak = 1938.758 ; gain = 154.590

Starting Final Cleanup Task

Starting Logic Optimization Task
INFO: [Timing 38-35] Done setting XDC timing constraints.
Ending Logic Optimization Task | Checksum: 241125eb0

Time (s): cpu = 00:00:03 ; elapsed = 00:00:02 . Memory (MB): peak = 1938.758 ; gain = 0.000
Ending Final Cleanup Task | Checksum: 241125eb0

Time (s): cpu = 00:00:08 ; elapsed = 00:00:08 . Memory (MB): peak = 1938.758 ; gain = 0.000

Starting Netlist Obfuscation Task
Netlist sorting complete. Time (s): cpu = 00:00:00 ; elapsed = 00:00:00.008 . Memory (MB): peak = 1938.758 ; gain = 0.000
Ending Netlist Obfuscation Task | Checksum: 241125eb0

Time (s): cpu = 00:00:00 ; elapsed = 00:00:00.009 . Memory (MB): peak = 1938.758 ; gain = 0.000
INFO: [Common 17-83] Releasing license: Implementation
40 Infos, 103 Warnings, 100 Critical Warnings and 0 Errors encountered.
opt_design completed successfully
opt_design: Time (s): cpu = 00:00:58 ; elapsed = 00:00:58 . Memory (MB): peak = 1938.758 ; gain = 877.215
INFO: [Timing 38-480] Writing timing data to binary archive.
Writing placer database...
Writing XDEF routing.
Writing XDEF routing logical nets.
Writing XDEF routing special nets.
Write XDEF Complete: Time (s): cpu = 00:00:00 ; elapsed = 00:00:00.154 . Memory (MB): peak = 1938.758 ; gain = 0.000
INFO: [Common 17-1381] The checkpoint 'C:/projects/NN_copy/NN_copy.runs/impl_1/design_1_wrapper_opt.dcp' has been generated.
write_checkpoint: Time (s): cpu = 00:00:07 ; elapsed = 00:00:06 . Memory (MB): peak = 1938.758 ; gain = 0.000
INFO: [runtcl-4] Executing : report_drc -file design_1_wrapper_drc_opted.rpt -pb design_1_wrapper_drc_opted.pb -rpx design_1_wrapper_drc_opted.rpx
Command: report_drc -file design_1_wrapper_drc_opted.rpt -pb design_1_wrapper_drc_opted.pb -rpx design_1_wrapper_drc_opted.rpx
INFO: [IP_Flow 19-1839] IP Catalog is up to date.
INFO: [DRC 23-27] Running DRC with 2 threads
INFO: [Coretcl 2-168] The results of DRC are in file C:/projects/NN_copy/NN_copy.runs/impl_1/design_1_wrapper_drc_opted.rpt.
report_drc completed successfully
report_drc: Time (s): cpu = 00:00:07 ; elapsed = 00:00:06 . Memory (MB): peak = 1938.758 ; gain = 0.000
Command: place_design
Attempting to get a license for feature 'Implementation' and/or device 'xc7z020'
INFO: [Common 17-349] Got license for feature 'Implementation' and/or device 'xc7z020'
INFO: [DRC 23-27] Running DRC with 2 threads
INFO: [Vivado_Tcl 4-198] DRC finished with 0 Errors
INFO: [Vivado_Tcl 4-199] Please refer to the DRC report (report_drc) for more information.
Running DRC as a precondition to command place_design
INFO: [DRC 23-27] Running DRC with 2 threads
WARNING: [DRC REQP-1839] RAMB36 async control check: The RAMB36E1 design_1_i/axi_dma_0/U0/I_PRMRY_DATAMOVER/GEN_MM2S_FULL.I_MM2S_FULL_WRAPPER/GEN_INCLUDE_MM2S_SF.I_RD_SF/I_DATA_FIFO/BLK_MEM.I_SYNC_FIFOGEN_FIFO/xpm_fifo_instance.xpm_fifo_sync_inst/xpm_fifo_base_inst/gen_sdpram.xpm_memory_base_inst/gen_wr_a.gen_word_narrow.mem_reg_0 has an input control pin design_1_i/axi_dma_0/U0/I_PRMRY_DATAMOVER/GEN_MM2S_FULL.I_MM2S_FULL_WRAPPER/GEN_INCLUDE_MM2S_SF.I_RD_SF/I_DATA_FIFO/BLK_MEM.I_SYNC_FIFOGEN_FIFO/xpm_fifo_instance.xpm_fifo_sync_inst/xpm_fifo_base_inst/gen_sdpram.xpm_memory_base_inst/gen_wr_a.gen_word_narrow.mem_reg_0/WEBWE[0] (net: design_1_i/axi_dma_0/U0/I_PRMRY_DATAMOVER/GEN_MM2S_FULL.I_MM2S_FULL_WRAPPER/GEN_INCLUDE_MM2S_SF.I_RD_SF/I_DATA_FIFO/BLK_MEM.I_SYNC_FIFOGEN_FIFO/xpm_fifo_instance.xpm_fifo_sync_inst/xpm_fifo_base_inst/gen_sdpram.xpm_memory_base_inst/wea[0]) which is driven by a register (design_1_i/axi_interconnect_1/s00_couplers/auto_pc/inst/gen_axi4_axi3.axi3_conv_inst/USE_READ.USE_SPLIT_R.read_addr_inst/USE_R_CHANNEL.cmd_queue/inst/fifo_gen_inst/inst_fifo_gen/gconvfifo.rf/grf.rf/gntv_or_sync_fifo.gl0.rd/gr1.gr1_int.rfwft/empty_fwft_i_reg) that has an active asychronous set or reset. This may cause corruption of the memory contents and/or read values when the set/reset is asserted and is not analyzed by the default static timing analysis. It is suggested to eliminate the use of a set/reset to registers driving this RAMB pin or else use a synchronous reset in which the assertion of the reset is timed by default.
WARNING: [DRC REQP-1839] RAMB36 async control check: The RAMB36E1 design_1_i/axi_dma_0/U0/I_PRMRY_DATAMOVER/GEN_MM2S_FULL.I_MM2S_FULL_WRAPPER/GEN_INCLUDE_MM2S_SF.I_RD_SF/I_DATA_FIFO/BLK_MEM.I_SYNC_FIFOGEN_FIFO/xpm_fifo_instance.xpm_fifo_sync_inst/xpm_fifo_base_inst/gen_sdpram.xpm_memory_base_inst/gen_wr_a.gen_word_narrow.mem_reg_0 has an input control pin design_1_i/axi_dma_0/U0/I_PRMRY_DATAMOVER/GEN_MM2S_FULL.I_MM2S_FULL_WRAPPER/GEN_INCLUDE_MM2S_SF.I_RD_SF/I_DATA_FIFO/BLK_MEM.I_SYNC_FIFOGEN_FIFO/xpm_fifo_instance.xpm_fifo_sync_inst/xpm_fifo_base_inst/gen_sdpram.xpm_memory_base_inst/gen_wr_a.gen_word_narrow.mem_reg_0/WEBWE[1] (net: design_1_i/axi_dma_0/U0/I_PRMRY_DATAMOVER/GEN_MM2S_FULL.I_MM2S_FULL_WRAPPER/GEN_INCLUDE_MM2S_SF.I_RD_SF/I_DATA_FIFO/BLK_MEM.I_SYNC_FIFOGEN_FIFO/xpm_fifo_instance.xpm_fifo_sync_inst/xpm_fifo_base_inst/gen_sdpram.xpm_memory_base_inst/wea[0]) which is driven by a register (design_1_i/axi_interconnect_1/s00_couplers/auto_pc/inst/gen_axi4_axi3.axi3_conv_inst/USE_READ.USE_SPLIT_R.read_addr_inst/USE_R_CHANNEL.cmd_queue/inst/fifo_gen_inst/inst_fifo_gen/gconvfifo.rf/grf.rf/gntv_or_sync_fifo.gl0.rd/gr1.gr1_int.rfwft/empty_fwft_i_reg) that has an active asychronous set or reset. This may cause corruption of the memory contents and/or read values when the set/reset is asserted and is not analyzed by the default static timing analysis. It is suggested to eliminate the use of a set/reset to registers driving this RAMB pin or else use a synchronous reset in which the assertion of the reset is timed by default.
WARNING: [DRC REQP-1839] RAMB36 async control check: The RAMB36E1 design_1_i/axi_dma_0/U0/I_PRMRY_DATAMOVER/GEN_MM2S_FULL.I_MM2S_FULL_WRAPPER/GEN_INCLUDE_MM2S_SF.I_RD_SF/I_DATA_FIFO/BLK_MEM.I_SYNC_FIFOGEN_FIFO/xpm_fifo_instance.xpm_fifo_sync_inst/xpm_fifo_base_inst/gen_sdpram.xpm_memory_base_inst/gen_wr_a.gen_word_narrow.mem_reg_0 has an input control pin design_1_i/axi_dma_0/U0/I_PRMRY_DATAMOVER/GEN_MM2S_FULL.I_MM2S_FULL_WRAPPER/GEN_INCLUDE_MM2S_SF.I_RD_SF/I_DATA_FIFO/BLK_MEM.I_SYNC_FIFOGEN_FIFO/xpm_fifo_instance.xpm_fifo_sync_inst/xpm_fifo_base_inst/gen_sdpram.xpm_memory_base_inst/gen_wr_a.gen_word_narrow.mem_reg_0/WEBWE[2] (net: design_1_i/axi_dma_0/U0/I_PRMRY_DATAMOVER/GEN_MM2S_FULL.I_MM2S_FULL_WRAPPER/GEN_INCLUDE_MM2S_SF.I_RD_SF/I_DATA_FIFO/BLK_MEM.I_SYNC_FIFOGEN_FIFO/xpm_fifo_instance.xpm_fifo_sync_inst/xpm_fifo_base_inst/gen_sdpram.xpm_memory_base_inst/wea[0]) which is driven by a register (design_1_i/axi_interconnect_1/s00_couplers/auto_pc/inst/gen_axi4_axi3.axi3_conv_inst/USE_READ.USE_SPLIT_R.read_addr_inst/USE_R_CHANNEL.cmd_queue/inst/fifo_gen_inst/inst_fifo_gen/gconvfifo.rf/grf.rf/gntv_or_sync_fifo.gl0.rd/gr1.gr1_int.rfwft/empty_fwft_i_reg) that has an active asychronous set or reset. This may cause corruption of the memory contents and/or read values when the set/reset is asserted and is not analyzed by the default static timing analysis. It is suggested to eliminate the use of a set/reset to registers driving this RAMB pin or else use a synchronous reset in which the assertion of the reset is timed by default.
WARNING: [DRC REQP-1839] RAMB36 async control check: The RAMB36E1 design_1_i/axi_dma_0/U0/I_PRMRY_DATAMOVER/GEN_MM2S_FULL.I_MM2S_FULL_WRAPPER/GEN_INCLUDE_MM2S_SF.I_RD_SF/I_DATA_FIFO/BLK_MEM.I_SYNC_FIFOGEN_FIFO/xpm_fifo_instance.xpm_fifo_sync_inst/xpm_fifo_base_inst/gen_sdpram.xpm_memory_base_inst/gen_wr_a.gen_word_narrow.mem_reg_0 has an input control pin design_1_i/axi_dma_0/U0/I_PRMRY_DATAMOVER/GEN_MM2S_FULL.I_MM2S_FULL_WRAPPER/GEN_INCLUDE_MM2S_SF.I_RD_SF/I_DATA_FIFO/BLK_MEM.I_SYNC_FIFOGEN_FIFO/xpm_fifo_instance.xpm_fifo_sync_inst/xpm_fifo_base_inst/gen_sdpram.xpm_memory_base_inst/gen_wr_a.gen_word_narrow.mem_reg_0/WEBWE[3] (net: design_1_i/axi_dma_0/U0/I_PRMRY_DATAMOVER/GEN_MM2S_FULL.I_MM2S_FULL_WRAPPER/GEN_INCLUDE_MM2S_SF.I_RD_SF/I_DATA_FIFO/BLK_MEM.I_SYNC_FIFOGEN_FIFO/xpm_fifo_instance.xpm_fifo_sync_inst/xpm_fifo_base_inst/gen_sdpram.xpm_memory_base_inst/wea[0]) which is driven by a register (design_1_i/axi_interconnect_1/s00_couplers/auto_pc/inst/gen_axi4_axi3.axi3_conv_inst/USE_READ.USE_SPLIT_R.read_addr_inst/USE_R_CHANNEL.cmd_queue/inst/fifo_gen_inst/inst_fifo_gen/gconvfifo.rf/grf.rf/gntv_or_sync_fifo.gl0.rd/gr1.gr1_int.rfwft/empty_fwft_i_reg) that has an active asychronous set or reset. This may cause corruption of the memory contents and/or read values when the set/reset is asserted and is not analyzed by the default static timing analysis. It is suggested to eliminate the use of a set/reset to registers driving this RAMB pin or else use a synchronous reset in which the assertion of the reset is timed by default.
WARNING: [DRC REQP-1839] RAMB36 async control check: The RAMB36E1 design_1_i/axi_dma_0/U0/I_PRMRY_DATAMOVER/GEN_MM2S_FULL.I_MM2S_FULL_WRAPPER/GEN_INCLUDE_MM2S_SF.I_RD_SF/I_DATA_FIFO/BLK_MEM.I_SYNC_FIFOGEN_FIFO/xpm_fifo_instance.xpm_fifo_sync_inst/xpm_fifo_base_inst/gen_sdpram.xpm_memory_base_inst/gen_wr_a.gen_word_narrow.mem_reg_0 has an input control pin design_1_i/axi_dma_0/U0/I_PRMRY_DATAMOVER/GEN_MM2S_FULL.I_MM2S_FULL_WRAPPER/GEN_INCLUDE_MM2S_SF.I_RD_SF/I_DATA_FIFO/BLK_MEM.I_SYNC_FIFOGEN_FIFO/xpm_fifo_instance.xpm_fifo_sync_inst/xpm_fifo_base_inst/gen_sdpram.xpm_memory_base_inst/gen_wr_a.gen_word_narrow.mem_reg_0/WEBWE[4] (net: design_1_i/axi_dma_0/U0/I_PRMRY_DATAMOVER/GEN_MM2S_FULL.I_MM2S_FULL_WRAPPER/GEN_INCLUDE_MM2S_SF.I_RD_SF/I_DATA_FIFO/BLK_MEM.I_SYNC_FIFOGEN_FIFO/xpm_fifo_instance.xpm_fifo_sync_inst/xpm_fifo_base_inst/gen_sdpram.xpm_memory_base_inst/wea[0]) which is driven by a register (design_1_i/axi_interconnect_1/s00_couplers/auto_pc/inst/gen_axi4_axi3.axi3_conv_inst/USE_READ.USE_SPLIT_R.read_addr_inst/USE_R_CHANNEL.cmd_queue/inst/fifo_gen_inst/inst_fifo_gen/gconvfifo.rf/grf.rf/gntv_or_sync_fifo.gl0.rd/gr1.gr1_int.rfwft/empty_fwft_i_reg) that has an active asychronous set or reset. This may cause corruption of the memory contents and/or read values when the set/reset is asserted and is not analyzed by the default static timing analysis. It is suggested to eliminate the use of a set/reset to registers driving this RAMB pin or else use a synchronous reset in which the assertion of the reset is timed by default.
WARNING: [DRC REQP-1839] RAMB36 async control check: The RAMB36E1 design_1_i/axi_dma_0/U0/I_PRMRY_DATAMOVER/GEN_MM2S_FULL.I_MM2S_FULL_WRAPPER/GEN_INCLUDE_MM2S_SF.I_RD_SF/I_DATA_FIFO/BLK_MEM.I_SYNC_FIFOGEN_FIFO/xpm_fifo_instance.xpm_fifo_sync_inst/xpm_fifo_base_inst/gen_sdpram.xpm_memory_base_inst/gen_wr_a.gen_word_narrow.mem_reg_0 has an input control pin design_1_i/axi_dma_0/U0/I_PRMRY_DATAMOVER/GEN_MM2S_FULL.I_MM2S_FULL_WRAPPER/GEN_INCLUDE_MM2S_SF.I_RD_SF/I_DATA_FIFO/BLK_MEM.I_SYNC_FIFOGEN_FIFO/xpm_fifo_instance.xpm_fifo_sync_inst/xpm_fifo_base_inst/gen_sdpram.xpm_memory_base_inst/gen_wr_a.gen_word_narrow.mem_reg_0/WEBWE[5] (net: design_1_i/axi_dma_0/U0/I_PRMRY_DATAMOVER/GEN_MM2S_FULL.I_MM2S_FULL_WRAPPER/GEN_INCLUDE_MM2S_SF.I_RD_SF/I_DATA_FIFO/BLK_MEM.I_SYNC_FIFOGEN_FIFO/xpm_fifo_instance.xpm_fifo_sync_inst/xpm_fifo_base_inst/gen_sdpram.xpm_memory_base_inst/wea[0]) which is driven by a register (design_1_i/axi_interconnect_1/s00_couplers/auto_pc/inst/gen_axi4_axi3.axi3_conv_inst/USE_READ.USE_SPLIT_R.read_addr_inst/USE_R_CHANNEL.cmd_queue/inst/fifo_gen_inst/inst_fifo_gen/gconvfifo.rf/grf.rf/gntv_or_sync_fifo.gl0.rd/gr1.gr1_int.rfwft/empty_fwft_i_reg) that has an active asychronous set or reset. This may cause corruption of the memory contents and/or read values when the set/reset is asserted and is not analyzed by the default static timing analysis. It is suggested to eliminate the use of a set/reset to registers driving this RAMB pin or else use a synchronous reset in which the assertion of the reset is timed by default.
WARNING: [DRC REQP-1839] RAMB36 async control check: The RAMB36E1 design_1_i/axi_dma_0/U0/I_PRMRY_DATAMOVER/GEN_MM2S_FULL.I_MM2S_FULL_WRAPPER/GEN_INCLUDE_MM2S_SF.I_RD_SF/I_DATA_FIFO/BLK_MEM.I_SYNC_FIFOGEN_FIFO/xpm_fifo_instance.xpm_fifo_sync_inst/xpm_fifo_base_inst/gen_sdpram.xpm_memory_base_inst/gen_wr_a.gen_word_narrow.mem_reg_0 has an input control pin design_1_i/axi_dma_0/U0/I_PRMRY_DATAMOVER/GEN_MM2S_FULL.I_MM2S_FULL_WRAPPER/GEN_INCLUDE_MM2S_SF.I_RD_SF/I_DATA_FIFO/BLK_MEM.I_SYNC_FIFOGEN_FIFO/xpm_fifo_instance.xpm_fifo_sync_inst/xpm_fifo_base_inst/gen_sdpram.xpm_memory_base_inst/gen_wr_a.gen_word_narrow.mem_reg_0/WEBWE[6] (net: design_1_i/axi_dma_0/U0/I_PRMRY_DATAMOVER/GEN_MM2S_FULL.I_MM2S_FULL_WRAPPER/GEN_INCLUDE_MM2S_SF.I_RD_SF/I_DATA_FIFO/BLK_MEM.I_SYNC_FIFOGEN_FIFO/xpm_fifo_instance.xpm_fifo_sync_inst/xpm_fifo_base_inst/gen_sdpram.xpm_memory_base_inst/wea[0]) which is driven by a register (design_1_i/axi_interconnect_1/s00_couplers/auto_pc/inst/gen_axi4_axi3.axi3_conv_inst/USE_READ.USE_SPLIT_R.read_addr_inst/USE_R_CHANNEL.cmd_queue/inst/fifo_gen_inst/inst_fifo_gen/gconvfifo.rf/grf.rf/gntv_or_sync_fifo.gl0.rd/gr1.gr1_int.rfwft/empty_fwft_i_reg) that has an active asychronous set or reset. This may cause corruption of the memory contents and/or read values when the set/reset is asserted and is not analyzed by the default static timing analysis. It is suggested to eliminate the use of a set/reset to registers driving this RAMB pin or else use a synchronous reset in which the assertion of the reset is timed by default.
WARNING: [DRC REQP-1839] RAMB36 async control check: The RAMB36E1 design_1_i/axi_dma_0/U0/I_PRMRY_DATAMOVER/GEN_MM2S_FULL.I_MM2S_FULL_WRAPPER/GEN_INCLUDE_MM2S_SF.I_RD_SF/I_DATA_FIFO/BLK_MEM.I_SYNC_FIFOGEN_FIFO/xpm_fifo_instance.xpm_fifo_sync_inst/xpm_fifo_base_inst/gen_sdpram.xpm_memory_base_inst/gen_wr_a.gen_word_narrow.mem_reg_0 has an input control pin design_1_i/axi_dma_0/U0/I_PRMRY_DATAMOVER/GEN_MM2S_FULL.I_MM2S_FULL_WRAPPER/GEN_INCLUDE_MM2S_SF.I_RD_SF/I_DATA_FIFO/BLK_MEM.I_SYNC_FIFOGEN_FIFO/xpm_fifo_instance.xpm_fifo_sync_inst/xpm_fifo_base_inst/gen_sdpram.xpm_memory_base_inst/gen_wr_a.gen_word_narrow.mem_reg_0/WEBWE[7] (net: design_1_i/axi_dma_0/U0/I_PRMRY_DATAMOVER/GEN_MM2S_FULL.I_MM2S_FULL_WRAPPER/GEN_INCLUDE_MM2S_SF.I_RD_SF/I_DATA_FIFO/BLK_MEM.I_SYNC_FIFOGEN_FIFO/xpm_fifo_instance.xpm_fifo_sync_inst/xpm_fifo_base_inst/gen_sdpram.xpm_memory_base_inst/wea[0]) which is driven by a register (design_1_i/axi_interconnect_1/s00_couplers/auto_pc/inst/gen_axi4_axi3.axi3_conv_inst/USE_READ.USE_SPLIT_R.read_addr_inst/USE_R_CHANNEL.cmd_queue/inst/fifo_gen_inst/inst_fifo_gen/gconvfifo.rf/grf.rf/gntv_or_sync_fifo.gl0.rd/gr1.gr1_int.rfwft/empty_fwft_i_reg) that has an active asychronous set or reset. This may cause corruption of the memory contents and/or read values when the set/reset is asserted and is not analyzed by the default static timing analysis. It is suggested to eliminate the use of a set/reset to registers driving this RAMB pin or else use a synchronous reset in which the assertion of the reset is timed by default.
WARNING: [DRC REQP-1840] RAMB18 async control check: The RAMB18E1 design_1_i/axi_dma_0/U0/I_PRMRY_DATAMOVER/GEN_MM2S_FULL.I_MM2S_FULL_WRAPPER/GEN_INCLUDE_MM2S_SF.I_RD_SF/I_DATA_FIFO/BLK_MEM.I_SYNC_FIFOGEN_FIFO/xpm_fifo_instance.xpm_fifo_sync_inst/xpm_fifo_base_inst/gen_sdpram.xpm_memory_base_inst/gen_wr_a.gen_word_narrow.mem_reg_1 has an input control pin design_1_i/axi_dma_0/U0/I_PRMRY_DATAMOVER/GEN_MM2S_FULL.I_MM2S_FULL_WRAPPER/GEN_INCLUDE_MM2S_SF.I_RD_SF/I_DATA_FIFO/BLK_MEM.I_SYNC_FIFOGEN_FIFO/xpm_fifo_instance.xpm_fifo_sync_inst/xpm_fifo_base_inst/gen_sdpram.xpm_memory_base_inst/gen_wr_a.gen_word_narrow.mem_reg_1/ENBWREN (net: design_1_i/axi_dma_0/U0/I_PRMRY_DATAMOVER/GEN_MM2S_FULL.I_MM2S_FULL_WRAPPER/GEN_INCLUDE_MM2S_SF.I_RD_SF/I_DATA_FIFO/BLK_MEM.I_SYNC_FIFOGEN_FIFO/xpm_fifo_instance.xpm_fifo_sync_inst/xpm_fifo_base_inst/gen_sdpram.xpm_memory_base_inst/wea[0]) which is driven by a register (design_1_i/axi_interconnect_1/s00_couplers/auto_pc/inst/gen_axi4_axi3.axi3_conv_inst/USE_READ.USE_SPLIT_R.read_addr_inst/USE_R_CHANNEL.cmd_queue/inst/fifo_gen_inst/inst_fifo_gen/gconvfifo.rf/grf.rf/gntv_or_sync_fifo.gl0.rd/gr1.gr1_int.rfwft/empty_fwft_i_reg) that has an active asychronous set or reset. This may cause corruption of the memory contents and/or read values when the set/reset is asserted and is not analyzed by the default static timing analysis. It is suggested to eliminate the use of a set/reset to registers driving this RAMB pin or else use a synchronous reset in which the assertion of the reset is timed by default.
WARNING: [DRC REQP-1840] RAMB18 async control check: The RAMB18E1 design_1_i/axi_dma_0/U0/I_PRMRY_DATAMOVER/GEN_MM2S_FULL.I_MM2S_FULL_WRAPPER/GEN_INCLUDE_MM2S_SF.I_RD_SF/I_DATA_FIFO/BLK_MEM.I_SYNC_FIFOGEN_FIFO/xpm_fifo_instance.xpm_fifo_sync_inst/xpm_fifo_base_inst/gen_sdpram.xpm_memory_base_inst/gen_wr_a.gen_word_narrow.mem_reg_1 has an input control pin design_1_i/axi_dma_0/U0/I_PRMRY_DATAMOVER/GEN_MM2S_FULL.I_MM2S_FULL_WRAPPER/GEN_INCLUDE_MM2S_SF.I_RD_SF/I_DATA_FIFO/BLK_MEM.I_SYNC_FIFOGEN_FIFO/xpm_fifo_instance.xpm_fifo_sync_inst/xpm_fifo_base_inst/gen_sdpram.xpm_memory_base_inst/gen_wr_a.gen_word_narrow.mem_reg_1/WEBWE[0] (net: design_1_i/axi_dma_0/U0/I_PRMRY_DATAMOVER/GEN_MM2S_FULL.I_MM2S_FULL_WRAPPER/GEN_INCLUDE_MM2S_SF.I_RD_SF/I_DATA_FIFO/BLK_MEM.I_SYNC_FIFOGEN_FIFO/xpm_fifo_instance.xpm_fifo_sync_inst/xpm_fifo_base_inst/gen_sdpram.xpm_memory_base_inst/wea[0]) which is driven by a register (design_1_i/axi_interconnect_1/s00_couplers/auto_pc/inst/gen_axi4_axi3.axi3_conv_inst/USE_READ.USE_SPLIT_R.read_addr_inst/USE_R_CHANNEL.cmd_queue/inst/fifo_gen_inst/inst_fifo_gen/gconvfifo.rf/grf.rf/gntv_or_sync_fifo.gl0.rd/gr1.gr1_int.rfwft/empty_fwft_i_reg) that has an active asychronous set or reset. This may cause corruption of the memory contents and/or read values when the set/reset is asserted and is not analyzed by the default static timing analysis. It is suggested to eliminate the use of a set/reset to registers driving this RAMB pin or else use a synchronous reset in which the assertion of the reset is timed by default.
WARNING: [DRC REQP-1840] RAMB18 async control check: The RAMB18E1 design_1_i/axi_dma_0/U0/I_PRMRY_DATAMOVER/GEN_MM2S_FULL.I_MM2S_FULL_WRAPPER/GEN_INCLUDE_MM2S_SF.I_RD_SF/I_DATA_FIFO/BLK_MEM.I_SYNC_FIFOGEN_FIFO/xpm_fifo_instance.xpm_fifo_sync_inst/xpm_fifo_base_inst/gen_sdpram.xpm_memory_base_inst/gen_wr_a.gen_word_narrow.mem_reg_1 has an input control pin design_1_i/axi_dma_0/U0/I_PRMRY_DATAMOVER/GEN_MM2S_FULL.I_MM2S_FULL_WRAPPER/GEN_INCLUDE_MM2S_SF.I_RD_SF/I_DATA_FIFO/BLK_MEM.I_SYNC_FIFOGEN_FIFO/xpm_fifo_instance.xpm_fifo_sync_inst/xpm_fifo_base_inst/gen_sdpram.xpm_memory_base_inst/gen_wr_a.gen_word_narrow.mem_reg_1/WEBWE[1] (net: design_1_i/axi_dma_0/U0/I_PRMRY_DATAMOVER/GEN_MM2S_FULL.I_MM2S_FULL_WRAPPER/GEN_INCLUDE_MM2S_SF.I_RD_SF/I_DATA_FIFO/BLK_MEM.I_SYNC_FIFOGEN_FIFO/xpm_fifo_instance.xpm_fifo_sync_inst/xpm_fifo_base_inst/gen_sdpram.xpm_memory_base_inst/wea[0]) which is driven by a register (design_1_i/axi_interconnect_1/s00_couplers/auto_pc/inst/gen_axi4_axi3.axi3_conv_inst/USE_READ.USE_SPLIT_R.read_addr_inst/USE_R_CHANNEL.cmd_queue/inst/fifo_gen_inst/inst_fifo_gen/gconvfifo.rf/grf.rf/gntv_or_sync_fifo.gl0.rd/gr1.gr1_int.rfwft/empty_fwft_i_reg) that has an active asychronous set or reset. This may cause corruption of the memory contents and/or read values when the set/reset is asserted and is not analyzed by the default static timing analysis. It is suggested to eliminate the use of a set/reset to registers driving this RAMB pin or else use a synchronous reset in which the assertion of the reset is timed by default.
WARNING: [DRC REQP-1840] RAMB18 async control check: The RAMB18E1 design_1_i/axi_dma_0/U0/I_PRMRY_DATAMOVER/GEN_MM2S_FULL.I_MM2S_FULL_WRAPPER/GEN_INCLUDE_MM2S_SF.I_RD_SF/I_DATA_FIFO/BLK_MEM.I_SYNC_FIFOGEN_FIFO/xpm_fifo_instance.xpm_fifo_sync_inst/xpm_fifo_base_inst/gen_sdpram.xpm_memory_base_inst/gen_wr_a.gen_word_narrow.mem_reg_1 has an input control pin design_1_i/axi_dma_0/U0/I_PRMRY_DATAMOVER/GEN_MM2S_FULL.I_MM2S_FULL_WRAPPER/GEN_INCLUDE_MM2S_SF.I_RD_SF/I_DATA_FIFO/BLK_MEM.I_SYNC_FIFOGEN_FIFO/xpm_fifo_instance.xpm_fifo_sync_inst/xpm_fifo_base_inst/gen_sdpram.xpm_memory_base_inst/gen_wr_a.gen_word_narrow.mem_reg_1/WEBWE[2] (net: design_1_i/axi_dma_0/U0/I_PRMRY_DATAMOVER/GEN_MM2S_FULL.I_MM2S_FULL_WRAPPER/GEN_INCLUDE_MM2S_SF.I_RD_SF/I_DATA_FIFO/BLK_MEM.I_SYNC_FIFOGEN_FIFO/xpm_fifo_instance.xpm_fifo_sync_inst/xpm_fifo_base_inst/gen_sdpram.xpm_memory_base_inst/wea[0]) which is driven by a register (design_1_i/axi_interconnect_1/s00_couplers/auto_pc/inst/gen_axi4_axi3.axi3_conv_inst/USE_READ.USE_SPLIT_R.read_addr_inst/USE_R_CHANNEL.cmd_queue/inst/fifo_gen_inst/inst_fifo_gen/gconvfifo.rf/grf.rf/gntv_or_sync_fifo.gl0.rd/gr1.gr1_int.rfwft/empty_fwft_i_reg) that has an active asychronous set or reset. This may cause corruption of the memory contents and/or read values when the set/reset is asserted and is not analyzed by the default static timing analysis. It is suggested to eliminate the use of a set/reset to registers driving this RAMB pin or else use a synchronous reset in which the assertion of the reset is timed by default.
INFO: [Vivado_Tcl 4-198] DRC finished with 0 Errors, 12 Warnings
INFO: [Vivado_Tcl 4-199] Please refer to the DRC report (report_drc) for more information.

Starting Placer Task
INFO: [Place 30-611] Multithreading enabled for place_design using a maximum of 2 CPUs

Phase 1 Placer Initialization

Phase 1.1 Placer Initialization Netlist Sorting
Netlist sorting complete. Time (s): cpu = 00:00:00 ; elapsed = 00:00:00.007 . Memory (MB): peak = 1938.758 ; gain = 0.000
Phase 1.1 Placer Initialization Netlist Sorting | Checksum: 168d8b061

Time (s): cpu = 00:00:00 ; elapsed = 00:00:00.060 . Memory (MB): peak = 1938.758 ; gain = 0.000
Netlist sorting complete. Time (s): cpu = 00:00:00 ; elapsed = 00:00:00.008 . Memory (MB): peak = 1938.758 ; gain = 0.000

Phase 1.2 IO Placement/ Clock Placement/ Build Placer Device
INFO: [Timing 38-35] Done setting XDC timing constraints.
Phase 1.2 IO Placement/ Clock Placement/ Build Placer Device | Checksum: 9abe09bd

Time (s): cpu = 00:00:05 ; elapsed = 00:00:04 . Memory (MB): peak = 1938.758 ; gain = 0.000

Phase 1.3 Build Placer Netlist Model
Phase 1.3 Build Placer Netlist Model | Checksum: af3a9424

Time (s): cpu = 00:00:10 ; elapsed = 00:00:08 . Memory (MB): peak = 1938.758 ; gain = 0.000

Phase 1.4 Constrain Clocks/Macros
Phase 1.4 Constrain Clocks/Macros | Checksum: af3a9424

Time (s): cpu = 00:00:10 ; elapsed = 00:00:08 . Memory (MB): peak = 1938.758 ; gain = 0.000
Phase 1 Placer Initialization | Checksum: af3a9424

Time (s): cpu = 00:00:10 ; elapsed = 00:00:08 . Memory (MB): peak = 1938.758 ; gain = 0.000

Phase 2 Global Placement

Phase 2.1 Floorplanning
Phase 2.1 Floorplanning | Checksum: d6c5db20

Time (s): cpu = 00:00:12 ; elapsed = 00:00:10 . Memory (MB): peak = 1938.758 ; gain = 0.000

Phase 2.2 Global Placement Core

Phase 2.2.1 Physical Synthesis In Placer
INFO: [Physopt 32-1035] Found 0 LUTNM shape to break, 436 LUT instances to create LUTNM shape
INFO: [Physopt 32-1044] Break lutnm for timing: one critical 0, two critical 0, total 0, new lutff created 0
INFO: [Physopt 32-775] End 1 Pass. Optimized 156 nets or cells. Created 0 new cell, deleted 156 existing cells and moved 0 existing cell
INFO: [Physopt 32-65] No nets found for high-fanout optimization.
INFO: [Physopt 32-232] Optimized 0 net. Created 0 new instance.
INFO: [Physopt 32-775] End 1 Pass. Optimized 0 net or cell. Created 0 new cell, deleted 0 existing cell and moved 0 existing cell
INFO: [Physopt 32-670] No setup violation found.  DSP Register Optimization was not performed.
INFO: [Physopt 32-670] No setup violation found.  Shift Register to Pipeline Optimization was not performed.
INFO: [Physopt 32-670] No setup violation found.  Shift Register Optimization was not performed.
INFO: [Physopt 32-670] No setup violation found.  BRAM Register Optimization was not performed.
INFO: [Physopt 32-670] No setup violation found.  URAM Register Optimization was not performed.
INFO: [Physopt 32-949] No candidate nets found for HD net replication
INFO: [Physopt 32-775] End 1 Pass. Optimized 0 net or cell. Created 0 new cell, deleted 0 existing cell and moved 0 existing cell
Netlist sorting complete. Time (s): cpu = 00:00:00 ; elapsed = 00:00:00.008 . Memory (MB): peak = 1938.758 ; gain = 0.000

Summary of Physical Synthesis Optimizations
============================================


-----------------------------------------------------------------------------------------------------------------------------------------------------------
|  Optimization                                     |  Added Cells  |  Removed Cells  |  Optimized Cells/Nets  |  Dont Touch  |  Iterations  |  Elapsed   |
-----------------------------------------------------------------------------------------------------------------------------------------------------------
|  LUT Combining                                    |            0  |            156  |                   156  |           0  |           1  |  00:00:01  |
|  Very High Fanout                                 |            0  |              0  |                     0  |           0  |           1  |  00:00:00  |
|  DSP Register                                     |            0  |              0  |                     0  |           0  |           0  |  00:00:00  |
|  Shift Register to Pipeline                       |            0  |              0  |                     0  |           0  |           0  |  00:00:00  |
|  Shift Register                                   |            0  |              0  |                     0  |           0  |           0  |  00:00:00  |
|  BRAM Register                                    |            0  |              0  |                     0  |           0  |           0  |  00:00:00  |
|  URAM Register                                    |            0  |              0  |                     0  |           0  |           0  |  00:00:00  |
|  Dynamic/Static Region Interface Net Replication  |            0  |              0  |                     0  |           0  |           1  |  00:00:00  |
|  Total                                            |            0  |            156  |                   156  |           0  |           3  |  00:00:01  |
-----------------------------------------------------------------------------------------------------------------------------------------------------------


Phase 2.2.1 Physical Synthesis In Placer | Checksum: 19c378699

Time (s): cpu = 00:00:27 ; elapsed = 00:00:21 . Memory (MB): peak = 1938.758 ; gain = 0.000
Phase 2.2 Global Placement Core | Checksum: 225c6831d

Time (s): cpu = 00:00:29 ; elapsed = 00:00:23 . Memory (MB): peak = 1938.758 ; gain = 0.000
Phase 2 Global Placement | Checksum: 225c6831d

Time (s): cpu = 00:00:30 ; elapsed = 00:00:23 . Memory (MB): peak = 1938.758 ; gain = 0.000

Phase 3 Detail Placement

Phase 3.1 Commit Multi Column Macros
Phase 3.1 Commit Multi Column Macros | Checksum: 1cd40ff0c

Time (s): cpu = 00:00:31 ; elapsed = 00:00:24 . Memory (MB): peak = 1938.758 ; gain = 0.000

Phase 3.2 Commit Most Macros & LUTRAMs
Phase 3.2 Commit Most Macros & LUTRAMs | Checksum: 1d49bb8d2

Time (s): cpu = 00:00:33 ; elapsed = 00:00:26 . Memory (MB): peak = 1938.758 ; gain = 0.000

Phase 3.3 Area Swap Optimization
Phase 3.3 Area Swap Optimization | Checksum: 20ffbca9d

Time (s): cpu = 00:00:34 ; elapsed = 00:00:26 . Memory (MB): peak = 1938.758 ; gain = 0.000

Phase 3.4 Pipeline Register Optimization
Phase 3.4 Pipeline Register Optimization | Checksum: 20bf0b86a

Time (s): cpu = 00:00:34 ; elapsed = 00:00:26 . Memory (MB): peak = 1938.758 ; gain = 0.000

Phase 3.5 Small Shape Detail Placement
Phase 3.5 Small Shape Detail Placement | Checksum: 1b8e91487

Time (s): cpu = 00:00:39 ; elapsed = 00:00:31 . Memory (MB): peak = 1938.758 ; gain = 0.000

Phase 3.6 Re-assign LUT pins
Phase 3.6 Re-assign LUT pins | Checksum: 187e6da65

Time (s): cpu = 00:00:40 ; elapsed = 00:00:33 . Memory (MB): peak = 1938.758 ; gain = 0.000

Phase 3.7 Pipeline Register Optimization
Phase 3.7 Pipeline Register Optimization | Checksum: 16b5ef93f

Time (s): cpu = 00:00:40 ; elapsed = 00:00:33 . Memory (MB): peak = 1938.758 ; gain = 0.000
Phase 3 Detail Placement | Checksum: 16b5ef93f

Time (s): cpu = 00:00:40 ; elapsed = 00:00:33 . Memory (MB): peak = 1938.758 ; gain = 0.000

Phase 4 Post Placement Optimization and Clean-Up

Phase 4.1 Post Commit Optimization
INFO: [Timing 38-35] Done setting XDC timing constraints.

Phase 4.1.1 Post Placement Optimization
Post Placement Optimization Initialization | Checksum: dcda8eba

Phase 4.1.1.1 BUFG Insertion

Starting Physical Synthesis Task

Phase 1 Physical Synthesis Initialization
INFO: [Physopt 32-721] Multithreading enabled for phys_opt_design using a maximum of 2 CPUs
INFO: [Physopt 32-619] Estimated Timing Summary | WNS=1.609 | TNS=0.000 |
Phase 1 Physical Synthesis Initialization | Checksum: 1a44192e6

Time (s): cpu = 00:00:01 ; elapsed = 00:00:00.844 . Memory (MB): peak = 1938.758 ; gain = 0.000
INFO: [Place 46-56] BUFG insertion identified 0 candidate nets. Inserted BUFG: 0, Replicated BUFG Driver: 0, Skipped due to Placement/Routing Conflicts: 0, Skipped due to Timing Degradation: 0, Skipped due to Illegal Netlist: 0.
Ending Physical Synthesis Task | Checksum: 181714684

Time (s): cpu = 00:00:01 ; elapsed = 00:00:00.901 . Memory (MB): peak = 1938.758 ; gain = 0.000
Phase 4.1.1.1 BUFG Insertion | Checksum: dcda8eba

Time (s): cpu = 00:00:47 ; elapsed = 00:00:38 . Memory (MB): peak = 1938.758 ; gain = 0.000
INFO: [Place 30-746] Post Placement Timing Summary WNS=1.609. For the most accurate timing information please run report_timing.
Phase 4.1.1 Post Placement Optimization | Checksum: 17b8ad45e

Time (s): cpu = 00:00:47 ; elapsed = 00:00:38 . Memory (MB): peak = 1938.758 ; gain = 0.000
Phase 4.1 Post Commit Optimization | Checksum: 17b8ad45e

Time (s): cpu = 00:00:47 ; elapsed = 00:00:39 . Memory (MB): peak = 1938.758 ; gain = 0.000

Phase 4.2 Post Placement Cleanup
Phase 4.2 Post Placement Cleanup | Checksum: 17b8ad45e

Time (s): cpu = 00:00:48 ; elapsed = 00:00:39 . Memory (MB): peak = 1938.758 ; gain = 0.000

Phase 4.3 Placer Reporting
Phase 4.3 Placer Reporting | Checksum: 17b8ad45e

Time (s): cpu = 00:00:48 ; elapsed = 00:00:39 . Memory (MB): peak = 1938.758 ; gain = 0.000

Phase 4.4 Final Placement Cleanup
Netlist sorting complete. Time (s): cpu = 00:00:00 ; elapsed = 00:00:00.008 . Memory (MB): peak = 1938.758 ; gain = 0.000
Phase 4.4 Final Placement Cleanup | Checksum: 1729120d8

Time (s): cpu = 00:00:48 ; elapsed = 00:00:39 . Memory (MB): peak = 1938.758 ; gain = 0.000
Phase 4 Post Placement Optimization and Clean-Up | Checksum: 1729120d8

Time (s): cpu = 00:00:48 ; elapsed = 00:00:39 . Memory (MB): peak = 1938.758 ; gain = 0.000
Ending Placer Task | Checksum: a03de4af

Time (s): cpu = 00:00:48 ; elapsed = 00:00:39 . Memory (MB): peak = 1938.758 ; gain = 0.000
INFO: [Common 17-83] Releasing license: Implementation
74 Infos, 115 Warnings, 100 Critical Warnings and 0 Errors encountered.
place_design completed successfully
place_design: Time (s): cpu = 00:00:53 ; elapsed = 00:00:43 . Memory (MB): peak = 1938.758 ; gain = 0.000
INFO: [Timing 38-480] Writing timing data to binary archive.
Writing placer database...
Writing XDEF routing.
Writing XDEF routing logical nets.
Writing XDEF routing special nets.
Write XDEF Complete: Time (s): cpu = 00:00:05 ; elapsed = 00:00:02 . Memory (MB): peak = 1938.758 ; gain = 0.000
INFO: [Common 17-1381] The checkpoint 'C:/projects/NN_copy/NN_copy.runs/impl_1/design_1_wrapper_placed.dcp' has been generated.
write_checkpoint: Time (s): cpu = 00:00:08 ; elapsed = 00:00:06 . Memory (MB): peak = 1938.758 ; gain = 0.000
INFO: [runtcl-4] Executing : report_io -file design_1_wrapper_io_placed.rpt
report_io: Time (s): cpu = 00:00:01 ; elapsed = 00:00:00.160 . Memory (MB): peak = 1938.758 ; gain = 0.000
INFO: [runtcl-4] Executing : report_utilization -file design_1_wrapper_utilization_placed.rpt -pb design_1_wrapper_utilization_placed.pb
INFO: [runtcl-4] Executing : report_control_sets -verbose -file design_1_wrapper_control_sets_placed.rpt
report_control_sets: Time (s): cpu = 00:00:00 ; elapsed = 00:00:00.068 . Memory (MB): peak = 1938.758 ; gain = 0.000
Command: phys_opt_design
Attempting to get a license for feature 'Implementation' and/or device 'xc7z020'
INFO: [Common 17-349] Got license for feature 'Implementation' and/or device 'xc7z020'
INFO: [Vivado_Tcl 4-383] Design worst setup slack (WNS) is greater than or equal to 0.000 ns. Skipping all physical synthesis optimizations.
INFO: [Vivado_Tcl 4-232] No setup violation found. The netlist was not modified.
INFO: [Common 17-83] Releasing license: Implementation
83 Infos, 115 Warnings, 100 Critical Warnings and 0 Errors encountered.
phys_opt_design completed successfully
INFO: [Timing 38-480] Writing timing data to binary archive.
Writing placer database...
Writing XDEF routing.
Writing XDEF routing logical nets.
Writing XDEF routing special nets.
Write XDEF Complete: Time (s): cpu = 00:00:05 ; elapsed = 00:00:02 . Memory (MB): peak = 1938.758 ; gain = 0.000
INFO: [Common 17-1381] The checkpoint 'C:/projects/NN_copy/NN_copy.runs/impl_1/design_1_wrapper_physopt.dcp' has been generated.
write_checkpoint: Time (s): cpu = 00:00:08 ; elapsed = 00:00:07 . Memory (MB): peak = 1938.758 ; gain = 0.000
Command: route_design
Attempting to get a license for feature 'Implementation' and/or device 'xc7z020'
INFO: [Common 17-349] Got license for feature 'Implementation' and/or device 'xc7z020'
Running DRC as a precondition to command route_design
INFO: [DRC 23-27] Running DRC with 2 threads
INFO: [Vivado_Tcl 4-198] DRC finished with 0 Errors
INFO: [Vivado_Tcl 4-199] Please refer to the DRC report (report_drc) for more information.


Starting Routing Task
INFO: [Route 35-254] Multithreading enabled for route_design using a maximum of 2 CPUs
Checksum: PlaceDB: 10d2aa23 ConstDB: 0 ShapeSum: 8f6b3a8c RouteDB: 0

Phase 1 Build RT Design
Phase 1 Build RT Design | Checksum: 11b48d056

Time (s): cpu = 00:01:07 ; elapsed = 00:00:53 . Memory (MB): peak = 1966.047 ; gain = 27.289
Post Restoration Checksum: NetGraph: eed882b8 NumContArr: 2c704d9e Constraints: 0 Timing: 0

Phase 2 Router Initialization

Phase 2.1 Create Timer
Phase 2.1 Create Timer | Checksum: 11b48d056

Time (s): cpu = 00:01:08 ; elapsed = 00:00:53 . Memory (MB): peak = 1966.047 ; gain = 27.289

Phase 2.2 Fix Topology Constraints
Phase 2.2 Fix Topology Constraints | Checksum: 11b48d056

Time (s): cpu = 00:01:08 ; elapsed = 00:00:53 . Memory (MB): peak = 1972.727 ; gain = 33.969

Phase 2.3 Pre Route Cleanup
Phase 2.3 Pre Route Cleanup | Checksum: 11b48d056

Time (s): cpu = 00:01:08 ; elapsed = 00:00:53 . Memory (MB): peak = 1972.727 ; gain = 33.969
 Number of Nodes with overlaps = 0

Phase 2.4 Update Timing
Phase 2.4 Update Timing | Checksum: 117fdffe2

Time (s): cpu = 00:01:15 ; elapsed = 00:00:59 . Memory (MB): peak = 1997.246 ; gain = 58.488
INFO: [Route 35-416] Intermediate Timing Summary | WNS=1.669  | TNS=0.000  | WHS=-0.355 | THS=-123.957|

Phase 2 Router Initialization | Checksum: 15672d938

Time (s): cpu = 00:01:19 ; elapsed = 00:01:01 . Memory (MB): peak = 2030.809 ; gain = 92.051

Router Utilization Summary
  Global Vertical Routing Utilization    = 0 %
  Global Horizontal Routing Utilization  = 0 %
  Routable Net Status*
  *Does not include unroutable nets such as driverless and loadless.
  Run report_route_status for detailed report.
  Number of Failed Nets               = 7425
    (Failed Nets is the sum of unrouted and partially routed nets)
  Number of Unrouted Nets             = 7425
  Number of Partially Routed Nets     = 0
  Number of Node Overlaps             = 0


Phase 3 Initial Routing
Phase 3 Initial Routing | Checksum: 11ec00511

Time (s): cpu = 00:01:24 ; elapsed = 00:01:04 . Memory (MB): peak = 2030.809 ; gain = 92.051

Phase 4 Rip-up And Reroute

Phase 4.1 Global Iteration 0
 Number of Nodes with overlaps = 576
 Number of Nodes with overlaps = 49
 Number of Nodes with overlaps = 9
 Number of Nodes with overlaps = 5
 Number of Nodes with overlaps = 1
 Number of Nodes with overlaps = 0
INFO: [Route 35-416] Intermediate Timing Summary | WNS=1.710  | TNS=0.000  | WHS=N/A    | THS=N/A    |

Phase 4.1 Global Iteration 0 | Checksum: f8effef0

Time (s): cpu = 00:01:33 ; elapsed = 00:01:11 . Memory (MB): peak = 2030.809 ; gain = 92.051

Phase 4.2 Global Iteration 1
 Number of Nodes with overlaps = 2
 Number of Nodes with overlaps = 0
INFO: [Route 35-416] Intermediate Timing Summary | WNS=1.740  | TNS=0.000  | WHS=N/A    | THS=N/A    |

Phase 4.2 Global Iteration 1 | Checksum: 220821fb1

Time (s): cpu = 00:01:34 ; elapsed = 00:01:12 . Memory (MB): peak = 2030.809 ; gain = 92.051
Phase 4 Rip-up And Reroute | Checksum: 220821fb1

Time (s): cpu = 00:01:34 ; elapsed = 00:01:12 . Memory (MB): peak = 2030.809 ; gain = 92.051

Phase 5 Delay and Skew Optimization

Phase 5.1 Delay CleanUp
Phase 5.1 Delay CleanUp | Checksum: 220821fb1

Time (s): cpu = 00:01:34 ; elapsed = 00:01:12 . Memory (MB): peak = 2030.809 ; gain = 92.051

Phase 5.2 Clock Skew Optimization
Phase 5.2 Clock Skew Optimization | Checksum: 220821fb1

Time (s): cpu = 00:01:34 ; elapsed = 00:01:12 . Memory (MB): peak = 2030.809 ; gain = 92.051
Phase 5 Delay and Skew Optimization | Checksum: 220821fb1

Time (s): cpu = 00:01:34 ; elapsed = 00:01:12 . Memory (MB): peak = 2030.809 ; gain = 92.051

Phase 6 Post Hold Fix

Phase 6.1 Hold Fix Iter

Phase 6.1.1 Update Timing
Phase 6.1.1 Update Timing | Checksum: 284360475

Time (s): cpu = 00:01:36 ; elapsed = 00:01:13 . Memory (MB): peak = 2030.809 ; gain = 92.051
INFO: [Route 35-416] Intermediate Timing Summary | WNS=1.891  | TNS=0.000  | WHS=0.018  | THS=0.000  |

Phase 6.1 Hold Fix Iter | Checksum: 1c79aa874

Time (s): cpu = 00:01:36 ; elapsed = 00:01:13 . Memory (MB): peak = 2030.809 ; gain = 92.051
Phase 6 Post Hold Fix | Checksum: 1c79aa874

Time (s): cpu = 00:01:36 ; elapsed = 00:01:13 . Memory (MB): peak = 2030.809 ; gain = 92.051

Phase 7 Route finalize

Router Utilization Summary
  Global Vertical Routing Utilization    = 1.22253 %
  Global Horizontal Routing Utilization  = 1.72862 %
  Routable Net Status*
  *Does not include unroutable nets such as driverless and loadless.
  Run report_route_status for detailed report.
  Number of Failed Nets               = 0
    (Failed Nets is the sum of unrouted and partially routed nets)
  Number of Unrouted Nets             = 0
  Number of Partially Routed Nets     = 0
  Number of Node Overlaps             = 0

Phase 7 Route finalize | Checksum: 212c06538

Time (s): cpu = 00:01:36 ; elapsed = 00:01:13 . Memory (MB): peak = 2030.809 ; gain = 92.051

Phase 8 Verifying routed nets

 Verification completed successfully
Phase 8 Verifying routed nets | Checksum: 212c06538

Time (s): cpu = 00:01:36 ; elapsed = 00:01:13 . Memory (MB): peak = 2030.809 ; gain = 92.051

Phase 9 Depositing Routes
Phase 9 Depositing Routes | Checksum: 1e1a7b126

Time (s): cpu = 00:01:37 ; elapsed = 00:01:15 . Memory (MB): peak = 2030.809 ; gain = 92.051

Phase 10 Post Router Timing
INFO: [Route 35-57] Estimated Timing Summary | WNS=1.891  | TNS=0.000  | WHS=0.018  | THS=0.000  |

INFO: [Route 35-327] The final timing numbers are based on the router estimated timing analysis. For a complete and accurate timing signoff, please run report_timing_summary.
Phase 10 Post Router Timing | Checksum: 1e1a7b126

Time (s): cpu = 00:01:37 ; elapsed = 00:01:15 . Memory (MB): peak = 2030.809 ; gain = 92.051
INFO: [Route 35-16] Router Completed Successfully

Time (s): cpu = 00:01:37 ; elapsed = 00:01:15 . Memory (MB): peak = 2030.809 ; gain = 92.051

Routing Is Done.
INFO: [Common 17-83] Releasing license: Implementation
98 Infos, 115 Warnings, 100 Critical Warnings and 0 Errors encountered.
route_design completed successfully
route_design: Time (s): cpu = 00:01:43 ; elapsed = 00:01:19 . Memory (MB): peak = 2030.809 ; gain = 92.051
INFO: [Timing 38-480] Writing timing data to binary archive.
Writing placer database...
Writing XDEF routing.
Writing XDEF routing logical nets.
Writing XDEF routing special nets.
Write XDEF Complete: Time (s): cpu = 00:00:05 ; elapsed = 00:00:02 . Memory (MB): peak = 2033.391 ; gain = 2.582
INFO: [Common 17-1381] The checkpoint 'C:/projects/NN_copy/NN_copy.runs/impl_1/design_1_wrapper_routed.dcp' has been generated.
write_checkpoint: Time (s): cpu = 00:00:09 ; elapsed = 00:00:07 . Memory (MB): peak = 2033.391 ; gain = 2.582
INFO: [runtcl-4] Executing : report_drc -file design_1_wrapper_drc_routed.rpt -pb design_1_wrapper_drc_routed.pb -rpx design_1_wrapper_drc_routed.rpx
Command: report_drc -file design_1_wrapper_drc_routed.rpt -pb design_1_wrapper_drc_routed.pb -rpx design_1_wrapper_drc_routed.rpx
INFO: [IP_Flow 19-1839] IP Catalog is up to date.
INFO: [DRC 23-27] Running DRC with 2 threads
INFO: [Coretcl 2-168] The results of DRC are in file C:/projects/NN_copy/NN_copy.runs/impl_1/design_1_wrapper_drc_routed.rpt.
report_drc completed successfully
report_drc: Time (s): cpu = 00:00:10 ; elapsed = 00:00:06 . Memory (MB): peak = 2044.391 ; gain = 11.000
INFO: [runtcl-4] Executing : report_methodology -file design_1_wrapper_methodology_drc_routed.rpt -pb design_1_wrapper_methodology_drc_routed.pb -rpx design_1_wrapper_methodology_drc_routed.rpx
Command: report_methodology -file design_1_wrapper_methodology_drc_routed.rpt -pb design_1_wrapper_methodology_drc_routed.pb -rpx design_1_wrapper_methodology_drc_routed.rpx
INFO: [Timing 38-35] Done setting XDC timing constraints.
INFO: [DRC 23-133] Running Methodology with 2 threads
INFO: [Coretcl 2-1520] The results of Report Methodology are in file C:/projects/NN_copy/NN_copy.runs/impl_1/design_1_wrapper_methodology_drc_routed.rpt.
report_methodology completed successfully
report_methodology: Time (s): cpu = 00:00:13 ; elapsed = 00:00:08 . Memory (MB): peak = 2068.996 ; gain = 24.605
INFO: [runtcl-4] Executing : report_power -file design_1_wrapper_power_routed.rpt -pb design_1_wrapper_power_summary_routed.pb -rpx design_1_wrapper_power_routed.rpx
Command: report_power -file design_1_wrapper_power_routed.rpt -pb design_1_wrapper_power_summary_routed.pb -rpx design_1_wrapper_power_routed.rpx
INFO: [Timing 38-35] Done setting XDC timing constraints.
Running Vector-less Activity Propagation...

Finished Running Vector-less Activity Propagation
WARNING: [Power 33-332] Found switching activity that implies high-fanout reset nets being asserted for excessive periods of time which may result in inaccurate power analysis.
Resolution: To review and fix problems, please run Power Constraints Advisor in the GUI from Tools > Power Constraints Advisor or run report_power with the -advisory option to generate a text report.
110 Infos, 116 Warnings, 100 Critical Warnings and 0 Errors encountered.
report_power completed successfully
report_power: Time (s): cpu = 00:00:08 ; elapsed = 00:00:06 . Memory (MB): peak = 2069.137 ; gain = 0.141
INFO: [runtcl-4] Executing : report_route_status -file design_1_wrapper_route_status.rpt -pb design_1_wrapper_route_status.pb
INFO: [runtcl-4] Executing : report_timing_summary -max_paths 10 -file design_1_wrapper_timing_summary_routed.rpt -pb design_1_wrapper_timing_summary_routed.pb -rpx design_1_wrapper_timing_summary_routed.rpx -warn_on_violation 
INFO: [Timing 38-91] UpdateTimingParams: Speed grade: -1, Delay Type: min_max.
INFO: [Timing 38-191] Multithreading enabled for timing update using a maximum of 2 CPUs
INFO: [runtcl-4] Executing : report_incremental_reuse -file design_1_wrapper_incremental_reuse_routed.rpt
INFO: [Vivado_Tcl 4-1062] Incremental flow is disabled. No incremental reuse Info to report.
INFO: [runtcl-4] Executing : report_clock_utilization -file design_1_wrapper_clock_utilization_routed.rpt
INFO: [runtcl-4] Executing : report_bus_skew -warn_on_violation -file design_1_wrapper_bus_skew_routed.rpt -pb design_1_wrapper_bus_skew_routed.pb -rpx design_1_wrapper_bus_skew_routed.rpx
INFO: [Timing 38-91] UpdateTimingParams: Speed grade: -1, Delay Type: min_max.
INFO: [Timing 38-191] Multithreading enabled for timing update using a maximum of 2 CPUs
INFO: [Common 17-206] Exiting Vivado at Wed Aug  5 09:50:26 2026...

*** Running vivado
    with args -log design_1_wrapper.vdi -applog -m64 -product Vivado -messageDb vivado.pb -mode batch -source design_1_wrapper.tcl -notrace



****** Vivado v2020.1 (64-bit)
  **** SW Build 2902540 on Wed May 27 19:54:49 MDT 2020
  **** IP Build 2902112 on Wed May 27 22:43:36 MDT 2020
    ** Copyright 1986-2020 Xilinx, Inc. All Rights Reserved.

source design_1_wrapper.tcl -notrace
Command: open_checkpoint design_1_wrapper_routed.dcp

Starting open_checkpoint Task

Time (s): cpu = 00:00:00 ; elapsed = 00:00:00.099 . Memory (MB): peak = 1071.934 ; gain = 0.000
INFO: [Device 21-403] Loading part xc7z020clg484-1
Netlist sorting complete. Time (s): cpu = 00:00:01 ; elapsed = 00:00:00.677 . Memory (MB): peak = 1071.934 ; gain = 0.000
INFO: [Netlist 29-17] Analyzing 263 Unisim elements for replacement
INFO: [Netlist 29-28] Unisim Transformation completed in 0 CPU seconds
INFO: [Project 1-479] Netlist was created with Vivado 2020.1
INFO: [Project 1-570] Preparing netlist for logic optimization
INFO: [Timing 38-478] Restoring timing data from binary archive.
INFO: [Timing 38-479] Binary timing data restore complete.
INFO: [Project 1-856] Restoring constraints from binary archive.
INFO: [Project 1-853] Binary constraint restore complete.
Reading XDEF placement.
Reading placer database...
Reading XDEF routing.
Read XDEF File: Time (s): cpu = 00:00:03 ; elapsed = 00:00:03 . Memory (MB): peak = 1535.387 ; gain = 3.008
Restored from archive | CPU: 3.000000 secs | Memory: 0.000000 MB |
Finished XDEF File Restore: Time (s): cpu = 00:00:03 ; elapsed = 00:00:03 . Memory (MB): peak = 1535.387 ; gain = 3.008
Netlist sorting complete. Time (s): cpu = 00:00:00 ; elapsed = 00:00:00.007 . Memory (MB): peak = 1535.387 ; gain = 0.000
INFO: [Project 1-111] Unisim Transformation Summary:
  A total of 29 instances were transformed.
  RAM32M => RAM32M (RAMD32(x6), RAMS32(x2)): 28 instances
  RAM32X1D => RAM32X1D (RAMD32(x2)): 1 instance 

INFO: [Project 1-604] Checkpoint was created with Vivado v2020.1 (64-bit) build 2902540
open_checkpoint: Time (s): cpu = 00:00:49 ; elapsed = 00:01:00 . Memory (MB): peak = 1535.387 ; gain = 463.453
INFO: [Memdata 28-167] Found XPM memory block design_1_i/smartconnect_0/inst/s00_nodes/s00_w_node/inst/inst_mi_handler/gen_normal_area.inst_fifo_node_payld/gen_xpm_memory_fifo.inst_fifo/gen_mem_rep[0].inst_xpm_memory/xpm_memory_base_inst with a P_MEMORY_PRIMITIVE property set to distributed. A value of block is required. You will not be able to use the updatemem program to update the bitstream with new data for the design_1_i/smartconnect_0/inst/s00_nodes/s00_w_node/inst/inst_mi_handler/gen_normal_area.inst_fifo_node_payld/gen_xpm_memory_fifo.inst_fifo/gen_mem_rep[0].inst_xpm_memory/xpm_memory_base_inst block.
INFO: [Memdata 28-167] Found XPM memory block design_1_i/smartconnect_0/inst/s00_nodes/s00_b_node/inst/inst_mi_handler/gen_normal_area.inst_fifo_node_payld/gen_xpm_memory_fifo.inst_fifo/gen_mem_rep[0].inst_xpm_memory/xpm_memory_base_inst with a P_MEMORY_PRIMITIVE property set to distributed. A value of block is required. You will not be able to use the updatemem program to update the bitstream with new data for the design_1_i/smartconnect_0/inst/s00_nodes/s00_b_node/inst/inst_mi_handler/gen_normal_area.inst_fifo_node_payld/gen_xpm_memory_fifo.inst_fifo/gen_mem_rep[0].inst_xpm_memory/xpm_memory_base_inst block.
INFO: [Memdata 28-167] Found XPM memory block design_1_i/smartconnect_0/inst/s00_nodes/s00_aw_node/inst/inst_mi_handler/gen_normal_area.inst_fifo_node_payld/gen_xpm_memory_fifo.inst_fifo/gen_mem_rep[0].inst_xpm_memory/xpm_memory_base_inst with a P_MEMORY_PRIMITIVE property set to distributed. A value of block is required. You will not be able to use the updatemem program to update the bitstream with new data for the design_1_i/smartconnect_0/inst/s00_nodes/s00_aw_node/inst/inst_mi_handler/gen_normal_area.inst_fifo_node_payld/gen_xpm_memory_fifo.inst_fifo/gen_mem_rep[0].inst_xpm_memory/xpm_memory_base_inst block.
INFO: [Memdata 28-167] Found XPM memory block design_1_i/axi_dma_0/U0/I_PRMRY_DATAMOVER/GEN_S2MM_FULL.I_S2MM_FULL_WRAPPER/GEN_ENABLE_INDET_BTT_SF.I_INDET_BTT/I_XD_FIFO/NON_BLK_MEM.I_SYNC_FIFOGEN_FIFO/xpm_fifo_instance.xpm_fifo_sync_inst/xpm_fifo_base_inst/gen_sdpram.xpm_memory_base_inst with a P_MEMORY_PRIMITIVE property set to auto. A value of block is required. You will not be able to use the updatemem program to update the bitstream with new data for the design_1_i/axi_dma_0/U0/I_PRMRY_DATAMOVER/GEN_S2MM_FULL.I_S2MM_FULL_WRAPPER/GEN_ENABLE_INDET_BTT_SF.I_INDET_BTT/I_XD_FIFO/NON_BLK_MEM.I_SYNC_FIFOGEN_FIFO/xpm_fifo_instance.xpm_fifo_sync_inst/xpm_fifo_base_inst/gen_sdpram.xpm_memory_base_inst block.
INFO: [Memdata 28-208] The XPM instance: <design_1_i/axi_dma_0/U0/I_PRMRY_DATAMOVER/GEN_S2MM_FULL.I_S2MM_FULL_WRAPPER/GEN_ENABLE_INDET_BTT_SF.I_INDET_BTT/I_DATA_FIFO/BLK_MEM.I_SYNC_FIFOGEN_FIFO/xpm_fifo_instance.xpm_fifo_sync_inst/xpm_fifo_base_inst/gen_sdpram.xpm_memory_base_inst> is part of IP: <design_1_i/axi_dma_0>. This XPM instance will be excluded from the .mmi because updatemem is prohibited from making changes to an XPM that is part of an IP.
INFO: [Memdata 28-208] The XPM instance: <design_1_i/axi_dma_0/U0/I_PRMRY_DATAMOVER/GEN_MM2S_FULL.I_MM2S_FULL_WRAPPER/GEN_INCLUDE_MM2S_SF.I_RD_SF/I_DATA_FIFO/BLK_MEM.I_SYNC_FIFOGEN_FIFO/xpm_fifo_instance.xpm_fifo_sync_inst/xpm_fifo_base_inst/gen_sdpram.xpm_memory_base_inst> is part of IP: <design_1_i/axi_dma_0>. This XPM instance will be excluded from the .mmi because updatemem is prohibited from making changes to an XPM that is part of an IP.
Command: write_bitstream -force design_1_wrapper.bit
Attempting to get a license for feature 'Implementation' and/or device 'xc7z020'
INFO: [Common 17-349] Got license for feature 'Implementation' and/or device 'xc7z020'
Running DRC as a precondition to command write_bitstream
INFO: [IP_Flow 19-234] Refreshing IP repositories
INFO: [IP_Flow 19-1704] No user IP repositories specified
INFO: [IP_Flow 19-2313] Loaded Vivado IP repository 'C:/Xilinx/Vivado/2020.1/data/ip'.
INFO: [DRC 23-27] Running DRC with 2 threads
WARNING: [DRC DPOP-1] PREG Output pipelining: DSP design_1_i/axis_nn_0/inst/nn_0/dut/pe10/y_out_i output design_1_i/axis_nn_0/inst/nn_0/dut/pe10/y_out_i/P[47:0] is not pipelined (PREG=0). Pipelining the DSP48 output will improve performance and often saves power so it is suggested whenever possible to fully pipeline this function.  If this DSP48 function was inferred, it is suggested to describe an additional register stage after this function.  If the DSP48 was instantiated in the design, it is suggested to set the PREG attribute to 1.
WARNING: [DRC DPOP-1] PREG Output pipelining: DSP design_1_i/axis_nn_0/inst/nn_0/dut/pe11/y_out_i output design_1_i/axis_nn_0/inst/nn_0/dut/pe11/y_out_i/P[47:0] is not pipelined (PREG=0). Pipelining the DSP48 output will improve performance and often saves power so it is suggested whenever possible to fully pipeline this function.  If this DSP48 function was inferred, it is suggested to describe an additional register stage after this function.  If the DSP48 was instantiated in the design, it is suggested to set the PREG attribute to 1.
WARNING: [DRC DPOP-1] PREG Output pipelining: DSP design_1_i/axis_nn_0/inst/nn_0/dut/pe12/y_out_i output design_1_i/axis_nn_0/inst/nn_0/dut/pe12/y_out_i/P[47:0] is not pipelined (PREG=0). Pipelining the DSP48 output will improve performance and often saves power so it is suggested whenever possible to fully pipeline this function.  If this DSP48 function was inferred, it is suggested to describe an additional register stage after this function.  If the DSP48 was instantiated in the design, it is suggested to set the PREG attribute to 1.
WARNING: [DRC DPOP-1] PREG Output pipelining: DSP design_1_i/axis_nn_0/inst/nn_0/dut/pe13/y_out_i output design_1_i/axis_nn_0/inst/nn_0/dut/pe13/y_out_i/P[47:0] is not pipelined (PREG=0). Pipelining the DSP48 output will improve performance and often saves power so it is suggested whenever possible to fully pipeline this function.  If this DSP48 function was inferred, it is suggested to describe an additional register stage after this function.  If the DSP48 was instantiated in the design, it is suggested to set the PREG attribute to 1.
WARNING: [DRC DPOP-1] PREG Output pipelining: DSP design_1_i/axis_nn_0/inst/nn_0/dut/pe20/y_out_i output design_1_i/axis_nn_0/inst/nn_0/dut/pe20/y_out_i/P[47:0] is not pipelined (PREG=0). Pipelining the DSP48 output will improve performance and often saves power so it is suggested whenever possible to fully pipeline this function.  If this DSP48 function was inferred, it is suggested to describe an additional register stage after this function.  If the DSP48 was instantiated in the design, it is suggested to set the PREG attribute to 1.
WARNING: [DRC DPOP-1] PREG Output pipelining: DSP design_1_i/axis_nn_0/inst/nn_0/dut/pe21/y_out_i output design_1_i/axis_nn_0/inst/nn_0/dut/pe21/y_out_i/P[47:0] is not pipelined (PREG=0). Pipelining the DSP48 output will improve performance and often saves power so it is suggested whenever possible to fully pipeline this function.  If this DSP48 function was inferred, it is suggested to describe an additional register stage after this function.  If the DSP48 was instantiated in the design, it is suggested to set the PREG attribute to 1.
WARNING: [DRC DPOP-1] PREG Output pipelining: DSP design_1_i/axis_nn_0/inst/nn_0/dut/pe22/y_out_i output design_1_i/axis_nn_0/inst/nn_0/dut/pe22/y_out_i/P[47:0] is not pipelined (PREG=0). Pipelining the DSP48 output will improve performance and often saves power so it is suggested whenever possible to fully pipeline this function.  If this DSP48 function was inferred, it is suggested to describe an additional register stage after this function.  If the DSP48 was instantiated in the design, it is suggested to set the PREG attribute to 1.
WARNING: [DRC DPOP-1] PREG Output pipelining: DSP design_1_i/axis_nn_0/inst/nn_0/dut/pe23/y_out_i output design_1_i/axis_nn_0/inst/nn_0/dut/pe23/y_out_i/P[47:0] is not pipelined (PREG=0). Pipelining the DSP48 output will improve performance and often saves power so it is suggested whenever possible to fully pipeline this function.  If this DSP48 function was inferred, it is suggested to describe an additional register stage after this function.  If the DSP48 was instantiated in the design, it is suggested to set the PREG attribute to 1.
WARNING: [DRC DPOP-1] PREG Output pipelining: DSP design_1_i/axis_nn_0/inst/nn_0/dut/pe30/y_out_i output design_1_i/axis_nn_0/inst/nn_0/dut/pe30/y_out_i/P[47:0] is not pipelined (PREG=0). Pipelining the DSP48 output will improve performance and often saves power so it is suggested whenever possible to fully pipeline this function.  If this DSP48 function was inferred, it is suggested to describe an additional register stage after this function.  If the DSP48 was instantiated in the design, it is suggested to set the PREG attribute to 1.
WARNING: [DRC DPOP-1] PREG Output pipelining: DSP design_1_i/axis_nn_0/inst/nn_0/dut/pe31/y_out_i output design_1_i/axis_nn_0/inst/nn_0/dut/pe31/y_out_i/P[47:0] is not pipelined (PREG=0). Pipelining the DSP48 output will improve performance and often saves power so it is suggested whenever possible to fully pipeline this function.  If this DSP48 function was inferred, it is suggested to describe an additional register stage after this function.  If the DSP48 was instantiated in the design, it is suggested to set the PREG attribute to 1.
WARNING: [DRC DPOP-1] PREG Output pipelining: DSP design_1_i/axis_nn_0/inst/nn_0/dut/pe32/y_out_i output design_1_i/axis_nn_0/inst/nn_0/dut/pe32/y_out_i/P[47:0] is not pipelined (PREG=0). Pipelining the DSP48 output will improve performance and often saves power so it is suggested whenever possible to fully pipeline this function.  If this DSP48 function was inferred, it is suggested to describe an additional register stage after this function.  If the DSP48 was instantiated in the design, it is suggested to set the PREG attribute to 1.
WARNING: [DRC DPOP-1] PREG Output pipelining: DSP design_1_i/axis_nn_0/inst/nn_0/dut/pe33/y_out_i output design_1_i/axis_nn_0/inst/nn_0/dut/pe33/y_out_i/P[47:0] is not pipelined (PREG=0). Pipelining the DSP48 output will improve performance and often saves power so it is suggested whenever possible to fully pipeline this function.  If this DSP48 function was inferred, it is suggested to describe an additional register stage after this function.  If the DSP48 was instantiated in the design, it is suggested to set the PREG attribute to 1.
WARNING: [DRC DPOP-2] MREG Output pipelining: DSP design_1_i/axis_nn_0/inst/nn_0/dut/pe00/y_out_i multiplier stage design_1_i/axis_nn_0/inst/nn_0/dut/pe00/y_out_i/P[47:0] is not pipelined (MREG=0). Pipelining the multiplier function will improve performance and will save significant power so it is suggested whenever possible to fully pipeline this function.  If this multiplier was inferred, it is suggested to describe an additional register stage after this function.  If there is no registered adder/accumulator following the multiply function, two pipeline stages are suggested to allow both the MREG and PREG registers to be used.  If the DSP48 was instantiated in the design, it is suggested to set both the MREG and PREG attributes to 1 when performing multiply functions.
WARNING: [DRC DPOP-2] MREG Output pipelining: DSP design_1_i/axis_nn_0/inst/nn_0/dut/pe01/y_out_i multiplier stage design_1_i/axis_nn_0/inst/nn_0/dut/pe01/y_out_i/P[47:0] is not pipelined (MREG=0). Pipelining the multiplier function will improve performance and will save significant power so it is suggested whenever possible to fully pipeline this function.  If this multiplier was inferred, it is suggested to describe an additional register stage after this function.  If there is no registered adder/accumulator following the multiply function, two pipeline stages are suggested to allow both the MREG and PREG registers to be used.  If the DSP48 was instantiated in the design, it is suggested to set both the MREG and PREG attributes to 1 when performing multiply functions.
WARNING: [DRC DPOP-2] MREG Output pipelining: DSP design_1_i/axis_nn_0/inst/nn_0/dut/pe02/y_out_i multiplier stage design_1_i/axis_nn_0/inst/nn_0/dut/pe02/y_out_i/P[47:0] is not pipelined (MREG=0). Pipelining the multiplier function will improve performance and will save significant power so it is suggested whenever possible to fully pipeline this function.  If this multiplier was inferred, it is suggested to describe an additional register stage after this function.  If there is no registered adder/accumulator following the multiply function, two pipeline stages are suggested to allow both the MREG and PREG registers to be used.  If the DSP48 was instantiated in the design, it is suggested to set both the MREG and PREG attributes to 1 when performing multiply functions.
WARNING: [DRC DPOP-2] MREG Output pipelining: DSP design_1_i/axis_nn_0/inst/nn_0/dut/pe03/y_out_i multiplier stage design_1_i/axis_nn_0/inst/nn_0/dut/pe03/y_out_i/P[47:0] is not pipelined (MREG=0). Pipelining the multiplier function will improve performance and will save significant power so it is suggested whenever possible to fully pipeline this function.  If this multiplier was inferred, it is suggested to describe an additional register stage after this function.  If there is no registered adder/accumulator following the multiply function, two pipeline stages are suggested to allow both the MREG and PREG registers to be used.  If the DSP48 was instantiated in the design, it is suggested to set both the MREG and PREG attributes to 1 when performing multiply functions.
WARNING: [DRC DPOP-2] MREG Output pipelining: DSP design_1_i/axis_nn_0/inst/nn_0/dut/pe10/y_out_i multiplier stage design_1_i/axis_nn_0/inst/nn_0/dut/pe10/y_out_i/P[47:0] is not pipelined (MREG=0). Pipelining the multiplier function will improve performance and will save significant power so it is suggested whenever possible to fully pipeline this function.  If this multiplier was inferred, it is suggested to describe an additional register stage after this function.  If there is no registered adder/accumulator following the multiply function, two pipeline stages are suggested to allow both the MREG and PREG registers to be used.  If the DSP48 was instantiated in the design, it is suggested to set both the MREG and PREG attributes to 1 when performing multiply functions.
WARNING: [DRC DPOP-2] MREG Output pipelining: DSP design_1_i/axis_nn_0/inst/nn_0/dut/pe11/y_out_i multiplier stage design_1_i/axis_nn_0/inst/nn_0/dut/pe11/y_out_i/P[47:0] is not pipelined (MREG=0). Pipelining the multiplier function will improve performance and will save significant power so it is suggested whenever possible to fully pipeline this function.  If this multiplier was inferred, it is suggested to describe an additional register stage after this function.  If there is no registered adder/accumulator following the multiply function, two pipeline stages are suggested to allow both the MREG and PREG registers to be used.  If the DSP48 was instantiated in the design, it is suggested to set both the MREG and PREG attributes to 1 when performing multiply functions.
WARNING: [DRC DPOP-2] MREG Output pipelining: DSP design_1_i/axis_nn_0/inst/nn_0/dut/pe12/y_out_i multiplier stage design_1_i/axis_nn_0/inst/nn_0/dut/pe12/y_out_i/P[47:0] is not pipelined (MREG=0). Pipelining the multiplier function will improve performance and will save significant power so it is suggested whenever possible to fully pipeline this function.  If this multiplier was inferred, it is suggested to describe an additional register stage after this function.  If there is no registered adder/accumulator following the multiply function, two pipeline stages are suggested to allow both the MREG and PREG registers to be used.  If the DSP48 was instantiated in the design, it is suggested to set both the MREG and PREG attributes to 1 when performing multiply functions.
WARNING: [DRC DPOP-2] MREG Output pipelining: DSP design_1_i/axis_nn_0/inst/nn_0/dut/pe13/y_out_i multiplier stage design_1_i/axis_nn_0/inst/nn_0/dut/pe13/y_out_i/P[47:0] is not pipelined (MREG=0). Pipelining the multiplier function will improve performance and will save significant power so it is suggested whenever possible to fully pipeline this function.  If this multiplier was inferred, it is suggested to describe an additional register stage after this function.  If there is no registered adder/accumulator following the multiply function, two pipeline stages are suggested to allow both the MREG and PREG registers to be used.  If the DSP48 was instantiated in the design, it is suggested to set both the MREG and PREG attributes to 1 when performing multiply functions.
WARNING: [DRC DPOP-2] MREG Output pipelining: DSP design_1_i/axis_nn_0/inst/nn_0/dut/pe20/y_out_i multiplier stage design_1_i/axis_nn_0/inst/nn_0/dut/pe20/y_out_i/P[47:0] is not pipelined (MREG=0). Pipelining the multiplier function will improve performance and will save significant power so it is suggested whenever possible to fully pipeline this function.  If this multiplier was inferred, it is suggested to describe an additional register stage after this function.  If there is no registered adder/accumulator following the multiply function, two pipeline stages are suggested to allow both the MREG and PREG registers to be used.  If the DSP48 was instantiated in the design, it is suggested to set both the MREG and PREG attributes to 1 when performing multiply functions.
WARNING: [DRC DPOP-2] MREG Output pipelining: DSP design_1_i/axis_nn_0/inst/nn_0/dut/pe21/y_out_i multiplier stage design_1_i/axis_nn_0/inst/nn_0/dut/pe21/y_out_i/P[47:0] is not pipelined (MREG=0). Pipelining the multiplier function will improve performance and will save significant power so it is suggested whenever possible to fully pipeline this function.  If this multiplier was inferred, it is suggested to describe an additional register stage after this function.  If there is no registered adder/accumulator following the multiply function, two pipeline stages are suggested to allow both the MREG and PREG registers to be used.  If the DSP48 was instantiated in the design, it is suggested to set both the MREG and PREG attributes to 1 when performing multiply functions.
WARNING: [DRC DPOP-2] MREG Output pipelining: DSP design_1_i/axis_nn_0/inst/nn_0/dut/pe22/y_out_i multiplier stage design_1_i/axis_nn_0/inst/nn_0/dut/pe22/y_out_i/P[47:0] is not pipelined (MREG=0). Pipelining the multiplier function will improve performance and will save significant power so it is suggested whenever possible to fully pipeline this function.  If this multiplier was inferred, it is suggested to describe an additional register stage after this function.  If there is no registered adder/accumulator following the multiply function, two pipeline stages are suggested to allow both the MREG and PREG registers to be used.  If the DSP48 was instantiated in the design, it is suggested to set both the MREG and PREG attributes to 1 when performing multiply functions.
WARNING: [DRC DPOP-2] MREG Output pipelining: DSP design_1_i/axis_nn_0/inst/nn_0/dut/pe23/y_out_i multiplier stage design_1_i/axis_nn_0/inst/nn_0/dut/pe23/y_out_i/P[47:0] is not pipelined (MREG=0). Pipelining the multiplier function will improve performance and will save significant power so it is suggested whenever possible to fully pipeline this function.  If this multiplier was inferred, it is suggested to describe an additional register stage after this function.  If there is no registered adder/accumulator following the multiply function, two pipeline stages are suggested to allow both the MREG and PREG registers to be used.  If the DSP48 was instantiated in the design, it is suggested to set both the MREG and PREG attributes to 1 when performing multiply functions.
WARNING: [DRC DPOP-2] MREG Output pipelining: DSP design_1_i/axis_nn_0/inst/nn_0/dut/pe30/y_out_i multiplier stage design_1_i/axis_nn_0/inst/nn_0/dut/pe30/y_out_i/P[47:0] is not pipelined (MREG=0). Pipelining the multiplier function will improve performance and will save significant power so it is suggested whenever possible to fully pipeline this function.  If this multiplier was inferred, it is suggested to describe an additional register stage after this function.  If there is no registered adder/accumulator following the multiply function, two pipeline stages are suggested to allow both the MREG and PREG registers to be used.  If the DSP48 was instantiated in the design, it is suggested to set both the MREG and PREG attributes to 1 when performing multiply functions.
WARNING: [DRC DPOP-2] MREG Output pipelining: DSP design_1_i/axis_nn_0/inst/nn_0/dut/pe31/y_out_i multiplier stage design_1_i/axis_nn_0/inst/nn_0/dut/pe31/y_out_i/P[47:0] is not pipelined (MREG=0). Pipelining the multiplier function will improve performance and will save significant power so it is suggested whenever possible to fully pipeline this function.  If this multiplier was inferred, it is suggested to describe an additional register stage after this function.  If there is no registered adder/accumulator following the multiply function, two pipeline stages are suggested to allow both the MREG and PREG registers to be used.  If the DSP48 was instantiated in the design, it is suggested to set both the MREG and PREG attributes to 1 when performing multiply functions.
WARNING: [DRC DPOP-2] MREG Output pipelining: DSP design_1_i/axis_nn_0/inst/nn_0/dut/pe32/y_out_i multiplier stage design_1_i/axis_nn_0/inst/nn_0/dut/pe32/y_out_i/P[47:0] is not pipelined (MREG=0). Pipelining the multiplier function will improve performance and will save significant power so it is suggested whenever possible to fully pipeline this function.  If this multiplier was inferred, it is suggested to describe an additional register stage after this function.  If there is no registered adder/accumulator following the multiply function, two pipeline stages are suggested to allow both the MREG and PREG registers to be used.  If the DSP48 was instantiated in the design, it is suggested to set both the MREG and PREG attributes to 1 when performing multiply functions.
WARNING: [DRC DPOP-2] MREG Output pipelining: DSP design_1_i/axis_nn_0/inst/nn_0/dut/pe33/y_out_i multiplier stage design_1_i/axis_nn_0/inst/nn_0/dut/pe33/y_out_i/P[47:0] is not pipelined (MREG=0). Pipelining the multiplier function will improve performance and will save significant power so it is suggested whenever possible to fully pipeline this function.  If this multiplier was inferred, it is suggested to describe an additional register stage after this function.  If there is no registered adder/accumulator following the multiply function, two pipeline stages are suggested to allow both the MREG and PREG registers to be used.  If the DSP48 was instantiated in the design, it is suggested to set both the MREG and PREG attributes to 1 when performing multiply functions.
WARNING: [DRC REQP-1839] RAMB36 async control check: The RAMB36E1 design_1_i/axi_dma_0/U0/I_PRMRY_DATAMOVER/GEN_MM2S_FULL.I_MM2S_FULL_WRAPPER/GEN_INCLUDE_MM2S_SF.I_RD_SF/I_DATA_FIFO/BLK_MEM.I_SYNC_FIFOGEN_FIFO/xpm_fifo_instance.xpm_fifo_sync_inst/xpm_fifo_base_inst/gen_sdpram.xpm_memory_base_inst/gen_wr_a.gen_word_narrow.mem_reg_0 has an input control pin design_1_i/axi_dma_0/U0/I_PRMRY_DATAMOVER/GEN_MM2S_FULL.I_MM2S_FULL_WRAPPER/GEN_INCLUDE_MM2S_SF.I_RD_SF/I_DATA_FIFO/BLK_MEM.I_SYNC_FIFOGEN_FIFO/xpm_fifo_instance.xpm_fifo_sync_inst/xpm_fifo_base_inst/gen_sdpram.xpm_memory_base_inst/gen_wr_a.gen_word_narrow.mem_reg_0/WEBWE[0] (net: design_1_i/axi_dma_0/U0/I_PRMRY_DATAMOVER/GEN_MM2S_FULL.I_MM2S_FULL_WRAPPER/GEN_INCLUDE_MM2S_SF.I_RD_SF/I_DATA_FIFO/BLK_MEM.I_SYNC_FIFOGEN_FIFO/xpm_fifo_instance.xpm_fifo_sync_inst/xpm_fifo_base_inst/gen_sdpram.xpm_memory_base_inst/wea[0]) which is driven by a register (design_1_i/axi_interconnect_1/s00_couplers/auto_pc/inst/gen_axi4_axi3.axi3_conv_inst/USE_READ.USE_SPLIT_R.read_addr_inst/USE_R_CHANNEL.cmd_queue/inst/fifo_gen_inst/inst_fifo_gen/gconvfifo.rf/grf.rf/gntv_or_sync_fifo.gl0.rd/gr1.gr1_int.rfwft/empty_fwft_i_reg) that has an active asychronous set or reset. This may cause corruption of the memory contents and/or read values when the set/reset is asserted and is not analyzed by the default static timing analysis. It is suggested to eliminate the use of a set/reset to registers driving this RAMB pin or else use a synchronous reset in which the assertion of the reset is timed by default.
WARNING: [DRC REQP-1839] RAMB36 async control check: The RAMB36E1 design_1_i/axi_dma_0/U0/I_PRMRY_DATAMOVER/GEN_MM2S_FULL.I_MM2S_FULL_WRAPPER/GEN_INCLUDE_MM2S_SF.I_RD_SF/I_DATA_FIFO/BLK_MEM.I_SYNC_FIFOGEN_FIFO/xpm_fifo_instance.xpm_fifo_sync_inst/xpm_fifo_base_inst/gen_sdpram.xpm_memory_base_inst/gen_wr_a.gen_word_narrow.mem_reg_0 has an input control pin design_1_i/axi_dma_0/U0/I_PRMRY_DATAMOVER/GEN_MM2S_FULL.I_MM2S_FULL_WRAPPER/GEN_INCLUDE_MM2S_SF.I_RD_SF/I_DATA_FIFO/BLK_MEM.I_SYNC_FIFOGEN_FIFO/xpm_fifo_instance.xpm_fifo_sync_inst/xpm_fifo_base_inst/gen_sdpram.xpm_memory_base_inst/gen_wr_a.gen_word_narrow.mem_reg_0/WEBWE[1] (net: design_1_i/axi_dma_0/U0/I_PRMRY_DATAMOVER/GEN_MM2S_FULL.I_MM2S_FULL_WRAPPER/GEN_INCLUDE_MM2S_SF.I_RD_SF/I_DATA_FIFO/BLK_MEM.I_SYNC_FIFOGEN_FIFO/xpm_fifo_instance.xpm_fifo_sync_inst/xpm_fifo_base_inst/gen_sdpram.xpm_memory_base_inst/wea[0]) which is driven by a register (design_1_i/axi_interconnect_1/s00_couplers/auto_pc/inst/gen_axi4_axi3.axi3_conv_inst/USE_READ.USE_SPLIT_R.read_addr_inst/USE_R_CHANNEL.cmd_queue/inst/fifo_gen_inst/inst_fifo_gen/gconvfifo.rf/grf.rf/gntv_or_sync_fifo.gl0.rd/gr1.gr1_int.rfwft/empty_fwft_i_reg) that has an active asychronous set or reset. This may cause corruption of the memory contents and/or read values when the set/reset is asserted and is not analyzed by the default static timing analysis. It is suggested to eliminate the use of a set/reset to registers driving this RAMB pin or else use a synchronous reset in which the assertion of the reset is timed by default.
WARNING: [DRC REQP-1839] RAMB36 async control check: The RAMB36E1 design_1_i/axi_dma_0/U0/I_PRMRY_DATAMOVER/GEN_MM2S_FULL.I_MM2S_FULL_WRAPPER/GEN_INCLUDE_MM2S_SF.I_RD_SF/I_DATA_FIFO/BLK_MEM.I_SYNC_FIFOGEN_FIFO/xpm_fifo_instance.xpm_fifo_sync_inst/xpm_fifo_base_inst/gen_sdpram.xpm_memory_base_inst/gen_wr_a.gen_word_narrow.mem_reg_0 has an input control pin design_1_i/axi_dma_0/U0/I_PRMRY_DATAMOVER/GEN_MM2S_FULL.I_MM2S_FULL_WRAPPER/GEN_INCLUDE_MM2S_SF.I_RD_SF/I_DATA_FIFO/BLK_MEM.I_SYNC_FIFOGEN_FIFO/xpm_fifo_instance.xpm_fifo_sync_inst/xpm_fifo_base_inst/gen_sdpram.xpm_memory_base_inst/gen_wr_a.gen_word_narrow.mem_reg_0/WEBWE[2] (net: design_1_i/axi_dma_0/U0/I_PRMRY_DATAMOVER/GEN_MM2S_FULL.I_MM2S_FULL_WRAPPER/GEN_INCLUDE_MM2S_SF.I_RD_SF/I_DATA_FIFO/BLK_MEM.I_SYNC_FIFOGEN_FIFO/xpm_fifo_instance.xpm_fifo_sync_inst/xpm_fifo_base_inst/gen_sdpram.xpm_memory_base_inst/wea[0]) which is driven by a register (design_1_i/axi_interconnect_1/s00_couplers/auto_pc/inst/gen_axi4_axi3.axi3_conv_inst/USE_READ.USE_SPLIT_R.read_addr_inst/USE_R_CHANNEL.cmd_queue/inst/fifo_gen_inst/inst_fifo_gen/gconvfifo.rf/grf.rf/gntv_or_sync_fifo.gl0.rd/gr1.gr1_int.rfwft/empty_fwft_i_reg) that has an active asychronous set or reset. This may cause corruption of the memory contents and/or read values when the set/reset is asserted and is not analyzed by the default static timing analysis. It is suggested to eliminate the use of a set/reset to registers driving this RAMB pin or else use a synchronous reset in which the assertion of the reset is timed by default.
WARNING: [DRC REQP-1839] RAMB36 async control check: The RAMB36E1 design_1_i/axi_dma_0/U0/I_PRMRY_DATAMOVER/GEN_MM2S_FULL.I_MM2S_FULL_WRAPPER/GEN_INCLUDE_MM2S_SF.I_RD_SF/I_DATA_FIFO/BLK_MEM.I_SYNC_FIFOGEN_FIFO/xpm_fifo_instance.xpm_fifo_sync_inst/xpm_fifo_base_inst/gen_sdpram.xpm_memory_base_inst/gen_wr_a.gen_word_narrow.mem_reg_0 has an input control pin design_1_i/axi_dma_0/U0/I_PRMRY_DATAMOVER/GEN_MM2S_FULL.I_MM2S_FULL_WRAPPER/GEN_INCLUDE_MM2S_SF.I_RD_SF/I_DATA_FIFO/BLK_MEM.I_SYNC_FIFOGEN_FIFO/xpm_fifo_instance.xpm_fifo_sync_inst/xpm_fifo_base_inst/gen_sdpram.xpm_memory_base_inst/gen_wr_a.gen_word_narrow.mem_reg_0/WEBWE[3] (net: design_1_i/axi_dma_0/U0/I_PRMRY_DATAMOVER/GEN_MM2S_FULL.I_MM2S_FULL_WRAPPER/GEN_INCLUDE_MM2S_SF.I_RD_SF/I_DATA_FIFO/BLK_MEM.I_SYNC_FIFOGEN_FIFO/xpm_fifo_instance.xpm_fifo_sync_inst/xpm_fifo_base_inst/gen_sdpram.xpm_memory_base_inst/wea[0]) which is driven by a register (design_1_i/axi_interconnect_1/s00_couplers/auto_pc/inst/gen_axi4_axi3.axi3_conv_inst/USE_READ.USE_SPLIT_R.read_addr_inst/USE_R_CHANNEL.cmd_queue/inst/fifo_gen_inst/inst_fifo_gen/gconvfifo.rf/grf.rf/gntv_or_sync_fifo.gl0.rd/gr1.gr1_int.rfwft/empty_fwft_i_reg) that has an active asychronous set or reset. This may cause corruption of the memory contents and/or read values when the set/reset is asserted and is not analyzed by the default static timing analysis. It is suggested to eliminate the use of a set/reset to registers driving this RAMB pin or else use a synchronous reset in which the assertion of the reset is timed by default.
WARNING: [DRC REQP-1839] RAMB36 async control check: The RAMB36E1 design_1_i/axi_dma_0/U0/I_PRMRY_DATAMOVER/GEN_MM2S_FULL.I_MM2S_FULL_WRAPPER/GEN_INCLUDE_MM2S_SF.I_RD_SF/I_DATA_FIFO/BLK_MEM.I_SYNC_FIFOGEN_FIFO/xpm_fifo_instance.xpm_fifo_sync_inst/xpm_fifo_base_inst/gen_sdpram.xpm_memory_base_inst/gen_wr_a.gen_word_narrow.mem_reg_0 has an input control pin design_1_i/axi_dma_0/U0/I_PRMRY_DATAMOVER/GEN_MM2S_FULL.I_MM2S_FULL_WRAPPER/GEN_INCLUDE_MM2S_SF.I_RD_SF/I_DATA_FIFO/BLK_MEM.I_SYNC_FIFOGEN_FIFO/xpm_fifo_instance.xpm_fifo_sync_inst/xpm_fifo_base_inst/gen_sdpram.xpm_memory_base_inst/gen_wr_a.gen_word_narrow.mem_reg_0/WEBWE[4] (net: design_1_i/axi_dma_0/U0/I_PRMRY_DATAMOVER/GEN_MM2S_FULL.I_MM2S_FULL_WRAPPER/GEN_INCLUDE_MM2S_SF.I_RD_SF/I_DATA_FIFO/BLK_MEM.I_SYNC_FIFOGEN_FIFO/xpm_fifo_instance.xpm_fifo_sync_inst/xpm_fifo_base_inst/gen_sdpram.xpm_memory_base_inst/wea[0]) which is driven by a register (design_1_i/axi_interconnect_1/s00_couplers/auto_pc/inst/gen_axi4_axi3.axi3_conv_inst/USE_READ.USE_SPLIT_R.read_addr_inst/USE_R_CHANNEL.cmd_queue/inst/fifo_gen_inst/inst_fifo_gen/gconvfifo.rf/grf.rf/gntv_or_sync_fifo.gl0.rd/gr1.gr1_int.rfwft/empty_fwft_i_reg) that has an active asychronous set or reset. This may cause corruption of the memory contents and/or read values when the set/reset is asserted and is not analyzed by the default static timing analysis. It is suggested to eliminate the use of a set/reset to registers driving this RAMB pin or else use a synchronous reset in which the assertion of the reset is timed by default.
WARNING: [DRC REQP-1839] RAMB36 async control check: The RAMB36E1 design_1_i/axi_dma_0/U0/I_PRMRY_DATAMOVER/GEN_MM2S_FULL.I_MM2S_FULL_WRAPPER/GEN_INCLUDE_MM2S_SF.I_RD_SF/I_DATA_FIFO/BLK_MEM.I_SYNC_FIFOGEN_FIFO/xpm_fifo_instance.xpm_fifo_sync_inst/xpm_fifo_base_inst/gen_sdpram.xpm_memory_base_inst/gen_wr_a.gen_word_narrow.mem_reg_0 has an input control pin design_1_i/axi_dma_0/U0/I_PRMRY_DATAMOVER/GEN_MM2S_FULL.I_MM2S_FULL_WRAPPER/GEN_INCLUDE_MM2S_SF.I_RD_SF/I_DATA_FIFO/BLK_MEM.I_SYNC_FIFOGEN_FIFO/xpm_fifo_instance.xpm_fifo_sync_inst/xpm_fifo_base_inst/gen_sdpram.xpm_memory_base_inst/gen_wr_a.gen_word_narrow.mem_reg_0/WEBWE[5] (net: design_1_i/axi_dma_0/U0/I_PRMRY_DATAMOVER/GEN_MM2S_FULL.I_MM2S_FULL_WRAPPER/GEN_INCLUDE_MM2S_SF.I_RD_SF/I_DATA_FIFO/BLK_MEM.I_SYNC_FIFOGEN_FIFO/xpm_fifo_instance.xpm_fifo_sync_inst/xpm_fifo_base_inst/gen_sdpram.xpm_memory_base_inst/wea[0]) which is driven by a register (design_1_i/axi_interconnect_1/s00_couplers/auto_pc/inst/gen_axi4_axi3.axi3_conv_inst/USE_READ.USE_SPLIT_R.read_addr_inst/USE_R_CHANNEL.cmd_queue/inst/fifo_gen_inst/inst_fifo_gen/gconvfifo.rf/grf.rf/gntv_or_sync_fifo.gl0.rd/gr1.gr1_int.rfwft/empty_fwft_i_reg) that has an active asychronous set or reset. This may cause corruption of the memory contents and/or read values when the set/reset is asserted and is not analyzed by the default static timing analysis. It is suggested to eliminate the use of a set/reset to registers driving this RAMB pin or else use a synchronous reset in which the assertion of the reset is timed by default.
WARNING: [DRC REQP-1839] RAMB36 async control check: The RAMB36E1 design_1_i/axi_dma_0/U0/I_PRMRY_DATAMOVER/GEN_MM2S_FULL.I_MM2S_FULL_WRAPPER/GEN_INCLUDE_MM2S_SF.I_RD_SF/I_DATA_FIFO/BLK_MEM.I_SYNC_FIFOGEN_FIFO/xpm_fifo_instance.xpm_fifo_sync_inst/xpm_fifo_base_inst/gen_sdpram.xpm_memory_base_inst/gen_wr_a.gen_word_narrow.mem_reg_0 has an input control pin design_1_i/axi_dma_0/U0/I_PRMRY_DATAMOVER/GEN_MM2S_FULL.I_MM2S_FULL_WRAPPER/GEN_INCLUDE_MM2S_SF.I_RD_SF/I_DATA_FIFO/BLK_MEM.I_SYNC_FIFOGEN_FIFO/xpm_fifo_instance.xpm_fifo_sync_inst/xpm_fifo_base_inst/gen_sdpram.xpm_memory_base_inst/gen_wr_a.gen_word_narrow.mem_reg_0/WEBWE[6] (net: design_1_i/axi_dma_0/U0/I_PRMRY_DATAMOVER/GEN_MM2S_FULL.I_MM2S_FULL_WRAPPER/GEN_INCLUDE_MM2S_SF.I_RD_SF/I_DATA_FIFO/BLK_MEM.I_SYNC_FIFOGEN_FIFO/xpm_fifo_instance.xpm_fifo_sync_inst/xpm_fifo_base_inst/gen_sdpram.xpm_memory_base_inst/wea[0]) which is driven by a register (design_1_i/axi_interconnect_1/s00_couplers/auto_pc/inst/gen_axi4_axi3.axi3_conv_inst/USE_READ.USE_SPLIT_R.read_addr_inst/USE_R_CHANNEL.cmd_queue/inst/fifo_gen_inst/inst_fifo_gen/gconvfifo.rf/grf.rf/gntv_or_sync_fifo.gl0.rd/gr1.gr1_int.rfwft/empty_fwft_i_reg) that has an active asychronous set or reset. This may cause corruption of the memory contents and/or read values when the set/reset is asserted and is not analyzed by the default static timing analysis. It is suggested to eliminate the use of a set/reset to registers driving this RAMB pin or else use a synchronous reset in which the assertion of the reset is timed by default.
WARNING: [DRC REQP-1839] RAMB36 async control check: The RAMB36E1 design_1_i/axi_dma_0/U0/I_PRMRY_DATAMOVER/GEN_MM2S_FULL.I_MM2S_FULL_WRAPPER/GEN_INCLUDE_MM2S_SF.I_RD_SF/I_DATA_FIFO/BLK_MEM.I_SYNC_FIFOGEN_FIFO/xpm_fifo_instance.xpm_fifo_sync_inst/xpm_fifo_base_inst/gen_sdpram.xpm_memory_base_inst/gen_wr_a.gen_word_narrow.mem_reg_0 has an input control pin design_1_i/axi_dma_0/U0/I_PRMRY_DATAMOVER/GEN_MM2S_FULL.I_MM2S_FULL_WRAPPER/GEN_INCLUDE_MM2S_SF.I_RD_SF/I_DATA_FIFO/BLK_MEM.I_SYNC_FIFOGEN_FIFO/xpm_fifo_instance.xpm_fifo_sync_inst/xpm_fifo_base_inst/gen_sdpram.xpm_memory_base_inst/gen_wr_a.gen_word_narrow.mem_reg_0/WEBWE[7] (net: design_1_i/axi_dma_0/U0/I_PRMRY_DATAMOVER/GEN_MM2S_FULL.I_MM2S_FULL_WRAPPER/GEN_INCLUDE_MM2S_SF.I_RD_SF/I_DATA_FIFO/BLK_MEM.I_SYNC_FIFOGEN_FIFO/xpm_fifo_instance.xpm_fifo_sync_inst/xpm_fifo_base_inst/gen_sdpram.xpm_memory_base_inst/wea[0]) which is driven by a register (design_1_i/axi_interconnect_1/s00_couplers/auto_pc/inst/gen_axi4_axi3.axi3_conv_inst/USE_READ.USE_SPLIT_R.read_addr_inst/USE_R_CHANNEL.cmd_queue/inst/fifo_gen_inst/inst_fifo_gen/gconvfifo.rf/grf.rf/gntv_or_sync_fifo.gl0.rd/gr1.gr1_int.rfwft/empty_fwft_i_reg) that has an active asychronous set or reset. This may cause corruption of the memory contents and/or read values when the set/reset is asserted and is not analyzed by the default static timing analysis. It is suggested to eliminate the use of a set/reset to registers driving this RAMB pin or else use a synchronous reset in which the assertion of the reset is timed by default.
WARNING: [DRC REQP-1840] RAMB18 async control check: The RAMB18E1 design_1_i/axi_dma_0/U0/I_PRMRY_DATAMOVER/GEN_MM2S_FULL.I_MM2S_FULL_WRAPPER/GEN_INCLUDE_MM2S_SF.I_RD_SF/I_DATA_FIFO/BLK_MEM.I_SYNC_FIFOGEN_FIFO/xpm_fifo_instance.xpm_fifo_sync_inst/xpm_fifo_base_inst/gen_sdpram.xpm_memory_base_inst/gen_wr_a.gen_word_narrow.mem_reg_1 has an input control pin design_1_i/axi_dma_0/U0/I_PRMRY_DATAMOVER/GEN_MM2S_FULL.I_MM2S_FULL_WRAPPER/GEN_INCLUDE_MM2S_SF.I_RD_SF/I_DATA_FIFO/BLK_MEM.I_SYNC_FIFOGEN_FIFO/xpm_fifo_instance.xpm_fifo_sync_inst/xpm_fifo_base_inst/gen_sdpram.xpm_memory_base_inst/gen_wr_a.gen_word_narrow.mem_reg_1/ENBWREN (net: design_1_i/axi_dma_0/U0/I_PRMRY_DATAMOVER/GEN_MM2S_FULL.I_MM2S_FULL_WRAPPER/GEN_INCLUDE_MM2S_SF.I_RD_SF/I_DATA_FIFO/BLK_MEM.I_SYNC_FIFOGEN_FIFO/xpm_fifo_instance.xpm_fifo_sync_inst/xpm_fifo_base_inst/gen_sdpram.xpm_memory_base_inst/wea[0]) which is driven by a register (design_1_i/axi_interconnect_1/s00_couplers/auto_pc/inst/gen_axi4_axi3.axi3_conv_inst/USE_READ.USE_SPLIT_R.read_addr_inst/USE_R_CHANNEL.cmd_queue/inst/fifo_gen_inst/inst_fifo_gen/gconvfifo.rf/grf.rf/gntv_or_sync_fifo.gl0.rd/gr1.gr1_int.rfwft/empty_fwft_i_reg) that has an active asychronous set or reset. This may cause corruption of the memory contents and/or read values when the set/reset is asserted and is not analyzed by the default static timing analysis. It is suggested to eliminate the use of a set/reset to registers driving this RAMB pin or else use a synchronous reset in which the assertion of the reset is timed by default.
WARNING: [DRC REQP-1840] RAMB18 async control check: The RAMB18E1 design_1_i/axi_dma_0/U0/I_PRMRY_DATAMOVER/GEN_MM2S_FULL.I_MM2S_FULL_WRAPPER/GEN_INCLUDE_MM2S_SF.I_RD_SF/I_DATA_FIFO/BLK_MEM.I_SYNC_FIFOGEN_FIFO/xpm_fifo_instance.xpm_fifo_sync_inst/xpm_fifo_base_inst/gen_sdpram.xpm_memory_base_inst/gen_wr_a.gen_word_narrow.mem_reg_1 has an input control pin design_1_i/axi_dma_0/U0/I_PRMRY_DATAMOVER/GEN_MM2S_FULL.I_MM2S_FULL_WRAPPER/GEN_INCLUDE_MM2S_SF.I_RD_SF/I_DATA_FIFO/BLK_MEM.I_SYNC_FIFOGEN_FIFO/xpm_fifo_instance.xpm_fifo_sync_inst/xpm_fifo_base_inst/gen_sdpram.xpm_memory_base_inst/gen_wr_a.gen_word_narrow.mem_reg_1/WEBWE[0] (net: design_1_i/axi_dma_0/U0/I_PRMRY_DATAMOVER/GEN_MM2S_FULL.I_MM2S_FULL_WRAPPER/GEN_INCLUDE_MM2S_SF.I_RD_SF/I_DATA_FIFO/BLK_MEM.I_SYNC_FIFOGEN_FIFO/xpm_fifo_instance.xpm_fifo_sync_inst/xpm_fifo_base_inst/gen_sdpram.xpm_memory_base_inst/wea[0]) which is driven by a register (design_1_i/axi_interconnect_1/s00_couplers/auto_pc/inst/gen_axi4_axi3.axi3_conv_inst/USE_READ.USE_SPLIT_R.read_addr_inst/USE_R_CHANNEL.cmd_queue/inst/fifo_gen_inst/inst_fifo_gen/gconvfifo.rf/grf.rf/gntv_or_sync_fifo.gl0.rd/gr1.gr1_int.rfwft/empty_fwft_i_reg) that has an active asychronous set or reset. This may cause corruption of the memory contents and/or read values when the set/reset is asserted and is not analyzed by the default static timing analysis. It is suggested to eliminate the use of a set/reset to registers driving this RAMB pin or else use a synchronous reset in which the assertion of the reset is timed by default.
WARNING: [DRC REQP-1840] RAMB18 async control check: The RAMB18E1 design_1_i/axi_dma_0/U0/I_PRMRY_DATAMOVER/GEN_MM2S_FULL.I_MM2S_FULL_WRAPPER/GEN_INCLUDE_MM2S_SF.I_RD_SF/I_DATA_FIFO/BLK_MEM.I_SYNC_FIFOGEN_FIFO/xpm_fifo_instance.xpm_fifo_sync_inst/xpm_fifo_base_inst/gen_sdpram.xpm_memory_base_inst/gen_wr_a.gen_word_narrow.mem_reg_1 has an input control pin design_1_i/axi_dma_0/U0/I_PRMRY_DATAMOVER/GEN_MM2S_FULL.I_MM2S_FULL_WRAPPER/GEN_INCLUDE_MM2S_SF.I_RD_SF/I_DATA_FIFO/BLK_MEM.I_SYNC_FIFOGEN_FIFO/xpm_fifo_instance.xpm_fifo_sync_inst/xpm_fifo_base_inst/gen_sdpram.xpm_memory_base_inst/gen_wr_a.gen_word_narrow.mem_reg_1/WEBWE[1] (net: design_1_i/axi_dma_0/U0/I_PRMRY_DATAMOVER/GEN_MM2S_FULL.I_MM2S_FULL_WRAPPER/GEN_INCLUDE_MM2S_SF.I_RD_SF/I_DATA_FIFO/BLK_MEM.I_SYNC_FIFOGEN_FIFO/xpm_fifo_instance.xpm_fifo_sync_inst/xpm_fifo_base_inst/gen_sdpram.xpm_memory_base_inst/wea[0]) which is driven by a register (design_1_i/axi_interconnect_1/s00_couplers/auto_pc/inst/gen_axi4_axi3.axi3_conv_inst/USE_READ.USE_SPLIT_R.read_addr_inst/USE_R_CHANNEL.cmd_queue/inst/fifo_gen_inst/inst_fifo_gen/gconvfifo.rf/grf.rf/gntv_or_sync_fifo.gl0.rd/gr1.gr1_int.rfwft/empty_fwft_i_reg) that has an active asychronous set or reset. This may cause corruption of the memory contents and/or read values when the set/reset is asserted and is not analyzed by the default static timing analysis. It is suggested to eliminate the use of a set/reset to registers driving this RAMB pin or else use a synchronous reset in which the assertion of the reset is timed by default.
WARNING: [DRC REQP-1840] RAMB18 async control check: The RAMB18E1 design_1_i/axi_dma_0/U0/I_PRMRY_DATAMOVER/GEN_MM2S_FULL.I_MM2S_FULL_WRAPPER/GEN_INCLUDE_MM2S_SF.I_RD_SF/I_DATA_FIFO/BLK_MEM.I_SYNC_FIFOGEN_FIFO/xpm_fifo_instance.xpm_fifo_sync_inst/xpm_fifo_base_inst/gen_sdpram.xpm_memory_base_inst/gen_wr_a.gen_word_narrow.mem_reg_1 has an input control pin design_1_i/axi_dma_0/U0/I_PRMRY_DATAMOVER/GEN_MM2S_FULL.I_MM2S_FULL_WRAPPER/GEN_INCLUDE_MM2S_SF.I_RD_SF/I_DATA_FIFO/BLK_MEM.I_SYNC_FIFOGEN_FIFO/xpm_fifo_instance.xpm_fifo_sync_inst/xpm_fifo_base_inst/gen_sdpram.xpm_memory_base_inst/gen_wr_a.gen_word_narrow.mem_reg_1/WEBWE[2] (net: design_1_i/axi_dma_0/U0/I_PRMRY_DATAMOVER/GEN_MM2S_FULL.I_MM2S_FULL_WRAPPER/GEN_INCLUDE_MM2S_SF.I_RD_SF/I_DATA_FIFO/BLK_MEM.I_SYNC_FIFOGEN_FIFO/xpm_fifo_instance.xpm_fifo_sync_inst/xpm_fifo_base_inst/gen_sdpram.xpm_memory_base_inst/wea[0]) which is driven by a register (design_1_i/axi_interconnect_1/s00_couplers/auto_pc/inst/gen_axi4_axi3.axi3_conv_inst/USE_READ.USE_SPLIT_R.read_addr_inst/USE_R_CHANNEL.cmd_queue/inst/fifo_gen_inst/inst_fifo_gen/gconvfifo.rf/grf.rf/gntv_or_sync_fifo.gl0.rd/gr1.gr1_int.rfwft/empty_fwft_i_reg) that has an active asychronous set or reset. This may cause corruption of the memory contents and/or read values when the set/reset is asserted and is not analyzed by the default static timing analysis. It is suggested to eliminate the use of a set/reset to registers driving this RAMB pin or else use a synchronous reset in which the assertion of the reset is timed by default.
WARNING: [DRC RTSTAT-10] No routable loads: 11 net(s) have no routable loads. The problem bus(es) and/or net(s) are design_1_i/axi_interconnect_1/s00_couplers/auto_pc/inst/gen_axi4_axi3.axi3_conv_inst/USE_READ.USE_SPLIT_R.read_addr_inst/USE_R_CHANNEL.cmd_queue/inst/fifo_gen_inst/inst_fifo_gen/gconvfifo.rf/grf.rf/gntv_or_sync_fifo.gl0.rd/gr1.gr1_int.rfwft/aempty_fwft_i, design_1_i/axi_interconnect_1/s00_couplers/auto_pc/inst/gen_axi4_axi3.axi3_conv_inst/USE_READ.USE_SPLIT_R.read_addr_inst/USE_R_CHANNEL.cmd_queue/inst/fifo_gen_inst/inst_fifo_gen/gconvfifo.rf/grf.rf/gntv_or_sync_fifo.gl0.wr/gwss.wsts/ram_afull_fb, design_1_i/axi_interconnect_1/s00_couplers/auto_pc/inst/gen_axi4_axi3.axi3_conv_inst/USE_READ.USE_SPLIT_R.read_addr_inst/USE_R_CHANNEL.cmd_queue/inst/fifo_gen_inst/inst_fifo_gen/gconvfifo.rf/grf.rf/gntv_or_sync_fifo.gl0.wr/gwss.wsts/ram_afull_i, design_1_i/axi_interconnect_1/s00_couplers/auto_pc/inst/gen_axi4_axi3.axi3_conv_inst/USE_READ.USE_SPLIT_R.read_addr_inst/USE_R_CHANNEL.cmd_queue/inst/fifo_gen_inst/inst_fifo_gen/gconvfifo.rf/grf.rf/gntv_or_sync_fifo.gl0.rd/grss.rsts/ram_empty_i, design_1_i/axi_interconnect_1/s00_couplers/auto_pc/inst/gen_axi4_axi3.axi3_conv_inst/USE_READ.USE_SPLIT_R.read_addr_inst/USE_R_CHANNEL.cmd_queue/inst/fifo_gen_inst/inst_fifo_gen/gconvfifo.rf/grf.rf/rstblk/rd_rst_reg[2:0], design_1_i/axi_interconnect_1/s00_couplers/auto_pc/inst/gen_axi4_axi3.axi3_conv_inst/USE_READ.USE_SPLIT_R.read_addr_inst/USE_R_CHANNEL.cmd_queue/inst/fifo_gen_inst/inst_fifo_gen/gconvfifo.rf/grf.rf/gntv_or_sync_fifo.gl0.rd/gr1.gr1_int.rfwft/user_valid, and design_1_i/axi_interconnect_1/s00_couplers/auto_pc/inst/gen_axi4_axi3.axi3_conv_inst/USE_READ.USE_SPLIT_R.read_addr_inst/USE_R_CHANNEL.cmd_queue/inst/fifo_gen_inst/inst_fifo_gen/gconvfifo.rf/grf.rf/rstblk/wr_rst_reg[2:0].
INFO: [DRC REQP-165] writefirst: Synchronous clocking is detected for BRAM (design_1_i/axi_dma_0/U0/I_PRMRY_DATAMOVER/GEN_MM2S_FULL.I_MM2S_FULL_WRAPPER/GEN_INCLUDE_MM2S_SF.I_RD_SF/I_DATA_FIFO/BLK_MEM.I_SYNC_FIFOGEN_FIFO/xpm_fifo_instance.xpm_fifo_sync_inst/xpm_fifo_base_inst/gen_sdpram.xpm_memory_base_inst/gen_wr_a.gen_word_narrow.mem_reg_1) in SDP mode with WRITE_FIRST write-mode. This is the preferred mode for best power characteristics, however it may exhibit address collisions if the same address appears on both read and write ports resulting in unknown or corrupted read data. It is suggested to confirm via simulation that an address collision never occurs and if so it is suggested to try and avoid this situation. If address collisions cannot be avoided, the write-mode may be set to READ_FIRST which guarantees that the read data is the prior contents of the memory at the cost of additional power in the design. See the FPGA Memory Resources User Guide for additional information.
INFO: [DRC REQP-165] writefirst: Synchronous clocking is detected for BRAM (design_1_i/axi_dma_0/U0/I_PRMRY_DATAMOVER/GEN_S2MM_FULL.I_S2MM_FULL_WRAPPER/GEN_ENABLE_INDET_BTT_SF.I_INDET_BTT/I_DATA_FIFO/BLK_MEM.I_SYNC_FIFOGEN_FIFO/xpm_fifo_instance.xpm_fifo_sync_inst/xpm_fifo_base_inst/gen_sdpram.xpm_memory_base_inst/gen_wr_a.gen_word_narrow.mem_reg_1) in SDP mode with WRITE_FIRST write-mode. This is the preferred mode for best power characteristics, however it may exhibit address collisions if the same address appears on both read and write ports resulting in unknown or corrupted read data. It is suggested to confirm via simulation that an address collision never occurs and if so it is suggested to try and avoid this situation. If address collisions cannot be avoided, the write-mode may be set to READ_FIRST which guarantees that the read data is the prior contents of the memory at the cost of additional power in the design. See the FPGA Memory Resources User Guide for additional information.
INFO: [DRC REQP-181] writefirst: Synchronous clocking is detected for BRAM (design_1_i/axi_dma_0/U0/I_PRMRY_DATAMOVER/GEN_MM2S_FULL.I_MM2S_FULL_WRAPPER/GEN_INCLUDE_MM2S_SF.I_RD_SF/I_DATA_FIFO/BLK_MEM.I_SYNC_FIFOGEN_FIFO/xpm_fifo_instance.xpm_fifo_sync_inst/xpm_fifo_base_inst/gen_sdpram.xpm_memory_base_inst/gen_wr_a.gen_word_narrow.mem_reg_0) in SDP mode with WRITE_FIRST write-mode. This is the preferred mode for best power characteristics, however it may exhibit address collisions if the same address appears on both read and write ports resulting in unknown or corrupted read data. It is suggested to confirm via simulation that an address collision never occurs and if so it is suggested to try and avoid this situation. If address collisions cannot be avoided, the write-mode may be set to READ_FIRST which guarantees that the read data is the prior contents of the memory at the cost of additional power in the design. See the FPGA Memory Resources User Guide for additional information.
INFO: [DRC REQP-181] writefirst: Synchronous clocking is detected for BRAM (design_1_i/axi_dma_0/U0/I_PRMRY_DATAMOVER/GEN_S2MM_FULL.I_S2MM_FULL_WRAPPER/GEN_ENABLE_INDET_BTT_SF.I_INDET_BTT/I_DATA_FIFO/BLK_MEM.I_SYNC_FIFOGEN_FIFO/xpm_fifo_instance.xpm_fifo_sync_inst/xpm_fifo_base_inst/gen_sdpram.xpm_memory_base_inst/gen_wr_a.gen_word_narrow.mem_reg_0) in SDP mode with WRITE_FIRST write-mode. This is the preferred mode for best power characteristics, however it may exhibit address collisions if the same address appears on both read and write ports resulting in unknown or corrupted read data. It is suggested to confirm via simulation that an address collision never occurs and if so it is suggested to try and avoid this situation. If address collisions cannot be avoided, the write-mode may be set to READ_FIRST which guarantees that the read data is the prior contents of the memory at the cost of additional power in the design. See the FPGA Memory Resources User Guide for additional information.
INFO: [Vivado 12-3199] DRC finished with 0 Errors, 41 Warnings, 4 Advisories
INFO: [Vivado 12-3200] Please refer to the DRC report (report_drc) for more information.
INFO: [Designutils 20-2272] Running write_bitstream with 2 threads.
Loading data files...
Loading site data...
Loading route data...
Processing options...
Creating bitmap...
Creating bitstream...
Writing bitstream ./design_1_wrapper.bit...
INFO: [Vivado 12-1842] Bitgen Completed Successfully.
INFO: [Project 1-120] WebTalk data collection is mandatory when using a WebPACK part without a full Vivado license. To see the specific WebTalk data collected for your design, open the usage_statistics_webtalk.html or usage_statistics_webtalk.xml file in the implementation directory.
INFO: [Common 17-83] Releasing license: Implementation
32 Infos, 41 Warnings, 0 Critical Warnings and 0 Errors encountered.
write_bitstream completed successfully
write_bitstream: Time (s): cpu = 00:00:52 ; elapsed = 00:00:58 . Memory (MB): peak = 2044.934 ; gain = 498.480
INFO: [Common 17-206] Exiting Vivado at Wed Aug  5 09:54:48 2026...
